,0
4049,0.05591940652967909
12618,0.05456193340157463
29735,0.05421189426462992
16167,0.05290082273485941
7717,0.052497685701150244
2647,0.05160959729726901
8334,0.0515865136579214
7278,0.05130273714990879
1561,0.05061181649702561
11123,0.050068729062769414
11611,0.04876221291591403
9738,0.04863758243868177
989,0.0485029447540636
32303,0.04842593200317078
19049,0.047470672064617525
6847,0.04738276496486039
6393,0.04714799856353559
21208,0.04652918231688947
6608,0.04648792018755146
4169,0.04605464815542608
7614,0.04603459749701666
8642,0.045715562388447865
2881,0.04550223802843314
9812,0.044800412388596667
34982,0.04469408923558219
17183,0.04439705362802978
33874,0.04427809277718496
410,0.04402199582782591
12239,0.0439405189350535
6027,0.043745295545195684
500,0.0437442950934116
946,0.043667943735109224
6470,0.043576114215691936
3612,0.043227257642285036
5248,0.0431015752551331
10205,0.04301542697903677
7206,0.042955637227583866
17171,0.04286934506907913
11741,0.04284382387533747
11837,0.04267803439930041
7274,0.04256448694488197
9498,0.04236509857947776
6238,0.042161384625597854
6778,0.0419634546453833
658,0.041928985193982984
1688,0.04190881182186021
2557,0.041855622335568284
7487,0.04150652211677819
348,0.04147545318873935
29699,0.04145756874497814
14018,0.041445462013786655
6460,0.04139384455495081
2374,0.04124442530403734
2462,0.04115619060925928
6862,0.041060245057818474
14530,0.04104155110590857
8786,0.04099893475872181
4074,0.04088138750702326
36464,0.04072794988147848
16336,0.04071431576245062
3268,0.04069491680917254
12394,0.04067493169569727
9062,0.04039571073801733
607,0.040325019857094024
14553,0.040254616546361956
6868,0.0402310750893253
1970,0.040164173500374135
4468,0.040143219090230026
38468,0.04014248226437354
1010,0.040117714242684496
1025,0.04003864890005062
2074,0.03998949507962814
12303,0.039842133918722
13371,0.03968904185076664
10271,0.03953172069491427
2643,0.03944829460547338
3193,0.03929151079641727
28503,0.039276343305126915
3850,0.03918546985181424
40684,0.039176730506059354
9153,0.03917398974850957
28696,0.038984083227499675
38847,0.038963401126458824
4112,0.03894303137519764
16027,0.038938159709221806
8220,0.03890237148806295
3825,0.038894312557772454
575,0.03888893914274274
11955,0.038863753362462776
8994,0.03882751739735773
13433,0.03876393280950908
22591,0.038663019102449445
6408,0.038569135994683375
11360,0.03847164472642953
961,0.0383586163070041
10866,0.0383383244097787
15014,0.03825332852275438
15245,0.0382313468902479
4073,0.03818209101320073
3784,0.038174140875284056
14514,0.03799806953378243
3062,0.0379952613786029
3343,0.037878390463966745
39795,0.03775715737356127
19383,0.03768318561115885
12263,0.037655641234251115
4840,0.037606461571835115
8446,0.03758396803206396
16315,0.037555083862334464
3342,0.03752649061034226
14340,0.03740081464375835
733,0.03738665015975703
7444,0.0373754859915529
9533,0.03736816537190294
6130,0.03736789443325151
18952,0.03710102464411287
12219,0.037085132452881094
5114,0.03708439575443226
7393,0.037077666842268306
8608,0.0370033544147855
10358,0.03688119191327284
12701,0.03686496460853983
1605,0.03671989481323022
1193,0.03669239207883041
16875,0.03666935869913685
14367,0.03665575703372035
2352,0.03664953053522742
7538,0.036533542698806515
19055,0.03650979036262421
9800,0.03650076913076
5375,0.03648340499369704
35075,0.03631098309750321
13215,0.03628119176456579
6893,0.03623961248120461
3344,0.03601658818675363
27868,0.035939768400549355
11019,0.03593670244287379
16660,0.035929854285235374
22726,0.03587206200197345
6550,0.03585043896289407
6235,0.03560188836434758
16924,0.03559813206807743
25967,0.0355886013080798
12500,0.035546515209678005
9994,0.035461971116881735
7163,0.03545497529873493
11211,0.03545167092703445
21713,0.035434223377655075
15629,0.035305679509528946
40836,0.03521563173884707
6821,0.035109041817497265
23214,0.03485204872175233
4522,0.034790410710818315
16361,0.03476137633963467
39272,0.034689771740019894
33990,0.03465967942797044
26056,0.034651016188081724
8607,0.03461475846388737
15477,0.034571854779251183
7947,0.034547403670263294
14888,0.03450378593214306
13994,0.03449991097892253
13276,0.03447007744251672
8396,0.03444547115636252
15736,0.03442791935732829
4449,0.03435991931607374
15133,0.03429506993995581
5686,0.03424058233551824
17172,0.0341790622088631
6916,0.03417045279956622
16601,0.03416553413511029
8082,0.034157859485180624
5414,0.034076413721395485
3932,0.03406009440422322
37427,0.03402827161097055
11907,0.03400849548515123
4140,0.03388964277096807
31227,0.03386316647496871
15160,0.0337441733650201
1948,0.03366037194305693
32622,0.03365675730337863
14426,0.033628894331806984
4466,0.03356875610419209
17057,0.03350566173170642
8038,0.033470307990730815
5050,0.03336810328750602
20577,0.033325826004126646
1946,0.03332411923415976
38370,0.033295183748690615
6977,0.03327199168377346
26764,0.03321608645551218
12005,0.033162964961118965
15179,0.03310119216647094
876,0.03309831585123365
12413,0.03305952785930171
276,0.03303225113093996
36715,0.03302306196995217
10197,0.03300661792189418
15472,0.03299674517381612
12155,0.03297992082464495
15601,0.032801112129454704
25571,0.032797302264603936
4576,0.03275605019353419
1823,0.03266987272621509
5088,0.03264970783842107
11482,0.032571175290786736
29558,0.03244546847835438
35108,0.032425312403195794
16413,0.03239672830478782
29247,0.032361354261631226
16376,0.032336313472356465
26424,0.03232150788275456
36255,0.032224403480827404
38561,0.03213551707587143
41732,0.032109899212447
15800,0.032072839854458086
1469,0.03206176741716489
25285,0.03194689804665812
5299,0.03187794654566841
2067,0.03183981544561285
13220,0.03176296402422803
10060,0.031517521295251164
11386,0.03147349058777726
20579,0.03144836812461039
12326,0.031439202470047896
2422,0.03138756243547211
28779,0.03137008242985086
398,0.03136693894378134
651,0.03135559934723814
1411,0.031344769239905104
8259,0.031341039991702464
4951,0.031324614808354856
648,0.03126996858744835
28057,0.03125723646043191
1303,0.03124485704462539
4842,0.03120533116119158
3391,0.03117865981127956
7652,0.03111910400493911
802,0.030957293910718765
36860,0.030935820697921813
4480,0.030910367757527996
8051,0.030895545648652135
401,0.0308511967294614
7655,0.03078589125305232
13306,0.030784164240096317
20942,0.030779333965979868
11435,0.030775802376553113
8742,0.03076534735086529
5715,0.030729094842981173
17637,0.030704017905308776
7724,0.030678483734839026
816,0.030672868541362176
6256,0.03067114909135382
7136,0.030669384902520223
1960,0.030660318125794315
4702,0.0306102412694024
4791,0.030562676325918935
284,0.03053419990178178
11291,0.03049072472293009
9682,0.030490151491662874
1121,0.030446102828986705
4047,0.03037456312674073
4132,0.030341750565958253
28156,0.03032223565191677
6962,0.03031867030964386
135,0.030234015676492976
5642,0.030189968659072787
12052,0.030177063633337886
1513,0.030162519735589588
16350,0.03013423631767659
27890,0.03013321192544169
9963,0.030090003316416633
56,0.030086495482416282
4415,0.03008354709908262
27981,0.030038012030298558
7726,0.030027125581914234
6533,0.030025023021098152
28311,0.030014945792120017
24835,0.02997988208172178
41893,0.029886733013250816
115,0.0297940410003647
3253,0.02978761345940618
3621,0.029775999798696915
7597,0.029769592534286488
23222,0.02975725581699401
5563,0.029649998206546617
14050,0.029579931211934998
42714,0.02957489549264389
13937,0.02954425570427882
13771,0.029521149395352185
27864,0.029508309856852283
16541,0.02948997077553047
11890,0.02948134616323236
4805,0.029458746031014872
23953,0.029457431980892637
3739,0.029440839122070822
6882,0.029419029861346674
11311,0.029360500766322184
33822,0.02935684839648957
11905,0.029311896633886586
23686,0.02930101567638539
15718,0.029277124903411295
13303,0.029273769316523788
31876,0.029239971092095047
4378,0.029196843779614054
7374,0.029105795718177226
23231,0.029103771748067386
1551,0.02903789029928634
16879,0.029006413004229223
4105,0.028937184221270455
34585,0.02893326653531074
28112,0.028918558561462596
26686,0.028906269898994873
3853,0.028902576022391185
14047,0.028893940785185115
27744,0.0288484561203045
34389,0.0287204463287669
21417,0.028712160216536258
7998,0.028699311186325637
7610,0.028682270625644764
12660,0.02867162661648007
5321,0.028670992839650893
7318,0.028616360899543832
10986,0.02857391362089339
2029,0.02855083345690859
2113,0.028527416038587865
27575,0.028409021668476763
7142,0.028405466116996174
14637,0.02837402791038823
821,0.02836259451955828
19367,0.0283615433170277
15131,0.028361522057564627
5411,0.028315241583464795
20525,0.02829287076194782
975,0.028235738998781037
16566,0.028187412122558264
2389,0.028186695599822998
4033,0.028173149548282587
40456,0.028161196427313073
9504,0.028107236905564395
12296,0.028105420158761395
12643,0.02808258510270139
6546,0.028061988879893845
33257,0.028056593304960284
8970,0.028012285386934
1987,0.027987250717802174
40919,0.027972033304164638
12733,0.02794370324867507
12579,0.02793875640975288
7492,0.027928233147929516
7049,0.02792514086196491
9837,0.027880154048112036
24890,0.02787745770190664
11471,0.02787281912985794
140,0.02785615906159571
5648,0.027850705947235054
19369,0.027838453396174075
22487,0.0277980763269723
21546,0.02775114809519104
14458,0.027729780782796875
11287,0.02769135324436906
10766,0.027683332923136204
12549,0.027681846938640748
9805,0.027610862608515502
2666,0.02750376359978605
13852,0.02749670301770013
15934,0.02748637544301089
4323,0.027444087537037073
27518,0.02736429382182211
32421,0.027345909590827045
1961,0.027344382289169612
3306,0.02732397174225947
38598,0.027295916333632236
1393,0.02728982001313046
9591,0.027284734439626927
10261,0.027284056094327717
9239,0.027272787666675635
25534,0.027272553468273654
26245,0.02726964968675579
8557,0.02726457605082466
3386,0.027262561581295756
6878,0.027223502503174162
15375,0.02715230343031197
19067,0.027141317781873543
39612,0.027119435499596306
42990,0.02710857886194311
1862,0.027096346020521262
632,0.027090890422079888
13523,0.027053079038764326
2531,0.027042700641056638
43264,0.027026499674850202
7026,0.027020167582071115
12345,0.027015056897719915
36450,0.026997709211166628
39073,0.026992417749031758
21554,0.026983860715868956
13317,0.02698346071251901
4922,0.026957657615753246
17184,0.02692966677019958
10672,0.02689971449193727
21186,0.026886387787169792
3928,0.026881479683974377
2822,0.026838797639465027
13512,0.026838410782021187
38288,0.026828140576192077
10429,0.026816084338508576
13299,0.026805624429929526
5254,0.026749800091634555
39785,0.026746397113072615
34648,0.026729084588560756
11121,0.02672189994536688
4493,0.02671487327324364
9611,0.026618057605505663
7368,0.02656666262482711
5789,0.026552857362111982
22710,0.026547321707926248
4107,0.02653900630634126
27049,0.026533970824512008
5643,0.026533497960223893
10497,0.026515293560573416
40606,0.02650322348868352
5758,0.02645061881760063
41224,0.026431441154293616
594,0.026430505599673484
42594,0.026415311259915423
13029,0.026410701107393034
38444,0.026375647671662204
2117,0.026280058340893753
37718,0.026278320262506996
3923,0.02627292740206674
3414,0.026265420695982353
43091,0.02625235474928132
30092,0.02621840764440855
38208,0.026161178332717028
25407,0.026077527256441038
27063,0.026077299708966755
38187,0.02606524936944903
10067,0.026039662042599707
38522,0.026038461386170695
40298,0.02603536632480001
15668,0.02600185185633952
4515,0.025954062007878025
11041,0.02595366573399706
9629,0.025952908038616877
3756,0.025943925116018892
6121,0.025912262668923346
1938,0.02589861724363388
12573,0.025876020073544396
42022,0.0258691782162517
31383,0.025849423212534247
916,0.02580777231312529
2030,0.025791536869886982
11484,0.025791053658484817
7155,0.02575338332654309
11186,0.02573319146257438
8521,0.025677657038757882
10407,0.025654969135828456
9465,0.025625768902277333
21247,0.02562555225575603
7078,0.025620143906336077
3963,0.02558243574686478
1920,0.025580071139031886
17214,0.025576126446691622
326,0.025565542519904717
749,0.025565001013897446
32496,0.025552629720462603
25347,0.025529535158532478
29020,0.025513603522958526
31453,0.025507482713978093
33102,0.025450456732274866
889,0.02543870110319712
33270,0.025401522135959597
14572,0.025383996502041005
10398,0.025367158758649325
37896,0.025358743503766837
12638,0.025342710859040732
11234,0.025295624155425654
8916,0.025292657669774482
14046,0.025262559729798156
25794,0.025251055904737908
6744,0.025224916686443305
37249,0.02521408247776617
25014,0.025210517870813322
23479,0.025194395263183247
15857,0.02519236967592161
37313,0.025180204157364904
34993,0.025176337440211118
34687,0.025117989864555816
9114,0.025105721683165185
3352,0.02506420442144886
25490,0.02505837621639871
39912,0.02505228739448794
3796,0.02504772688871746
8895,0.025033861641794
10316,0.025032305158847665
1257,0.025030886029656967
12350,0.02499782825821716
32507,0.024965952736764607
2037,0.024950943470486393
4217,0.024948361813054928
41047,0.024947363836572208
6245,0.02491208217084303
33516,0.02490834143738778
4394,0.024904493318295386
6570,0.024876912568006337
9976,0.024869588965751768
11236,0.024856375722146856
1422,0.024852206998118815
0,0.02484693624273557
1925,0.02483647746497135
2420,0.02482872949509895
5269,0.024822013567946947
13527,0.024807860634993736
33651,0.024792363071420936
27160,0.024769008295298326
28926,0.02475912589377932
21891,0.024722074984275023
35955,0.024685727642038913
21534,0.02467455819494659
42343,0.024673495510055096
16275,0.024606302675009118
26298,0.02459992097864913
6942,0.0245769247488804
22592,0.024572158180072943
4211,0.024516888664420006
4831,0.024433033483798203
13367,0.02442202428860338
25177,0.02441356417826694
11071,0.02432712791355539
5076,0.024263185837064515
14399,0.024256309348549093
27768,0.024229445444942467
14566,0.02421868890932351
10282,0.02420468731871149
33946,0.0241984352403829
155,0.024182910272659383
263,0.02417438267717563
6239,0.024168789083732864
16405,0.024164438280085975
34934,0.024150885946206912
12264,0.024123902048079373
19392,0.024095919747134417
14651,0.024086273485824886
21457,0.02405122336468569
31919,0.02403555237818958
15911,0.02403312405167114
9431,0.02402163875939448
34257,0.024008602011654064
11598,0.024004475016269435
12671,0.024002900188004873
26800,0.024001747389783168
2233,0.023990146816269726
39771,0.02398234323509407
7474,0.023977646261569254
5718,0.023953455908125452
8545,0.023951176770176323
10349,0.02395112721832989
5763,0.023927227119196853
29114,0.023923838437355693
38112,0.02391819622111542
6387,0.023887386157443437
9899,0.02387445888341602
2805,0.023861280722462436
33847,0.023848879239744648
6790,0.023835102934449903
37112,0.02380860788885555
15346,0.023800724727610047
16984,0.02379607046542107
33004,0.02379477343812961
4385,0.023779614882072937
1232,0.023771738692661696
3196,0.023761689235512373
830,0.023756729107576813
35969,0.02370743557793801
31163,0.02369532191480586
8121,0.023669911511444323
42615,0.023666710195895925
39868,0.023653125726453686
6711,0.023649769294470272
40875,0.023643167173500953
6295,0.023612673406529942
9202,0.023594443041625463
7379,0.023568584563569136
1132,0.02356310155641304
3589,0.023557037997940983
35998,0.02355449879427778
10262,0.023545684727099413
39002,0.023509883975122322
11404,0.0235063317718273
19060,0.023486268130185454
12986,0.023428407863992595
13400,0.02342118622018108
9883,0.023409804409860527
3606,0.023361415091436317
481,0.023358307216699594
34062,0.02335748425589417
871,0.023356736906283877
32594,0.023353017158971145
13068,0.023335318599203025
28254,0.023312193937300125
32755,0.023307310104152885
25894,0.023302202470914038
9386,0.023294355616620396
40379,0.023271243108147713
5747,0.02326539376416248
5522,0.0232442449921799
2345,0.02322790849027464
15187,0.023217012568479724
18900,0.02321170026207563
8438,0.02318245166904105
23329,0.023156749265324544
36964,0.023131517013515603
7518,0.023128204973940195
11324,0.02311047335090408
26915,0.02310536359235333
8175,0.023078938837869545
21634,0.023059915401057358
17132,0.023044229596323854
37690,0.023034670004155808
29104,0.02303295643796188
29615,0.023019102955879202
671,0.022947623197062533
3075,0.02293823578079771
23751,0.022920515170167396
34880,0.02291688817325013
23422,0.02288712863457432
22557,0.022882878484331817
101,0.022854633532401893
11312,0.022850695594740584
5116,0.022844944627964974
4379,0.022822659692122903
31867,0.0227966640235344
10012,0.022796506771024336
41391,0.022779026820990915
38838,0.02277765285810853
38950,0.022767119406408607
41186,0.0227528520189584
11120,0.02274939797640802
8920,0.02274661379042151
1255,0.02268837441620454
36889,0.02268322763017627
10501,0.02268204033045353
37957,0.022661785150846242
11914,0.0226602816477349
9144,0.02262652287283701
38191,0.02262422884845134
26644,0.022619696852945514
16987,0.022612255149559293
2813,0.022611450680634762
11625,0.022580273882699342
37246,0.02257273700253642
3415,0.022552455334418173
34592,0.022535619393423186
8304,0.022529340670310392
4389,0.02252776047829653
16299,0.022527688571798352
19207,0.022512843587152092
3300,0.022510279875886708
1778,0.0225021554103617
39807,0.02248744745650268
37719,0.02248017545110712
12897,0.022468568816118403
40788,0.022468024441905494
12933,0.02244925168678893
10538,0.02244008237753655
6175,0.02243478970828738
28685,0.022405713024662516
15215,0.02236642417944084
34659,0.02234160305612776
26809,0.022331720777111746
3970,0.02229749162534757
24295,0.022290969064318693
31925,0.022289960905224997
1180,0.022269046371845756
9385,0.022268757053825475
5989,0.02225727373030257
28786,0.022256170715596917
20574,0.022249351727846443
2055,0.022246887502715838
25579,0.022216548831803084
40426,0.022207669558090462
37821,0.022181368857973137
9577,0.02217932444149109
39664,0.022163401491669465
5579,0.022142683017509365
14067,0.02212669798051434
6786,0.022097655940238065
24126,0.022085947498291535
15892,0.022074585277725014
7297,0.022071875890849184
14254,0.02206702650428165
12976,0.02205594676737686
5647,0.022046320167322
23132,0.022039577278451756
6215,0.022039085349264093
16950,0.02202195249951629
4948,0.021963669542610226
13374,0.021948632413750748
3181,0.021940209012908586
42237,0.02193648156811183
38382,0.021928530914019136
9753,0.021927181798407098
2293,0.021927054293433456
12038,0.021924798541691222
12964,0.02192071074858328
30,0.021913841063847715
16209,0.021913125235723706
14994,0.021912546809089054
4977,0.02187635451405107
38941,0.021871128568629463
11770,0.02186681829328827
9330,0.021848180746872416
5911,0.02183262448356581
9687,0.021831000983864427
37577,0.021830039321235943
34688,0.021819724766270622
7956,0.021811450321963854
32740,0.02181078683751454
176,0.021805792864358766
13236,0.021805687904977385
4663,0.021805676874984293
8502,0.02180238909780932
9599,0.02180162753370433
39063,0.02179556190354895
39104,0.021779431580689394
678,0.021773078597136324
35765,0.02177012313290167
25021,0.021769967985868267
15414,0.021762384050502688
9077,0.02175397307376444
30020,0.021741780276386194
22708,0.021729074456913373
11494,0.021727374644393085
38395,0.021657326045049403
38230,0.02165648134155281
9829,0.021622184384347928
40089,0.021615639740081908
43303,0.021613519424797206
7818,0.021579966965920124
41568,0.021574915353383194
22629,0.02156118209516316
7067,0.02153311096129854
10370,0.02153211178750006
25155,0.021529913519377497
15995,0.021519188657560206
8242,0.021517936810516284
15955,0.021516383790584848
10886,0.021515427505929358
14816,0.02150539868840903
17229,0.02150296613584878
15153,0.021498690364939323
3767,0.02147738994365251
14794,0.021475653819863178
12805,0.021472920141333087
10144,0.021462871488309974
38489,0.02145300412407308
8643,0.02143075310121607
17231,0.02140809127032894
7596,0.021372511518826007
4209,0.02135827785723692
25179,0.021336445043990463
15146,0.02133623787427832
1160,0.021327928812910985
8907,0.021308790556585338
11552,0.02129577832522137
15434,0.02128383729079006
16082,0.021267393270005982
21494,0.02124746399385168
15988,0.021233576894910313
11815,0.021216113974496655
37279,0.02121327842411573
28075,0.021207262909649856
7420,0.02120334696213964
2198,0.021201882296198963
12275,0.02119909557407017
10921,0.02117468297546661
36931,0.02116742758410379
11427,0.021155853245016887
15580,0.02111840200889821
32752,0.02111579575479647
16428,0.02110442130878516
33721,0.021047096234220658
27943,0.02104322627987614
3661,0.021037846058905633
35889,0.0210336313971941
3270,0.021020754107088552
9553,0.020999203314063047
16301,0.02098899176792302
33658,0.020966038903879675
34500,0.020958722373958204
10924,0.020929550504442822
18024,0.02089517782191604
8611,0.020884025656133783
13793,0.020873259547208426
19520,0.02087165281622368
21283,0.020869064727956986
8993,0.020862327800364358
3845,0.020850368274278507
32515,0.020812657529488264
27488,0.020781910609817534
24104,0.02076524766395084
17153,0.02076517635995413
9520,0.020751453747057915
38576,0.020735114780081037
13640,0.020728486299588084
11355,0.020702325972394173
10318,0.02068172158053143
8125,0.02067917452384627
1402,0.020642723216462364
3592,0.020638951888121863
16555,0.02063422852848255
12055,0.020629385239871813
29932,0.020627805969040663
12969,0.020620093593222488
34437,0.020615410494937942
14809,0.02060462532205814
8514,0.02059892371052452
3684,0.02057499453132458
32805,0.020553543814144645
35573,0.02054376906682051
9683,0.02053509769753063
38104,0.020534901386789112
1011,0.020521644377155035
27663,0.020511116940293315
4346,0.02049549764120397
35824,0.020486052753332592
41620,0.020480867384637197
21334,0.020479591325825563
14388,0.02047198682435967
24437,0.020463974325640615
4040,0.020460563050667072
988,0.020457827031189722
6600,0.020439001984643695
5396,0.02043673964164789
36454,0.02043336576847302
31143,0.020432901049507027
2137,0.02043216053016929
12495,0.02043122800299992
10528,0.020411630735022678
9136,0.02038881704223233
13069,0.020387618399664152
19781,0.020379149344175007
21948,0.020366062453563923
15659,0.020343845626060307
19301,0.020334300060124776
6530,0.020325068120920883
3106,0.020320950646020765
31910,0.0203199452917417
3859,0.020315893001625344
34995,0.02030581609221909
16074,0.020288709239722834
27490,0.020288430126647206
16474,0.020251735184753972
36430,0.020233835750700476
7964,0.020225250346437865
5092,0.02022505730523408
24125,0.02021834101239656
42758,0.020213417986313553
38434,0.020205182490907907
25306,0.020185376575945383
3787,0.02017176038940751
24181,0.02016839543491193
4982,0.020168133902614505
13346,0.02014698691474998
21385,0.020136427884870727
31509,0.02008671036796846
20858,0.02003707033432578
32990,0.020035747175002176
6063,0.02002543838954119
10808,0.020008294859084893
3073,0.01999109462355321
12439,0.01997036484977696
40235,0.019942137370808154
37578,0.019935107148079095
40147,0.019922535406803013
37074,0.019919071300665288
19422,0.019915478305198867
32783,0.01990625580222941
9104,0.019889527380234563
40972,0.019885270870709425
28757,0.01988209828721871
28775,0.01985909691167994
31603,0.01985428721768399
42997,0.01984395153076222
1178,0.019830861171062874
29618,0.01982182614805094
41155,0.01981062264221914
9410,0.019782531861661096
16475,0.01977929647404629
13194,0.019778447172079074
33260,0.019756169968970155
29311,0.019753340661578963
5360,0.019751988812333383
38757,0.019731788549725567
34241,0.019712422717269855
8896,0.019706274178537403
15138,0.019698960338767873
15280,0.01966693429679988
25032,0.019666791095265493
2481,0.019661943915359578
22438,0.01965843426973035
34066,0.01965153536154639
8954,0.01964978319489185
28029,0.01964581256605752
4623,0.019634886085700656
5202,0.019628950512853478
16762,0.019617553988307092
14768,0.019614394654297578
9790,0.019610981103536086
6626,0.019598663721693128
4208,0.019588775307757218
8404,0.01958685395514046
32307,0.01958204514538657
5351,0.019560426460454656
3248,0.01955915224510197
10855,0.019558378920335767
40025,0.01955330792479302
19285,0.019534168426775307
8445,0.019532444118934136
5963,0.01952576233285358
9378,0.019518909715319024
42265,0.019518506088655126
5814,0.01951575304313099
30431,0.019504799769089563
31530,0.019488773312344495
24452,0.019483401779778524
17774,0.019475390841309857
40170,0.019462868264113444
39074,0.01946139057805188
38006,0.019449171840364956
34107,0.019448824476334326
34869,0.01944745989142857
37222,0.019445127341974056
41911,0.019438886184059728
15275,0.019431888805722494
8173,0.019408659196124427
7730,0.019388226618891294
732,0.01938123950370194
5407,0.019366782685962702
13312,0.019363834731007376
32442,0.01934589454090401
6820,0.019340896223465145
25721,0.01933041463413093
2436,0.019319736423796953
16582,0.019310205479819865
3580,0.019298116563662503
10516,0.019293519742901506
28650,0.01928616408804174
30066,0.01927831207488499
4738,0.019246307527766723
37930,0.019240991229997683
19338,0.019221495200842306
35471,0.019215245282103482
6963,0.019205173963787698
38693,0.019193407083727035
5263,0.019191679978773277
14124,0.019191299287643515
41181,0.01917975629704843
11091,0.019175311146994948
15181,0.019160912190914862
23209,0.019139528690687132
37708,0.019129789008479763
38785,0.01912849709061689
39279,0.019124207877586938
34661,0.019119741311122172
20639,0.019110145250771215
4343,0.019108377677377806
23695,0.019107510679411705
34808,0.019106399456911307
37336,0.01908678863766125
5542,0.019085611743464344
11643,0.01908285460516472
3305,0.019079514171574722
962,0.019079248961839313
1873,0.019067646305944284
4538,0.01903946095740852
12534,0.01903842911267437
34265,0.01901398724577579
35462,0.019001848712653063
7426,0.018995273669523867
36102,0.018985735606848967
1413,0.018979791814150333
7653,0.018961012709682208
19296,0.018950915948314426
17115,0.018934824102655404
810,0.018933239674037098
40072,0.01892911051691949
29603,0.018917770349998014
13474,0.018904621091372965
1584,0.018904436120742198
4581,0.018892655422142888
7862,0.018865777668880625
3548,0.018860589751115837
10163,0.018857302694826127
10464,0.018853677216877585
1706,0.018840127419446996
24245,0.018828775689278977
21606,0.018812584386491304
19363,0.018809942116726108
7909,0.01880633698493936
4106,0.018805454175389688
8632,0.01879862714638779
10991,0.018786066384686315
35879,0.01876392667285472
22972,0.018751803225998412
18724,0.018745576400578074
24404,0.018738151678715852
7728,0.0187292335987657
33314,0.018720617001474604
16935,0.018711706327650013
20169,0.018704759507714875
37618,0.018701729416758357
10240,0.018696126982425492
36268,0.01869482180020106
33513,0.01869179339432378
19096,0.01865140509494577
40271,0.01863558707034181
23324,0.01862503338147968
15814,0.018581774395952894
17008,0.018581609037712693
15804,0.0185668967451621
33057,0.018534662819863035
32262,0.018530599070468758
680,0.018521068876988164
14311,0.018520229649828593
35411,0.01851187355095173
5899,0.01850629503731102
2001,0.01849458633268923
40509,0.018480768915493266
895,0.018480258275750557
40141,0.01847861455155794
40901,0.018475289866667976
5156,0.01846421030381832
1567,0.018458862350405895
18993,0.018388589141941563
39925,0.018374425836046412
952,0.01835934362557044
35031,0.018347595032905478
3681,0.01833798737866205
25351,0.018302832939298116
10504,0.018299680792598045
6529,0.018276391439451426
9767,0.018260749750345456
24495,0.018252776486129208
20164,0.018249231277429563
6624,0.018245948721532703
39161,0.018240318772939437
9543,0.018232441718492393
10589,0.018219397156575765
23474,0.018206859746043184
2028,0.018203169027840044
15867,0.01819898881101241
1640,0.018191412041438905
16756,0.018186866838729006
5418,0.018169867827107576
34414,0.018161553217473484
33018,0.01815983123877219
39915,0.01815770560797685
16912,0.01815362109124867
33793,0.018144421686682725
41815,0.018140559919235917
6649,0.018112241206363185
11430,0.018102461857104526
24730,0.018093359420523734
33977,0.01809045859098796
7330,0.01806908056330344
36680,0.018053661243099123
22533,0.018049145720403073
23021,0.01804862822103552
3947,0.018048204754448162
37200,0.01804224783960322
28986,0.018035657515905176
35327,0.018030506251898726
15449,0.018027168845434222
4005,0.01800708264082019
6978,0.017994237983808146
36039,0.017985263944481068
14700,0.01797499963559794
11485,0.01796494683699801
32369,0.017964772334128586
41367,0.017961374283669496
23114,0.017923416814875588
15785,0.017914813155262617
23456,0.017910166452954387
7457,0.017903565019982103
7694,0.017901290509285704
25905,0.017885559616164864
9854,0.017881523814655194
15433,0.017879627369196918
5272,0.017872690261102893
32606,0.017872564711119476
6211,0.01785249740733584
1137,0.01784966719659021
40064,0.017843540058407575
43304,0.01784135946940077
19283,0.017839883782957734
10977,0.01782911010043615
3236,0.017828242534813434
12437,0.01780721004621791
15120,0.017803370802814092
9134,0.01779998990897448
32544,0.017794496872297408
6236,0.01778984945697432
32020,0.01778554708755226
1487,0.017773993448782825
2542,0.017729378055222848
1722,0.017728993373797384
43191,0.01772134845042943
13431,0.017709455608421104
16746,0.017708295672264923
11518,0.017703052496882216
9321,0.017693239207886347
29515,0.01769108142925199
32512,0.017680961600593875
43335,0.017679588188293995
38,0.01767166475559523
7224,0.01766521595873277
28861,0.017648897961952167
33813,0.01764757769067558
3457,0.01764424392701172
41654,0.017643065094572172
17396,0.01764285499258735
16701,0.01763271233461023
14419,0.017624564027010414
22957,0.01762232739314834
17071,0.017618671006366538
4401,0.017612426498680403
13795,0.017606071621391068
10198,0.017604842595945993
7592,0.017599163014963
25498,0.01759854227988073
34192,0.01759166287136208
20601,0.017585969273285405
8293,0.017580097082783647
40467,0.017574127307955857
13012,0.017558171118513075
11127,0.017544925473523494
10217,0.017541786586069762
7674,0.017523492755290863
40488,0.017522420234612035
33137,0.017513449282465562
5107,0.017504298622426872
3086,0.017485524579433524
13889,0.017482112517525274
40638,0.017478507237763487
2688,0.01746711347806714
38243,0.017453239078305066
40538,0.017446065640983693
13037,0.017431287104889576
10238,0.017413117754820236
42349,0.01740464594473769
3563,0.01740021027323578
2867,0.017394176186692464
9186,0.017388256257100027
40810,0.017382528015869286
10861,0.017348143357938148
18935,0.017340338966792098
37207,0.01733026514165621
2087,0.017327726782055054
38418,0.017307682387631414
15182,0.01730577630324449
35004,0.01729967483102716
1337,0.017284240964781386
41528,0.017278617198826927
38646,0.0172779941472909
59,0.017274616256707297
33229,0.017259035858309787
22764,0.01725443223427894
4734,0.017250913003646083
29991,0.01724514633068022
15739,0.01724112013346314
31634,0.01722864416049185
4566,0.017224498500538147
25531,0.017216603304276885
35461,0.017208440789620735
8759,0.017204189283776605
34392,0.01719141098147772
9167,0.017181424678162756
7540,0.0171750956770282
26744,0.01716471928157716
10006,0.017154153645334593
3433,0.01713627992307891
25614,0.01712341907591456
2922,0.01712326000991364
2590,0.017117563141514542
34905,0.017112042389072265
40878,0.01709802412400694
38668,0.017088043110367608
19318,0.017075226148409898
12440,0.017065801160924286
39053,0.01706166959408974
38306,0.017056723588571205
43198,0.01704913554185628
20925,0.017048798823257307
24583,0.01704019219027563
14781,0.01702358852146091
10990,0.01701916201694378
6929,0.01701842769823757
24669,0.01701476425180024
9510,0.01701358849297473
38721,0.017003840843512273
1049,0.017001162190839515
2773,0.016986970418324848
29679,0.01696459328229838
42034,0.01695897619384328
2383,0.01695765842293861
40301,0.016950190449366978
5526,0.016948524362730713
13590,0.01693525365074319
39852,0.016934862094174233
172,0.016931581785010936
4721,0.016930221681389693
11374,0.016929591460838462
8849,0.016925141149920164
10150,0.01692190125335704
38276,0.016903659837829425
14996,0.01689431682429149
9930,0.016872691255205505
762,0.01686313502942136
39086,0.01686061637559634
7649,0.016851904046834718
376,0.016839991352569524
26587,0.016826204908789104
15337,0.01682573072252227
37292,0.016822892987256102
12631,0.016822061055691305
26642,0.0167929154729569
6902,0.016791268220697878
31162,0.01678474862089687
2798,0.016779462870589856
37751,0.016770964401056215
24407,0.016769133809118337
265,0.01676022054725985
41171,0.016747867785704043
28159,0.016746815794335578
2408,0.016744270690695607
6502,0.016740169633101903
25093,0.016731561508901815
1569,0.016728986652807212
4907,0.01672576445751211
20318,0.01672090812205558
11542,0.016697978642326566
42055,0.016685373295097224
13905,0.016682284497241635
8902,0.01667185383299476
32913,0.016662879548765455
40171,0.016662758172426354
8713,0.01665423253968823
2022,0.016638485383252157
16816,0.016629913580803814
9643,0.01662704076959236
23544,0.01661344236085762
6689,0.01661236299746941
15939,0.01659069603507593
13671,0.016567753456592556
41639,0.016561455517164245
31166,0.016560872411227803
4569,0.016553645997340313
16550,0.016549781132810838
6537,0.016548149523527924
13525,0.016546777820688682
17443,0.01652402463200132
8765,0.01651833819785693
38408,0.016512902719848496
17288,0.016502852613973603
41082,0.016495654507820576
2674,0.016492687713163905
38017,0.016482962241359672
11309,0.01647498772075968
7660,0.01646960706938631
37955,0.01646814567019536
15818,0.016461289447395566
12043,0.016455088732989186
20814,0.016454046466548928
12730,0.01645396164129832
38628,0.016453045970491437
36794,0.016446232961165
15260,0.016421650328507058
29233,0.01642069577068363
26973,0.016419740765255448
14483,0.016409248483296168
35022,0.016407879139303676
23647,0.016406027625166367
323,0.016393629410674692
38393,0.016392869476640842
39141,0.016385924966677033
13490,0.01638547491899205
20256,0.016383705009346446
40575,0.016376024413514798
32289,0.01636967251111001
12051,0.016357214705615797
19421,0.01635348493535576
40295,0.016353047990926715
6323,0.016335657196008414
16051,0.01633449166023772
19336,0.016332227058090457
23038,0.016325397713076062
14567,0.016296223658527145
39149,0.01626290038155636
12959,0.01625278599388034
24687,0.016236102359229104
1371,0.016234713499294156
35202,0.016227426861519303
37980,0.016227150644201677
27736,0.01622555267940422
5355,0.016218710988915534
37607,0.016204889441231492
39058,0.016204422891716076
6003,0.016187289037937196
38101,0.016167059025597556
5279,0.016165062417306048
15531,0.016152680539909637
2873,0.016142031368390583
1623,0.016124402713281152
15152,0.016122204220301004
20622,0.01611968861844983
25123,0.016113677454407494
2423,0.016098213691062995
12009,0.01608733249705918
14970,0.016082547459798893
25426,0.016081334644541537
8695,0.016078843011320804
41672,0.016073464195791656
1945,0.01606850745049177
5713,0.016063956600946713
12452,0.01604093410960469
36532,0.016037929425714657
15050,0.0160307485269851
340,0.016027548495949454
25369,0.016023580465711215
24023,0.01602058984966941
33968,0.01601800967206197
7225,0.01601671008645051
4510,0.01601029126134571
4421,0.01598865075269066
32012,0.01598761009363247
898,0.01597661489337195
17028,0.015975094104072867
9670,0.01595703498078934
15042,0.015952498772316883
2995,0.015950721635570802
21561,0.015949556126681235
23859,0.015943628527261913
5894,0.01593123612045382
18899,0.015928816119779043
2563,0.015927908677802298
15873,0.015922011831625164
24292,0.015917824064986524
14059,0.01590843852953325
23265,0.015878892042619514
15061,0.015861872337486427
41770,0.01585607094833465
8927,0.01585436196051861
10880,0.015852638980391295
15933,0.015849835643631655
4900,0.015846202408036105
27786,0.015844406367681058
20817,0.01584434382547301
37324,0.015836817903688117
23201,0.015815531701657233
1856,0.015810552861632004
39951,0.015809519178161757
15885,0.01578903499882187
38651,0.015787207475629214
33988,0.015785893921344503
34967,0.01578288357485224
36801,0.015782635318475395
6198,0.015775793768738833
8296,0.015773048711123346
28563,0.01577284264089812
28971,0.015770732347961506
42090,0.0157339511811379
29401,0.015714782620174863
32305,0.01571076618412825
9232,0.01570700224783965
19396,0.015706457517146777
15155,0.015699838921384063
5349,0.015699342704400425
12788,0.015688376155491353
11714,0.015683147050047478
21914,0.01566274967306642
3393,0.01565942578395499
34314,0.015654382503722437
16392,0.01563925222453854
21859,0.015624607308719661
3456,0.015624005727097082
38871,0.015617187396698857
29859,0.015615378818094166
33024,0.015608378217973553
5997,0.015606856136042168
28294,0.015599368975780082
22431,0.015596364701933757
39726,0.015590964824517349
3686,0.015589844577347708
8337,0.015569517945544228
25436,0.015560948767096773
12398,0.015553398386634042
6883,0.015543678211069088
8127,0.015538106225793814
11909,0.015535831704031876
7897,0.015525225101764276
36916,0.015505749191191605
2095,0.015504801938080397
18837,0.015497186214336663
11949,0.015495381648508447
9965,0.015491831918887018
42829,0.01547169399398874
42353,0.015428154004912896
5035,0.015423246715601491
7994,0.015421845436326492
28144,0.015404289246443704
15929,0.015390867574716896
18840,0.015388809201252372
37120,0.015377761711175256
40133,0.01537638709800438
43244,0.015364489458592112
6979,0.015359242117664608
19243,0.01535677629575321
36765,0.015353394108327178
12198,0.015344310813891385
13339,0.015341126983102178
28413,0.015333856774455916
26456,0.01532691356021203
33492,0.015319285904063602
3108,0.015315328910303145
16052,0.015313327217309327
15267,0.015296546408241967
25994,0.015290139198410399
15386,0.01528826286801116
26449,0.015277255442494128
4306,0.015274977840556848
5412,0.015273163798477506
5525,0.015272192304887511
39581,0.015270309656221441
36660,0.015269402475709192
6573,0.015262934044685362
33228,0.01525836612437656
38394,0.015252702006234008
19282,0.015239659450699054
2130,0.01522977010494692
27898,0.015229050844517509
34074,0.015225470194426253
32108,0.015224441866574765
36881,0.015223946450944168
28390,0.015222289259127084
20815,0.015212971593963152
42056,0.01520134991076359
3095,0.015195307601518968
27203,0.015191908135951487
32621,0.015173152532168542
3436,0.015170466309570793
37838,0.015154958745797984
16528,0.015150792817448128
311,0.015145049295341093
29685,0.01514020180580289
19710,0.015133765670712462
10828,0.01512888827212893
35273,0.015127824012886149
28576,0.015123545059850106
28718,0.015119374305013322
12938,0.015104312770585705
1914,0.015096963013309227
17102,0.015091244280459562
14327,0.015082819917669793
29634,0.015082687901233977
34152,0.01508192104420377
32821,0.015071350242421318
28052,0.015060118980862559
21890,0.015045287163416854
7411,0.015037826924320484
21630,0.015025028733105773
37547,0.015021134216172703
33383,0.015018774677295002
11636,0.01501870074868712
13106,0.015007794834171357
40625,0.015004202379038864
13255,0.015000835260570508
11292,0.015000534236877507
7961,0.014997822265002514
6107,0.014994382580246383
1838,0.014991902051881546
512,0.014981649192653174
11852,0.014979373946179191
15112,0.014957607782200615
688,0.01495037849833893
5194,0.014948915085705573
19222,0.014945261630873369
3381,0.014940952036118232
32664,0.014934623936306167
27336,0.014930395875860683
38136,0.014926760184520294
31723,0.01489515420482457
29452,0.014889473377379659
25740,0.01487098818349423
5455,0.014862573399574783
1394,0.014862480614543394
42045,0.014861058877573326
23484,0.014854283046810177
5397,0.01485306136348167
22322,0.014848577567039736
41828,0.014845118154131873
43263,0.014842683384714683
13870,0.01484193243431155
16253,0.014835855370415277
19402,0.014826868062871085
39910,0.014801522276962577
40699,0.014799348737151602
12564,0.014798487760399794
3547,0.014790361897922433
23108,0.014783255273995946
22775,0.014779365788332393
12520,0.014778992334597512
17044,0.014769192302769844
9394,0.014766349721426932
5184,0.014752807575357268
24258,0.014751844142937568
654,0.014734283751735335
26014,0.014705722270820655
21366,0.014695167648504114
5436,0.014689952605492607
16626,0.014675928629124643
9984,0.014671294271809377
31226,0.014671251075912065
25081,0.014667814662305743
11976,0.014659828346123003
4530,0.014653830665635883
38494,0.01464787233960096
12636,0.014641315901642514
31038,0.014615788630797145
6411,0.014614288698801018
15976,0.014609067092833074
26578,0.014609038121664567
17070,0.014608331145536937
9576,0.014605756034833516
15551,0.014602926552427169
6607,0.014592343620760737
8637,0.014584908965247325
12783,0.014566720502898811
28644,0.014545974071891494
41021,0.014536688318160062
11715,0.014534564074390938
4467,0.014529908426934315
43213,0.01452583510232612
22515,0.014514413537062138
8148,0.014489212515929334
2031,0.014483907225013007
4248,0.014478464272565574
13149,0.01447231034243039
38898,0.014467454813027589
18945,0.014467004197539811
38712,0.014466116296811271
6596,0.014465662641110587
34309,0.014464772724076489
33908,0.01445907521379997
14954,0.014453775295423665
38572,0.014448903530478294
38155,0.014445923493206815
5924,0.014437357249188371
32641,0.014434223528245424
3515,0.014424039096667958
10237,0.014411388570156997
6648,0.01441118153407823
14251,0.014399997880506948
27053,0.014377746361048537
1061,0.014373483052482747
4660,0.014365414695801946
36640,0.014364263204213691
7138,0.014360322557676325
11352,0.01435773454157216
36505,0.014351693741533713
1060,0.014347133740934557
33650,0.014337718947111226
34155,0.014323956792072339
6340,0.014321834397430573
37060,0.014311952439450914
12916,0.014303867554999891
37254,0.01429186070437681
11073,0.014289224334810995
29350,0.014273475873541556
28461,0.014272828591472537
14618,0.014253826374190964
4260,0.014245615225762802
41283,0.014245055827909511
6627,0.01423482579676107
35101,0.014222171157125619
9423,0.014220168563529915
4736,0.014211222043536519
22672,0.014201967085395438
6167,0.014197118279740998
22269,0.014191558875944572
27891,0.014191258681232596
27080,0.014182648263030197
12476,0.014169183696398916
16231,0.01410494720213202
32315,0.014086875395727425
27948,0.01408209554771348
32189,0.014078124944295852
40905,0.014073230144228482
16827,0.014059530064719017
22640,0.014057952032413869
35021,0.014037522228961716
37827,0.0140239335781224
12778,0.014022673793545694
28614,0.014013683952032325
17233,0.014011903262510696
7992,0.014001803668627518
5309,0.013996869119913595
38097,0.013995161598026653
2577,0.013968565186379317
31393,0.013968160371064887
12827,0.013966630426446627
23819,0.013952869453283894
6561,0.013950285232843803
5777,0.01394262327010685
5942,0.013934237698859117
9453,0.013929937745747861
37179,0.013914625815191295
25140,0.013913505941682235
24214,0.013910706792216435
16568,0.013910169762317607
21310,0.013909344946453482
29643,0.01389459440942795
5622,0.01388721872924883
25771,0.013885126981548961
15530,0.01388198826158037
8537,0.013871503754847195
15964,0.01385473843638645
39828,0.013853719840846795
13621,0.013837907065531055
41873,0.01382466453119526
31762,0.013821267720299435
14726,0.013820090484252949
13969,0.013819222008754574
14318,0.013810887145872497
19415,0.013805743181044574
33761,0.013804980717792412
698,0.013804576717464741
271,0.013799508346007024
36620,0.013782714189153597
11042,0.013781097975073717
18518,0.013778822478434297
15610,0.013772656359529158
31210,0.013764873220434157
24753,0.013747017564554865
12853,0.013745879487921553
17437,0.013735351115815465
43286,0.013731406092509675
10913,0.013718807571708435
4069,0.013718670545970655
16544,0.013718226712091618
28769,0.013717483610314038
5915,0.013712600633218849
41556,0.013694976790853177
42433,0.013690287834822932
773,0.013679997699891725
5056,0.013675926420632653
23667,0.013670173649323355
7875,0.013653458997483825
10631,0.01364459278397649
37178,0.013641664288514169
39879,0.0136405703023504
12613,0.013624959391174295
23244,0.013623032438396533
17426,0.0136187457456127
29246,0.01361424935186498
28565,0.013592772368429575
29972,0.013592302801659722
31505,0.01358303001053082
4239,0.013569537534823463
4799,0.013554232119501304
27074,0.013551562799129634
39353,0.013550061142396728
24898,0.013538892536541855
38738,0.01352751933288857
27657,0.013518025918608532
15660,0.013506693070949868
24691,0.01349078740193762
31363,0.013480524251490926
36092,0.013472951055832728
11442,0.013468530347358317
15297,0.013466219486424912
778,0.013459088402435258
6852,0.013436507732137365
319,0.013398882806946783
8669,0.013389838129694584
20843,0.013386669925559804
38848,0.013380648010394297
16873,0.013380275659543197
29506,0.013370520628873313
16358,0.0133665709626166
21531,0.013345692346282401
9630,0.013332527384107742
3000,0.01332553815136999
40068,0.013308159912338493
43259,0.01329433631640071
37592,0.013286575170531872
10366,0.013276565207867033
29673,0.013273999642901853
9561,0.013272688782496688
39226,0.013271339841097133
6726,0.013265305775635726
10628,0.013265034160900748
29492,0.013263012673672235
11400,0.013255874065477019
2026,0.01325280007698977
38550,0.013249040487800718
29012,0.013243733317852578
42702,0.013233756406303763
29731,0.013232868634354245
6051,0.013225597772070828
12689,0.013208200655368237
3223,0.013195045678197827
5553,0.013178202811100558
24,0.01317545711319489
11135,0.01316666663468217
28566,0.013163964190531615
38696,0.013163575902991264
11378,0.013163308197408415
10418,0.013154158609373053
37756,0.013146918765472899
5268,0.013146753519070811
39656,0.013142549923555678
9023,0.013131437879607336
34942,0.013129221054609577
33418,0.013124854292349686
4145,0.013124676797114841
21839,0.013120372705269386
36850,0.013113856120178907
23759,0.013111930877689795
12493,0.013108578349346632
2801,0.013105424393415742
39293,0.013103248417311315
16139,0.013083908466217035
43,0.013082017850324246
22490,0.013078770578471486
24393,0.013074721705760566
19305,0.013048173028693433
6822,0.01304587097502037
4965,0.013036116186374203
17201,0.01303597310925572
37012,0.013024578584998637
8221,0.01302117956627105
8000,0.013011944625927637
14130,0.01300651310180775
28793,0.013006025642674371
40527,0.013004694936267687
41306,0.013003707766169725
37010,0.013002531524599225
36645,0.012997781091815909
12836,0.012997084692225457
12316,0.012994797983555408
3302,0.012991493380529953
4492,0.01298544009258753
40014,0.012982035382487942
43267,0.01298074500395511
3789,0.012970851968689858
13965,0.012970451806803495
38974,0.012967717939877724
9231,0.01296447958507468
18902,0.01295668149593512
39777,0.012955281846780457
31918,0.01294900258630773
2637,0.012931659715677599
9566,0.012916581664270028
1557,0.012910054502511016
14421,0.012903854967933712
21722,0.012874796159614187
14355,0.012871821725791469
8485,0.01286614191643891
21615,0.012851655080561887
38000,0.012851542411274026
6539,0.01284962616101352
11474,0.012848364142229337
27475,0.012829438972393376
1234,0.012829324357506455
39415,0.012827202759815805
26114,0.012824115859411128
35745,0.012823540508083753
33,0.012819388077930951
5168,0.012818582221384045
28340,0.012813466991808275
18679,0.012810118223045586
15379,0.012810089543819373
24110,0.01280956321857431
2431,0.012803658585407551
5383,0.012793862245532951
10023,0.012790765303875106
34025,0.012786793958906502
41034,0.012779411163799976
23445,0.012775657740263392
12594,0.01277174810750036
40805,0.012770385518290742
22769,0.012767204221785032
34572,0.012758356810202228
39637,0.01273576234378149
13518,0.012735058377320654
36976,0.012714639109960095
42497,0.012714456397709748
29525,0.012713659994157338
41717,0.012703932366651838
28495,0.012679372588671918
8266,0.012673895751503567
13491,0.012668567103324518
33551,0.012666369754531597
15727,0.012658033798690392
5178,0.012655878954929159
14471,0.01264875898432365
26862,0.012640739120390643
25633,0.012639633644550646
9412,0.012637897279874582
37250,0.01262540035648749
19087,0.012604958726564685
21220,0.012601079991757776
39472,0.012598065782455982
14504,0.012595726185108036
4740,0.012593316302223163
25974,0.012592342270521726
24597,0.012581683804064348
16650,0.012579240661952143
8086,0.012577490324568218
8741,0.012568577552324515
5910,0.012568346723630896
29483,0.012557129485229645
38654,0.01255623280957131
12641,0.012553471804780175
23504,0.012524399755717255
31216,0.012522454837826323
35860,0.012518720359625963
41311,0.012504045251438145
7683,0.012501982609699534
3377,0.012500113544868198
36882,0.012495570580062834
25385,0.012485408493209936
10995,0.012478792279251404
25254,0.01246729465249367
40590,0.012467056822588002
38640,0.012466809239450049
8894,0.0124541958829244
32923,0.012444736614674464
10774,0.012440306396337553
24801,0.012436605118801814
41674,0.012430945566262308
29505,0.012423386590105789
20573,0.012421750774598322
26139,0.01242014641617896
38367,0.012416840080648382
18883,0.012415208095714053
28631,0.012411035710527384
29510,0.012407386638204973
38713,0.012406757816774997
23913,0.012398151599125082
3276,0.012397921897018592
4763,0.012385684723792655
25253,0.012384578840512934
32804,0.012383154005041365
2747,0.012376395473232315
26843,0.012372157321471082
9632,0.012368934896539114
15056,0.012368363026776753
4673,0.012341811191220492
13787,0.012340685149364082
43140,0.01233768318108788
6379,0.012306738131114691
34322,0.012306336503558528
41803,0.0123032546815129
15233,0.012298743583236205
40844,0.012283750113358083
4908,0.012277316953130786
38807,0.012267207888599148
15941,0.01225951449088754
15336,0.012250820700425628
11409,0.012250048844505822
39055,0.012247580296395983
14010,0.012238103716130653
9602,0.012228687190193164
31476,0.012220639837182207
27754,0.012218995847620737
9878,0.012215802259240198
24632,0.012215280637650077
5803,0.012213329634906993
41907,0.012202786212458983
33703,0.012198724138754818
7429,0.012193537453555012
5876,0.012193136557830381
18922,0.012192012951627147
42258,0.01219196246923078
24428,0.012186473176563777
4210,0.012185440435212967
34140,0.012181432041969432
10310,0.012180852472800121
5936,0.012172996687657676
16761,0.0121556374264397
35324,0.012149704646540976
13723,0.01214911117861242
19531,0.012140634093462608
16586,0.012131720516180854
22440,0.01213166228054984
12561,0.012122270158416023
6158,0.012120386397955572
26108,0.012114800401943432
38046,0.012114235992855795
6697,0.012111301878194005
23346,0.012110751071784557
3122,0.012087652957368824
9317,0.01207798581682477
6683,0.012074074899817438
4409,0.012069324895299827
22394,0.0120685828027372
43172,0.01205625934962421
15037,0.01204752622588663
11931,0.012041649358520425
24738,0.012036433200582673
27903,0.0120315616414735
9688,0.012023932206207436
41011,0.012020705245001942
252,0.012019709972492595
13003,0.012012504993917775
32132,0.012009933429459465
11134,0.012005098478628058
39322,0.012003595632371541
43329,0.012002660869558115
38259,0.011999497648493522
1833,0.011992471593349024
23552,0.011986836765854712
40384,0.0119865936308416
23964,0.01198379392755362
34011,0.011982794795950772
37818,0.011973891655583902
19744,0.01197041570572017
33431,0.01196197308283045
20129,0.011960802888944922
12131,0.011941741127612112
43036,0.011929258877505393
10837,0.011925949495887826
43169,0.0119256351039083
43133,0.011913171687063621
3951,0.011898462569149601
34918,0.011893553825161846
26264,0.011885557494512004
29498,0.011884762303539591
10172,0.011882856037787012
33588,0.01187094174053521
1395,0.011863043232485873
37088,0.011858699810431752
38588,0.01184367783572517
267,0.011827142626063186
31181,0.011826542235480393
7101,0.01181843004977048
11145,0.011809380158254914
19339,0.011802930999049053
42164,0.011798010930958783
8886,0.011796015419509327
15936,0.011781866727397462
37041,0.011780712870169031
9019,0.011780474396653775
28836,0.011778623731960104
25355,0.011778209832694238
27739,0.011776222336241588
12377,0.011772410217496507
41730,0.011772058257668763
10179,0.011762952523193985
11923,0.011762775879904593
2617,0.011760081568282666
2759,0.011757004361707093
34274,0.011755723777905801
39834,0.01175395999667496
28196,0.011752199484345567
15302,0.011748773637140804
15790,0.011745715049262332
40143,0.011745153940130268
1521,0.011744137509327719
11446,0.011743322176512484
11684,0.011735762690260833
37402,0.011731878406740998
43114,0.01172653443517272
6221,0.011724160556288749
27464,0.011712035791541361
37235,0.011709439943548453
29036,0.011707272805954645
24902,0.011700358618041029
11182,0.01169708923541187
13500,0.011696243080788059
6378,0.011691522067043233
4626,0.01168861659157135
22567,0.011688576409919778
4655,0.011687326477098078
22804,0.011684713888572406
34645,0.011683589891990897
13662,0.01168257809061722
31858,0.011676303470800238
26749,0.011671456227736124
27841,0.011670549233899234
10889,0.011664515827517609
31847,0.011656935753172136
10980,0.011656408303240858
31999,0.011653852884643162
22967,0.011647285433362109
11391,0.011646691942549211
24980,0.011646682945404153
18862,0.011643527200692082
43353,0.011642474376783825
41415,0.011639246147204756
36224,0.011628835490618813
6213,0.011625376763223609
3241,0.011621751041113062
24217,0.01161810028251079
19166,0.01159515302266301
22524,0.011590770720407744
14316,0.011579032324235664
43174,0.011577335338100481
24307,0.01157312215582138
7315,0.011566437344793644
10435,0.01156597359483564
40854,0.011563931082843336
22042,0.011557178997948786
2281,0.011556515063691243
19137,0.011555836675411102
5849,0.011552946001588705
2681,0.011538907196815787
8071,0.011524012602179187
32564,0.011511669694607088
8890,0.011508093950952335
31793,0.011496047601645248
29846,0.011475790273020748
4995,0.01147507707181844
16166,0.01146530602095017
13854,0.011465099179459735
26455,0.011462455301647287
42470,0.011456799695475067
35329,0.011449904087460813
21633,0.011442018127655358
3299,0.011428968552045072
10270,0.011427275204652617
34630,0.01141310150190995
8250,0.011404340296805681
15508,0.011398726004402213
42177,0.011389800324253654
39233,0.011388407709193688
806,0.011384861617291546
38840,0.011373665098710937
6991,0.01136397597982106
25853,0.011360985577938151
20630,0.01135284805659103
5129,0.011352570946846064
38784,0.011350312667632903
37456,0.011343728859967669
32772,0.011343501368708249
38519,0.011337842984300074
2472,0.01133254907624139
27706,0.011332133076284064
32434,0.011322550011100597
1939,0.011315138302884971
13564,0.011310902142169073
2196,0.01130641544156753
41530,0.011306310476211917
1194,0.011306262113997108
20080,0.011305221744435608
9406,0.01130505996758243
39582,0.011301967917829663
32160,0.011300302529281653
9952,0.011285092976130149
5684,0.011280766083129232
38105,0.011275370524282834
29825,0.011272540828367532
37695,0.011271423291632004
277,0.0112686097444621
41858,0.011265069735492173
29608,0.01125499711543308
8864,0.011246610318962718
29485,0.01124443338719365
25873,0.011236031683978595
23579,0.0112320225183941
39892,0.01122246445537201
15522,0.011218001359709266
27655,0.011213214397434853
31076,0.01121187637049639
35562,0.011211497507771864
39936,0.011188416850557032
24804,0.01118525843560384
27461,0.01118050449923101
174,0.011179910311232527
43209,0.011178972937089394
39855,0.011169176893896387
6957,0.011167685092313367
40444,0.011162407620859226
1721,0.011157315265980874
5564,0.011154605211564809
3655,0.01115444413324895
42677,0.011142613858114036
23516,0.011137286131882746
5238,0.01113725971461513
11547,0.011133612909303979
28623,0.011122634733538979
40200,0.011119897624574951
25357,0.011113678638226064
5813,0.011109417916347689
24299,0.011106810866652923
26048,0.011087996044426578
7842,0.011084565866523502
31205,0.011080565478892131
41060,0.011070633232401405
14366,0.011068947603421307
19407,0.011056273446853114
2669,0.011044780099138602
17745,0.011031613658406027
14984,0.011023427084797938
24660,0.011019823921736874
38584,0.01101796519922129
37858,0.011015773336191657
1247,0.011012802897459067
12089,0.011006961919282982
37943,0.011003535592827155
14704,0.011003305713634106
26026,0.010993815173635828
30539,0.010984916559725093
6844,0.01098383002079735
21364,0.01097887262352682
9651,0.010973763592681486
23169,0.010970067680410475
39687,0.010966382491755368
9608,0.01096205692489859
6767,0.010961849061164885
37904,0.010958735809813774
11387,0.010946700289078128
35210,0.010943982319608263
43293,0.01094177615577495
556,0.0109393432255233
32484,0.010936413412775587
9189,0.01093354965843253
41784,0.010927317692197236
28541,0.010925609811861619
15193,0.010925275130741504
28567,0.010923479131971853
42768,0.010922163082425086
25657,0.010921388670239346
38732,0.010918276705248111
16148,0.010904238354882294
33304,0.010894578795445198
25056,0.010879011851943772
1709,0.010875414806236503
28627,0.01087142059213942
12471,0.01086217414564586
14086,0.010859805302217558
4813,0.010850567387042714
19084,0.010840574371805911
23564,0.010838156876117371
11154,0.010838133744572084
33413,0.010832299743371897
1058,0.01083207053748585
557,0.010830381267231499
24483,0.010826979808462695
36512,0.0108266714392593
33397,0.010826134847456037
37837,0.010824602883086015
36826,0.010815368673915707
26509,0.01081463740464527
1273,0.010809272407841195
38812,0.010808049043601284
39982,0.010806754662192311
23399,0.01080671108549804
26178,0.010800990877885771
34286,0.010798794381998664
32637,0.010798674733240837
33391,0.010796768563143848
14267,0.010786266793347366
1295,0.010785883078791452
43214,0.010784877878232759
8779,0.01078008364838925
2838,0.010772034100657732
38366,0.010770237342484633
19198,0.01076887076178469
10128,0.01075713587733816
41173,0.010757093546381165
9097,0.01074987161868321
36830,0.010749042157622238
37700,0.010746804492569645
6940,0.010745937291460648
10008,0.01073693797693161
34819,0.010736054614618502
33237,0.010717469395871006
42391,0.010704110763861317
32716,0.010701467863389784
9307,0.010700848368134357
33316,0.010698261441955613
12658,0.010697947520387613
6363,0.010680088966417102
6606,0.010679311929987214
35585,0.01067774419050577
39288,0.010674011836597415
17292,0.010667089588932532
11094,0.010664276435838992
3791,0.010662788386429626
42989,0.010645400430472718
34008,0.010643095241235077
22423,0.010642820235802451
33315,0.010636843559815909
1715,0.010635733054229261
37055,0.010633473765515647
12842,0.010626258742424868
9160,0.010623182889681535
14574,0.010619364264683535
33690,0.010606296907434521
38700,0.010592068093475963
5170,0.010591802876228457
33056,0.010585283310446883
29272,0.01057917380126212
9068,0.010571071661284497
23234,0.010570481425599475
42041,0.010564119659085814
4342,0.010563650604797045
26276,0.010561547172655505
35204,0.010553784234100135
12751,0.010553379471471811
8467,0.010547489099654054
40515,0.01054630251599112
12135,0.010544076533460418
4758,0.010536972470045817
42217,0.01053320501690875
7860,0.010526318632620825
8572,0.010522073158115756
10468,0.010516866024097175
5521,0.010515906665167097
41712,0.010514591683800947
29994,0.010504444214147222
28870,0.01050182960073098
32733,0.010490616426315427
21853,0.010488726171400958
41856,0.01048586265783203
21880,0.010483656888529888
12590,0.010464418260254847
4412,0.010460165910979084
4262,0.010456454604241114
38994,0.010450677161170888
24704,0.010442914523038893
4190,0.010428743738284393
24256,0.010423390766413809
11401,0.01041438822441638
32490,0.010387930515088175
10383,0.01038230268984396
5945,0.010375302416504223
32811,0.010369242398966545
35701,0.010364862843402326
8562,0.010364083763611373
9622,0.010360659528409467
20816,0.01034898308673634
16697,0.010345213697862846
15893,0.010344704421567276
32351,0.010339704642765414
21905,0.010337858676850883
15191,0.010336006976355134
34176,0.010332105346503646
33297,0.010330409675130948
13162,0.01032741193514634
39593,0.010324251654552613
41746,0.010317672050726543
15899,0.010317233510859726
33577,0.010314152517600829
37996,0.010309159883878233
23453,0.010308323426602725
36043,0.01028665150884224
35633,0.010283028573127238
9803,0.010281203975164858
34211,0.010272892637756896
13898,0.01026919424933131
36365,0.010266856016485859
33183,0.01026064384707496
11881,0.010260487654308021
2468,0.010260362381233911
25517,0.010260121075746888
41653,0.010252215440686819
14942,0.010244100612860463
21548,0.01024164841737026
23498,0.010241335636712144
17190,0.010231780857814335
1786,0.010229555775524368
11910,0.01022939330215812
27627,0.010228484193332875
1,0.010220491631933327
31802,0.01021745534618425
5984,0.010216548021804937
32832,0.010213549819470924
238,0.010212649725286918
25242,0.010203347084933114
8929,0.01019894825444847
3670,0.010198026983108914
2359,0.010176344897576954
19405,0.010171840384667886
2485,0.01016661119706976
11921,0.010161543526891187
31990,0.010153937974240376
19151,0.010152224403976983
9567,0.0101395074531765
36508,0.010132824443547173
21296,0.010132028748616788
1496,0.010116347423259843
5195,0.010115148183854014
11218,0.010112673451191963
36727,0.010110395504201872
29194,0.010109291291654155
2998,0.010098969379952819
40910,0.010098198709965998
36728,0.010097085764705983
5185,0.010094961149708943
42167,0.010093696228650154
37017,0.010093677000451795
3665,0.01009038646390218
27988,0.010083786452721934
11085,0.010083129223187406
6110,0.010073398978575107
42290,0.010050630472795821
16406,0.010049813949850862
4601,0.010047632880226462
26533,0.010043546173316513
37240,0.010043301618386914
31579,0.0100307903069719
37937,0.010030300563649045
23010,0.010027393056581903
24465,0.01002305344243094
33562,0.010020966078175339
37302,0.010012615275267974
2237,0.009998984316482426
11637,0.009996921127372238
34600,0.009987644768601976
23726,0.009983086071242903
7646,0.009980558895644148
17046,0.00997964905713369
21062,0.009973590737160648
34268,0.009966027686341578
22757,0.009963729600229466
13903,0.00996078802917484
21266,0.00995684239215672
2263,0.009956784672639022
9038,0.009955947514828744
6806,0.009952106678166147
28283,0.00995205845983835
4070,0.009948121508497127
4966,0.009945833749764089
34101,0.009943697775047321
27732,0.009940752768594093
3191,0.009939644444349516
14473,0.00993496096504295
14921,0.009929262938023875
31991,0.009927662075088628
35512,0.009922968377353928
38026,0.009922534201676507
5658,0.009916721035045295
5621,0.009914620885515596
3367,0.00990839865212353
37559,0.009897520924353795
19191,0.009893027852176267
29778,0.009891407726807869
41305,0.009890891053924438
35118,0.009884162005422782
5843,0.009871018550356166
38952,0.009866668254501382
12084,0.009865091443835801
12532,0.009863967043621405
43227,0.009855962883742297
40827,0.009837135736994625
34761,0.009834875217982425
37739,0.009832320115311299
25944,0.00983173375058932
16192,0.009830541154444915
41598,0.009821918702235624
1491,0.009817649214734941
32586,0.009817334417762598
12019,0.009814617761787443
9672,0.009809284319790473
8013,0.009785195892840187
24728,0.009784552133167162
1169,0.009777934695682148
18980,0.009776149977015328
9133,0.009771732645733675
31764,0.009767373114514467
4706,0.009762873458605494
1347,0.009746906832711804
28516,0.009736042008284648
16471,0.009719569941928253
34269,0.009715605332128759
3016,0.00970920909844178
16908,0.009708638979978349
20645,0.009706084130861832
16600,0.009700900877578916
714,0.009696362350785023
24247,0.009693321830315812
7448,0.009692745860734028
29968,0.009688959631555092
26979,0.0096872090771462
1111,0.009685806533780693
29993,0.009684844521032765
26986,0.009682704276313714
16210,0.00968010982107799
16057,0.009679538722169338
10709,0.009679071035435367
4429,0.009678140286956422
13099,0.009676865815144731
16468,0.009674369664331032
2793,0.009668175528352157
13399,0.009667864208290836
38095,0.009662852810361605
8533,0.009659512035890333
13047,0.009659050133502982
21344,0.009655829987245896
37404,0.009649387495900474
43306,0.009644036429771706
40216,0.00963646046427319
29517,0.009631828264211592
3565,0.009619506876556095
5298,0.009616536803527346
38996,0.009613439414275109
7319,0.009612285824138781
43346,0.009610114275006156
36713,0.009608176965792652
19200,0.009607177248742686
29983,0.009606876120137404
14205,0.009596884328438198
41865,0.009588785146895488
37583,0.009580481445828775
34195,0.009577889852369476
9639,0.009573559429585475
29415,0.009570103768974
17913,0.009557950264562229
17779,0.009556557500748285
28822,0.00954948007395907
22386,0.009545524340811531
10698,0.009540551962768217
8342,0.009537915936906435
318,0.009535975754137409
28710,0.009530570588738152
6817,0.009529482125472577
32425,0.009522553274066687
11133,0.009518361731043609
8261,0.00951518248545899
15890,0.009509439394767467
26086,0.009493464825797947
17213,0.00949177441055064
11712,0.009490762136505567
42913,0.009486965543277605
17188,0.009482991714546248
8866,0.009472305743758343
4340,0.009471220298650648
21604,0.009457097412552027
32176,0.009454390305623103
9056,0.009452549750426833
12216,0.009450870489944528
42053,0.00944715036011948
34312,0.009445305171679684
40692,0.009444959088048228
25895,0.009441599554551061
10466,0.009437315821972948
25446,0.00943678989970421
26561,0.009433250267499433
28896,0.009430363157846705
43276,0.009429275707747318
16178,0.009427398531549266
1766,0.009426780674319601
6888,0.009421704815132303
41490,0.009416211757602872
36186,0.009415362301258272
7637,0.009414836461255589
32352,0.009413759217752617
20027,0.009412594507219478
42299,0.009407311845990678
23291,0.009404091015192125
10971,0.009399725108712651
26105,0.009396504359558416
38580,0.009395568779226576
24423,0.009390080844259375
21507,0.009389249534087218
6134,0.009374938558840416
8456,0.00936201596933056
35696,0.009350964063302958
16321,0.009340445676304501
16815,0.009338281146691116
15253,0.009337141121809521
41824,0.009335197559882841
18979,0.009326062097273267
23946,0.00932074168437917
17177,0.009316019277808162
42158,0.00931439597465366
10803,0.009310220930057858
26983,0.00930803039845439
2764,0.009304235907008008
11595,0.009303672596233992
7857,0.00930058101066108
41429,0.009290416023379622
39867,0.009273670926401986
15324,0.009269039195588654
14568,0.009268822617565514
15897,0.009266802660949362
6272,0.009252099014762042
28532,0.009249438592301413
38225,0.009247729969734584
13453,0.00923680041454397
24460,0.009226312701320061
18849,0.009224147643038584
40501,0.00921241732478451
31956,0.009206513308508283
12991,0.009204329749437698
3498,0.009204193507425346
11174,0.009195973905492875
23760,0.009192715926740338
29200,0.009190897418709041
3052,0.009189815540430366
8793,0.009189299007972817
40505,0.009188118286411202
38145,0.009175102117168177
31182,0.009162394138247158
992,0.009152642410163893
25568,0.009152194611453827
3992,0.009150250798476242
6397,0.009139113061618418
42049,0.009138214466767224
42798,0.00913810168439687
15003,0.009130763789503647
314,0.009124048507734808
15821,0.009119501681905643
35318,0.009117727304582364
8582,0.009114346597895784
4160,0.009113848100009914
41130,0.00910622704266458
29861,0.009099015445838639
8589,0.009098403920248618
21897,0.009088825813515606
9598,0.009084497548107832
12787,0.009073347619141107
3984,0.009066064400623138
35861,0.009063563771303143
39575,0.009045434037933607
5985,0.009040845645726098
39005,0.009037510550826789
14668,0.00903537305877822
32639,0.009034803767168661
21674,0.009032431575747084
38571,0.009030959909280857
22680,0.009030050256637258
5592,0.009029363019011716
27545,0.0090248603424819
5134,0.009018963565372871
13108,0.009018421455506088
17105,0.009015454507548667
32412,0.009012483703560666
29653,0.009010656254147818
24812,0.009007127961711433
31072,0.008997845675705695
9249,0.008993781480291582
5085,0.008993748326938101
36686,0.008992458707227037
20418,0.008987887211166537
6557,0.008987384118148879
26353,0.00898400208698589
40448,0.008972498602357108
3475,0.00897019940438563
13743,0.008968402376055097
31660,0.008964096252702777
7436,0.008962233474193147
3927,0.008956568074658604
30070,0.00893670201504381
28762,0.008931755995323821
8887,0.008930137811669066
2324,0.008927426826554275
8639,0.008926409968772234
14390,0.008926269084191613
8577,0.00892472044911154
29379,0.008921435187540057
32629,0.008918139658400825
39958,0.008910471633250537
30100,0.008909618379925297
10619,0.008909112485891327
12159,0.00888980766912047
42316,0.008884363794519484
36363,0.008880776814337412
5960,0.008880348593604103
12363,0.00887660147768395
34012,0.008868456634456571
29979,0.00886772062105973
20253,0.008866910816713789
29313,0.008865782041182007
12859,0.008864972173927347
10480,0.008864257078889107
34911,0.008863251511215673
28134,0.008849101979997592
32407,0.008848000145912506
4890,0.008845873764111317
203,0.008843927577764933
36607,0.00883438684491214
21278,0.008830414852565744
2274,0.008830008821259635
25600,0.008828973643529211
10450,0.00882844536277848
33623,0.00881544563216968
5369,0.008812765955547293
8594,0.008808558603325644
12728,0.008806871431661485
9117,0.00879361728047483
29203,0.008793249290113648
9066,0.008793225800080446
31127,0.008792109169128134
14635,0.008784240049383168
33901,0.00877985682237919
40534,0.008769712452882423
2039,0.008768406118209362
34618,0.0087658057037784
19233,0.00876047143442706
28458,0.008759452194197768
35936,0.008752274238002662
1245,0.008750721194688043
23380,0.008746378842326954
35785,0.00874246560884265
38916,0.008742000043648558
630,0.008740565122764514
1764,0.00873691116860366
27811,0.008734128105332159
16885,0.008733811785271937
36652,0.008730178362110345
28915,0.008729279378975744
14026,0.008727090102086138
38711,0.008726117682423009
24868,0.008722054408705172
42229,0.008721635119781926
13192,0.00872134355717053
9434,0.008718436603331499
475,0.00871574230657801
218,0.00871286392966939
38437,0.00870753892729262
11465,0.008703915947023346
28746,0.00869904251415193
7828,0.008697893543998856
11509,0.008694403073381879
40202,0.00869209688586062
33825,0.008689966514134865
8618,0.008686333955935637
4189,0.008685721115910162
38233,0.008682495506054044
37842,0.008677236508769252
32696,0.008675775480805663
37059,0.008675092052278056
11566,0.00866798294047984
34283,0.00866776939805722
26020,0.008664245857678731
11793,0.008661222630026865
6715,0.00865898535663597
37803,0.008658720886287882
22880,0.008651900545718972
24220,0.008648867790977845
2651,0.008647831857543923
42013,0.00864082125788015
6741,0.008635706959163823
19186,0.008631753592383253
42295,0.008625788547407084
41419,0.008621988960001629
36998,0.008604550149416655
29001,0.008594117191613364
5820,0.00858450100591963
32724,0.008583958672422669
38011,0.00858007936454337
9303,0.008569948339286178
36883,0.008569846011397637
16953,0.008567301096329373
1358,0.008566644040001492
7447,0.008560393184450338
15532,0.00855826012271122
34049,0.00855769623792231
31622,0.008556402479285897
22634,0.008555777499748262
26057,0.00854844297550019
16581,0.008542934452202512
3151,0.008530285085671678
10225,0.008528773991800296
5245,0.008528364855624701
14303,0.008524058392241712
8236,0.008517320190464708
32011,0.008511388426884077
31337,0.008510510371718735
28878,0.00850807879781228
22414,0.008508044318760505
32802,0.00849746252973838
6142,0.008474865941282855
2904,0.008473042619053905
9142,0.008458874306142894
11705,0.00845594914761067
41091,0.008445299361501539
192,0.008436151968101907
391,0.008435967811170828
8360,0.008433858328455402
15606,0.008432815741188409
24176,0.008430425316932392
35339,0.008430197139361561
4559,0.00842802023525958
3014,0.008420756394650356
34699,0.008409993873264743
33005,0.008408486842937204
8747,0.008404553910842681
3049,0.00840279443620528
19260,0.008399543798638975
14558,0.008391298541146777
41543,0.0083898318764736
40218,0.008387853609880572
9816,0.008385794766716675
41247,0.008376596115272944
42063,0.008367330853092585
24938,0.008362696829464595
25326,0.00836131654029585
23299,0.008354234148329068
2978,0.008344085257744993
3993,0.008343817396173491
12415,0.008341975884541025
36280,0.008340259088113722
22018,0.008334750783712482
18190,0.008328821132840176
31769,0.008321239144047395
43211,0.008318409576424256
26261,0.008316975644513325
29839,0.0083128467284835
9902,0.008304617188900376
37616,0.008302556254601955
38701,0.008300835540348645
13101,0.008300247609609596
12147,0.008297119630689676
32118,0.008293233477839555
2456,0.008292519667464365
42953,0.008290910336376104
33382,0.008290719716190208
26508,0.008278124571354453
40421,0.00827760509258308
28387,0.008269399498577973
43186,0.008263148392278277
6638,0.008262247053941145
4974,0.00826192451026718
5480,0.008258475380964041
38717,0.008240931761330658
2271,0.008234147593128422
7634,0.008233328611099067
28655,0.008233078890857228
26123,0.008231518486670808
38235,0.008228744463953759
15938,0.008225090726566481
43255,0.00822489496356772
31063,0.008214164387243452
1905,0.008205859811588008
17103,0.008204905379264962
36664,0.008204270584756913
38514,0.008203209404596686
1276,0.008201115231852504
20849,0.00819923745941269
13882,0.00819751643955022
14987,0.008197053060041239
20812,0.008196375521918889
2243,0.008194891508118314
4331,0.008190582257635543
4622,0.00818352222663882
34655,0.008178120217319935
31520,0.008174294758515516
906,0.008166109192594292
23130,0.008157052830699821
14904,0.008155775126595904
23947,0.008155062743115924
9486,0.00815402389583305
24648,0.008149214418219948
32792,0.008143202845443967
38343,0.008143195134015426
34854,0.008142776345580667
34153,0.008134003217525228
35036,0.00813243659514403
7172,0.008128929953461532
13942,0.008126122043007864
25775,0.008125823751044472
2486,0.008119791995352914
2416,0.008119058543645604
22681,0.008114388069003083
35126,0.008114312296993553
1013,0.008108827653169611
40562,0.008102120095185395
4796,0.008101453674719665
21647,0.008099830999362548
42254,0.00809394814521099
11467,0.008088070773740241
386,0.008083777630238272
1516,0.008082527627592727
39305,0.00808228431574936
15566,0.008074844984212504
10329,0.008074500335242037
19103,0.008070434595383025
10597,0.00806149112732305
12617,0.00805888634632579
40912,0.008058724004585337
37196,0.008048185773319498
28089,0.008046283035815883
3829,0.008044916912036558
40678,0.008044285454124387
5207,0.008031389167793916
444,0.008024431360678673
29786,0.008011991462975293
33209,0.008009197014481854
24949,0.008008980446673083
1078,0.00800510078683329
14200,0.008003340443664107
6860,0.007983320718404224
27612,0.00798280428370008
29078,0.007982113904321917
16635,0.00797748425563277
7907,0.007974532479406807
6784,0.007967403766245272
29511,0.00796507306894762
24397,0.00796243368186308
32620,0.00795573593069754
28478,0.007953155568283257
31217,0.007940370683533116
42326,0.007939278552696351
24163,0.007936389893069268
7643,0.007935591492351715
27553,0.007932431291786252
25118,0.007929788632414959
6165,0.007929382476647658
9471,0.007923261051901305
8091,0.007922826419251417
29815,0.007913257304179567
3718,0.007912435867579996
16862,0.007910873279063348
9155,0.007910853989524647
4968,0.007909872284941687
16466,0.00790916243028721
21236,0.007900203285411954
12535,0.007890265979428835
9096,0.007888872222545276
33457,0.007887774563835643
36356,0.007886466923792556
23879,0.007885975602213081
11177,0.007883193710518509
13048,0.00788232921691167
19223,0.007877295698614577
7463,0.007876649658850692
40737,0.007867427874672709
15020,0.007866410021260284
43254,0.007862459116621048
32612,0.007859320427951205
39079,0.007856288530418587
3301,0.007852299406253368
16526,0.007841897710715107
42896,0.007841837808441679
39663,0.007837571141302773
6477,0.00783526560131032
39030,0.007829575437856551
22917,0.007828225474486436
31839,0.007824211007180596
24410,0.007822174341414056
1286,0.007819103836249326
43351,0.007818803305270674
43284,0.007812485504004081
26571,0.007807847283165947
3653,0.007792105108338015
12540,0.007787000742685305
40726,0.007782758708448166
13536,0.007782251265608278
20489,0.0077773646502682986
29500,0.007777187872788918
29954,0.007776097182152644
22652,0.007772624718420782
28137,0.007769125348678567
37382,0.007768100296417077
22488,0.007767927944888026
3172,0.00776734817808516
43137,0.007766278146294741
1689,0.007752367033295322
16925,0.0077471349192900635
19177,0.00774320019889046
2840,0.007743117561060735
14168,0.007741980513858245
12259,0.007735578881086911
13814,0.0077290762878126015
41990,0.0077250884579536045
6913,0.007724893629000607
37407,0.007719636517093115
35098,0.007712438539788324
15710,0.0077011789450726325
4245,0.00769818467998995
22784,0.007691927788782337
27905,0.007686500762966384
5439,0.0076697103441479885
3364,0.0076652192914079265
16297,0.007665190110053775
39476,0.007663901732007637
36720,0.007661927049384267
26558,0.007661717568883252
15658,0.007659421436940812
40114,0.0076556733788884345
6628,0.0076517947212712545
11561,0.007638301694188392
30109,0.007636018510595372
33635,0.007635490111143224
38497,0.007627870471764434
963,0.0076274442699860905
29267,0.0076262994991205925
14590,0.007625278509474557
33447,0.00762351896569987
32946,0.007618539902618955
36611,0.007610240789294914
6774,0.007609190239089645
29557,0.00760682748129038
29860,0.007606383791950232
16077,0.007606054639069945
16332,0.007597210463995614
29051,0.007596001488904614
23091,0.007590339509791641
19438,0.007580245926203891
9851,0.007574783810644118
2932,0.007566857970764797
26830,0.0075628733633427
26172,0.007562343974876707
33265,0.007560603958613907
39842,0.007558041381935891
40255,0.007556720134159713
1565,0.007555120335482022
33410,0.007554529237812921
1321,0.007543358011942562
38613,0.0075422224191553444
6748,0.007536993146237767
1771,0.0075358595360277576
12987,0.007532109267732777
29947,0.007530914456902491
38558,0.00752303386335395
13091,0.007521797293046609
23668,0.007520601822676415
16854,0.0075179298498896365
34839,0.007512055430214738
33308,0.007511694304870464
32467,0.0075054504545560286
9982,0.007500329506757847
7893,0.007491630006568029
12687,0.007480926068826146
11819,0.00748068567101987
32880,0.00747653794077854
38103,0.007468608905540211
10925,0.007468496422083712
25061,0.0074671047749697295
6398,0.007466162699808059
17010,0.007464434642283267
36253,0.007460712316313494
5139,0.00745953978743302
12217,0.007452053425375939
12997,0.007451057562715313
19238,0.007450024817570669
38523,0.007448871746908142
13026,0.007441872994688617
5979,0.0074404152953394505
14769,0.007439636125771169
29312,0.00743951015861079
6242,0.007433981838176499
307,0.0074326923288909556
33285,0.007425600240366798
24866,0.007421208528580475
41522,0.007421097034454415
32327,0.0074127442487873394
39952,0.007407944316042274
6525,0.00740072436416364
19514,0.00739800060214377
5951,0.007391639380787262
23832,0.007388338330720713
13173,0.007388112347708598
9840,0.007387097795428881
13420,0.0073825367344158704
6160,0.007381366290435659
36638,0.007378636804801165
2499,0.007370888802709782
3642,0.007367615817175029
13034,0.007363392934665227
16670,0.007353487409594001
38345,0.00734832877778435
15451,0.007343694162846901
13070,0.007341197265682813
42216,0.0073385313338707805
25539,0.007337692657683757
31424,0.007336295294470286
31655,0.00733607982924074
20529,0.007333404797956035
42591,0.007323933476504333
14221,0.007320646745577761
14649,0.007320630465527059
23744,0.007320452325817111
21622,0.007315859756413971
34435,0.007311041148728379
4038,0.007310895538533731
26703,0.007299209166703171
39507,0.007292352378006331
2195,0.007288501437925893
24698,0.0072854317509712194
39586,0.0072829601374312615
7299,0.0072816331759679226
10999,0.007281130303741072
6782,0.007277780211296736
5425,0.0072748227116004715
5109,0.007273951116413431
39870,0.0072739373733480914
12209,0.007270155669187559
38965,0.007262612163188324
37831,0.007259952265969162
20813,0.007259716428015918
37533,0.007247250422491335
28937,0.007246404608406607
5831,0.0072437838596806844
11804,0.007242813787588176
369,0.007237289681986913
241,0.007235090787747415
21600,0.0072314103463950495
39831,0.007225931623543228
36679,0.0072243969884380815
6920,0.007207086796945021
33230,0.007204990369343197
12072,0.007204061572726031
43188,0.007195258710404123
3426,0.007194046574982255
3007,0.007191622620378008
23611,0.007182709789505292
15342,0.007179194864426795
40167,0.007178420627604463
41339,0.007177646224723937
9668,0.007171321112505378
41567,0.007153977482538956
10927,0.0071536998311349164
14209,0.007150113752956189
16039,0.00714934376336951
13801,0.007143643255437304
9505,0.007138012744576751
33922,0.007132593382160516
26341,0.007129894666574051
24058,0.007128418161518622
38692,0.007121444645544176
16404,0.007119797060665136
1582,0.007118106294294987
551,0.007117577677834139
3370,0.007115293722737904
33929,0.007109118856663645
28437,0.00710869344880577
4789,0.007098721999235591
19350,0.007094919362723846
34985,0.007088909674935733
5150,0.007086949903478021
12577,0.007074843096925549
15010,0.0070639687607633155
19449,0.007063482488895051
35538,0.007063119067309249
36985,0.0070601748855411905
10212,0.007046775660123881
38808,0.0070449944886233655
15367,0.007041003977588503
3368,0.007035100419529462
27031,0.007034105889981056
1906,0.0070307426497441755
12240,0.007030629019964677
12435,0.007024050709542228
34833,0.0070232180275932804
13375,0.007017005199953496
19109,0.00701569690778229
20651,0.007015161284702552
25372,0.007013318041844805
3353,0.007007100000941383
10594,0.007006358453231327
24727,0.007006330110423175
4983,0.00699373229378674
10681,0.006993231595229658
11002,0.006986269942547214
43345,0.006981879729770075
38961,0.006979855017727507
11408,0.006973832880735916
43059,0.0069626914319366375
13866,0.00696121538530164
31164,0.006958078103930512
14237,0.006954969577900409
22522,0.006949221772314132
118,0.006947905315272588
35281,0.006944603825971126
28759,0.0069377057318092015
19102,0.006935081567527164
32943,0.006932142040000479
32523,0.006924563394290614
20819,0.0069229853702829965
43014,0.006911174777172945
38060,0.0069049366823566985
33156,0.006886925318268549
30019,0.006880605002723935
1233,0.006878764243636451
23319,0.006873773670945548
11119,0.006870573373263145
24212,0.006863930426679917
6026,0.006863027171569378
29427,0.006862781756048187
24785,0.006862502834486118
6410,0.006851138420665105
33803,0.006849189197293595
5327,0.006848273752845257
257,0.006843972816046662
14967,0.0068430288768856415
25484,0.006842771215535319
10554,0.006839174568881415
33086,0.006838060531720825
13332,0.006825058207818409
8299,0.006816444849298041
37275,0.006810706839139087
660,0.006806817511736615
16852,0.006806641040055513
18973,0.006793314941476819
31109,0.006790873372808239
31722,0.0067905374703133535
40718,0.006787577565759573
10294,0.006786240437007272
39486,0.006779101208548162
15485,0.00677675042555396
3099,0.006774141240456418
2819,0.006770761301924828
10221,0.006766994411494935
34329,0.006763521464333122
7698,0.006763305965072034
9463,0.006763206479704194
31222,0.006759980738636518
9494,0.006753244715256217
5754,0.0067514909989380275
20643,0.006748313396690545
26708,0.006745983301710063
14913,0.00674515572435228
42392,0.006742210369207806
14406,0.006740166551534012
39172,0.0067352409220338885
9786,0.006717925954137392
4810,0.006715125438088941
29077,0.006709788984216039
68,0.006705589484437943
42212,0.006700961800921233
5926,0.006696597726619253
14322,0.006696289463190573
15328,0.006694290410620056
10506,0.006692037302025588
14919,0.006691795295761571
18859,0.006690856210965019
29053,0.006675188064403129
33396,0.006675083233192615
19235,0.006673965504969298
31849,0.006670935198625542
24806,0.0066706729933012675
8515,0.006668753212813064
26428,0.006657388634806262
13432,0.006647509432813053
16281,0.006643748579117173
38882,0.006639868378157856
10948,0.006638933164868604
37000,0.006638922823718022
42134,0.006638638780330952
24228,0.0066381646532617505
40011,0.006632933506273045
36784,0.0066292018073688015
36729,0.0066290082686107496
4970,0.0066248719144721396
13437,0.006615385272194189
1113,0.00661499961098764
14292,0.00660894437557581
40988,0.006602633831088926
38845,0.006602624263119069
8569,0.006599292592599881
13575,0.006595486202272777
30028,0.006594057558314774
3384,0.00658583899067933
5659,0.0065771482139783365
11841,0.006564447498848072
10791,0.006562980954832845
14395,0.006553965756589798
14944,0.006553818008219513
38362,0.006550455561667833
39195,0.006533533210078014
11304,0.0065318656286598754
29476,0.006529555775817336
6344,0.006529491969438384
9717,0.006528125431990522
5208,0.0065279764459885686
10427,0.0065219844436416865
29382,0.006518275632751306
15457,0.006518207861397466
26525,0.006507025319173513
28847,0.006491432304783295
11576,0.006490189769096423
6307,0.006489187103372484
24239,0.006487408850428673
29408,0.006486548555449261
41484,0.006483556330217679
26514,0.006477266800143078
2789,0.006472460076204286
23271,0.006469566530807966
16172,0.006469036294632222
1495,0.006468846380694777
36293,0.006459658728815033
34157,0.006454603364457208
11620,0.006450976069996832
26896,0.006443705716907875
1893,0.006438168866883398
22542,0.006431636734012218
16124,0.006431000583710388
11869,0.006426063880721524
25850,0.0064227036099068595
33345,0.006421845252194382
1622,0.006415750191604351
39545,0.006408600625387464
26865,0.006406868090589223
16669,0.006406586696019758
4669,0.00640618288782572
26731,0.006404744925972597
43145,0.006400600495822452
38108,0.00639106588777968
372,0.006386555415606034
6768,0.0063862581538483
35924,0.00638607008591239
13553,0.0063856866945994776
9702,0.006381244973336596
27962,0.006380330211033468
38684,0.006370305620727502
33184,0.006365372261455801
4176,0.0063566896401201795
14557,0.006351450058410719
14381,0.006349906798568817
34642,0.006334820132156055
28886,0.006334316352253806
10591,0.006332517817869615
26338,0.006324229092918307
179,0.0063239770392330375
12317,0.006321740123246667
19171,0.006320062209584382
22795,0.00631595797031391
37895,0.006315687556826764
6818,0.006315553472443033
40415,0.006314545073428638
15947,0.006311229960754137
5970,0.006310837971794125
6831,0.006286942841299998
36628,0.006286561633556804
9542,0.006275855895369071
35390,0.006269753842037455
37036,0.006264948027501197
1733,0.006240367795740302
6162,0.0062403086552217215
20314,0.006237544587445609
21243,0.006220486130526049
41742,0.006220113718266233
19494,0.006218488134672888
695,0.006217986583744761
19527,0.006211657115209823
2214,0.006211076935117562
31975,0.006207286553377921
41158,0.006203709108603268
1522,0.006200855039936435
28375,0.006195966734643954
42003,0.006195680676276956
8462,0.006189775295790201
19435,0.006189012272234348
17149,0.006185373431838342
5913,0.0061798017890704665
39455,0.006174663905908751
7539,0.0061703528093044755
9769,0.006165423155705475
31635,0.006165212577596079
29728,0.0061537830049096945
37102,0.006147442987372571
22817,0.006147016207803389
13382,0.006139346522474154
43334,0.0061362765033016325
28726,0.0061337251951578305
18398,0.0061314679304904085
33158,0.006127996836211641
6901,0.006127787331273073
507,0.006119156508727197
19796,0.006114193060561066
24665,0.0061058470790187535
28818,0.006101823020928486
2955,0.0061004399686679055
19275,0.006098527891195845
21545,0.006091533767517009
9499,0.006087874934433067
8285,0.006086798363896609
4001,0.00608573187992019
34244,0.006081835408632082
8439,0.00607753794030973
43291,0.006071071501069055
32376,0.006057151080513582
12529,0.006054235599190377
9588,0.006050557821377909
25801,0.006045469492429375
13379,0.006042746501123865
6538,0.0060356291570913155
16325,0.00602993455150393
28664,0.006029028902339851
31102,0.006027782560965415
24586,0.00602384913412775
4431,0.0060180690221159575
19228,0.006016416533837901
19319,0.00601496611101501
36980,0.006013437270457644
25251,0.0060112535410388355
6225,0.006007152104941046
1971,0.006006337655864526
8073,0.006003933916517569
11748,0.00600279308038505
9701,0.005998211301323561
23701,0.005996655739389184
28675,0.005994122254691046
7503,0.005982626594484875
23006,0.005981447252869297
41388,0.005969897688601297
2109,0.005969018418919136
12134,0.005968685705685926
35148,0.005954384015824425
40589,0.005950564660744036
41519,0.005949593002628771
2574,0.005944019367014311
16053,0.005930055421716589
33126,0.005929239478950454
43282,0.005924570789247635
38441,0.00591580747721088
8028,0.005915257056597687
15109,0.0059127902907614395
15311,0.005906184527470921
278,0.005898915045701031
11187,0.0058955330777647336
761,0.005894037097444541
2301,0.005894017839716419
4635,0.0058894217241646524
12406,0.005887675893040017
10700,0.005883289586863889
2691,0.005876686826916792
33349,0.005875907668659648
5180,0.005875387210669441
9365,0.005873259086481021
11828,0.005870169705567619
19114,0.005869815225850162
19464,0.005869437144143227
15382,0.005869396634650456
20655,0.005865804286367003
23908,0.005864003112383191
31564,0.005862761144298766
11305,0.005859850136139487
24908,0.005856091718176194
11270,0.0058491233797772066
17218,0.005843391153205648
42243,0.005836908444788621
10400,0.005835412637991462
7542,0.005830474984999553
41844,0.005826393663948133
14025,0.0058262473359034315
34738,0.005826206241578769
32749,0.0058247345069372194
9900,0.005824717961438039
38698,0.005821370319232981
2300,0.0058208746999595246
42457,0.005803072215050326
36689,0.005802957460144624
5485,0.005798178521188314
10031,0.005795439334273229
34221,0.005795260778802293
37814,0.005789334614355416
6775,0.005778055721517473
32701,0.005772312643983956
9977,0.005771190742349373
35208,0.005768640307384677
6835,0.005766153452856045
7763,0.005756305463898662
6469,0.005754149258608965
7850,0.00575146218608052
39334,0.005749273519249662
4760,0.00574111890136435
29546,0.005735561890394933
42170,0.005734551827597499
29631,0.005734051732084967
38462,0.005732353035460898
29766,0.005725221208917643
10392,0.005725088092596675
21484,0.005724595004672492
14991,0.005722784185499959
32567,0.005719729272891337
16243,0.0057114587629830986
40830,0.0057086407358985375
14576,0.005708267505445155
37725,0.00570544237777254
32561,0.005704333516337615
42120,0.005702888132677403
14058,0.005698669759190942
15926,0.005696578402344513
11117,0.005696147341861507
14328,0.005696058535614499
42152,0.005692639670168761
16960,0.005685778905213026
12845,0.005679536281165278
36162,0.00567940941663134
21269,0.00567667707788138
6112,0.005672229647853072
11251,0.005667978277177141
4076,0.005667687298168663
35724,0.005657631506254007
16456,0.005650376462543958
16785,0.005647812172182802
34920,0.005641790987175711
40404,0.0056416806227313045
3753,0.005639915062289389
27909,0.005630472122191343
34747,0.005629899318022672
12528,0.0056291901500490115
36780,0.005627383034845777
16185,0.00562674464819744
20811,0.005621096092283474
31511,0.005620897424076275
38528,0.005619819689674937
3346,0.005617486130811752
41363,0.005610163043688462
40971,0.005602244741562732
10699,0.0056019426305359814
9857,0.005600044020365748
9201,0.0055901495233704555
13506,0.005579655297289567
19410,0.005578762958471385
25753,0.005578318080990369
41471,0.005575932621737074
26962,0.0055686228279488445
40381,0.0055677979692953196
39267,0.0055673085531774795
37723,0.005566362524739556
8971,0.00556249479468906
41994,0.005556734948999978
28505,0.0055390141374776925
24364,0.005538010267999786
7300,0.0055365555420927035
10230,0.005533771298208249
33873,0.005531851898055709
31692,0.005527033708807045
589,0.005526697737171104
14709,0.005524993312666404
10626,0.005521333580369962
6696,0.005515712444233638
42121,0.005512936847300727
29039,0.005511339113839164
37061,0.00551112613849646
4745,0.00550693806812084
34530,0.005503571788723495
33420,0.005502805836689471
34005,0.005500094575671975
33489,0.005498552451051692
28895,0.005497336208864585
7176,0.005497073139085586
32269,0.005496670759607196
39409,0.005492523803780276
4444,0.005492453366658623
24182,0.005488848100706382
42184,0.005482458695350516
14937,0.005481784901559655
7364,0.00547935355475117
13997,0.005478808648304137
27647,0.005476415077373862
21313,0.005471662623346158
12222,0.0054636800648653165
4236,0.005463035108509555
12627,0.005453432995612153
23289,0.005445743051951738
15444,0.005440255853039733
9105,0.005431319772375618
2443,0.005431156223322773
38308,0.005424206632147324
2042,0.005422238504102664
28051,0.005421998384675059
41255,0.005420125528135593
42130,0.005418388460097349
27599,0.005416821280205787
32502,0.005409960719626358
9455,0.005402881451867444
7198,0.0053933042803743355
22465,0.005389497118221191
16126,0.005388684117730064
14343,0.005384654244095919
6227,0.005382126395989874
6812,0.005381880733770469
43310,0.005369644672915972
34024,0.005360676374785571
29108,0.005357854459128796
19270,0.005356380220635766
33707,0.005356073559687586
3072,0.005354094853026729
39084,0.005344611346808539
41492,0.005343615779681196
1096,0.005341947894806072
17234,0.005341019879924732
8538,0.005340756716252209
6119,0.005337564828497364
13273,0.005333851698191139
42825,0.005331061194125536
9758,0.005329856191541378
42183,0.005326836935214917
2053,0.0053205544701291725
6773,0.005320296876885178
38855,0.005315025304109831
16587,0.005313643326734888
23714,0.005309696828736194
15106,0.005304759490895227
29708,0.005303190980318172
13912,0.005293790631524054
6075,0.0052913785253879304
2816,0.005286390486765057
10943,0.005281141864444902
22284,0.005278530528918505
5484,0.0052768993543530745
9473,0.00527422804424718
25939,0.005273061127973997
35837,0.005271913556594438
3728,0.0052700213135983085
29753,0.005266674512807718
37515,0.005260113960648873
17050,0.005256517121509429
16549,0.005253827369005935
4193,0.005253293036648231
8080,0.005247924176087141
13649,0.005247461951260219
4637,0.005244940461318079
12646,0.005242827510058391
5682,0.005240846202330825
11842,0.005237036837048544
11589,0.005236909458711902
26620,0.005235854285180219
1793,0.005234516648103625
32949,0.005230531335389897
13532,0.00522510873205109
32479,0.005216002280339582
3149,0.005209073618941961
42557,0.005207674518118056
34872,0.0051997028120722225
31720,0.005194756746675569
31220,0.005192641025436511
41341,0.0051925751800478565
28360,0.0051919167218643135
27009,0.005184492649511995
36697,0.0051829157877994626
42030,0.005180230815741662
39260,0.005177851862388683
18972,0.0051754820641328044
14665,0.005174801733166885
25460,0.005173499132899664
33883,0.005164055472627739
16005,0.005161934378161399
7167,0.005159707123934229
28336,0.005157525955910595
2900,0.005152562911244741
42259,0.005151008945605461
21495,0.005144036051583269
29738,0.0051244534114011
16021,0.005117672864550332
22583,0.005117169671160311
38526,0.005115441222740782
28125,0.005114328244934555
20558,0.005107388525940521
2639,0.00510626770689988
28636,0.005097138961056001
24475,0.005096141873717255
42505,0.005088804804036868
16247,0.005086062416340222
18960,0.00508538057615712
4577,0.0050848513242269435
26791,0.005080262352724839
34313,0.005069585438958808
28164,0.005065974748626258
42728,0.005065480828346893
7153,0.005065465341289051
8457,0.005065074294185416
31812,0.005060779985519534
21403,0.005058801399531269
1903,0.005057227676891982
24645,0.005056729351218374
29063,0.005054201727446776
6098,0.005050568925397992
35789,0.005046757419430848
29539,0.0050454152244272955
33401,0.0050437697748828576
21918,0.005041748703528902
41364,0.005035844109006729
32387,0.005028415170113375
5852,0.0050192814884090315
21462,0.005018694726814718
15162,0.00501516631166825
25152,0.005008130189034426
39401,0.004986614176645412
41609,0.004983421804840282
12530,0.004982286375158802
11729,0.00498092902231251
37198,0.004975323574305649
37998,0.004972804675519943
43019,0.004961660861172256
25492,0.004960906771728705
10784,0.004958881475567891
28371,0.004957359212752926
272,0.004952204637253673
11196,0.004939506598853441
26405,0.004934979940585894
21535,0.0049338154299937665
36681,0.0049312331204064645
43292,0.004922048409436155
11994,0.004910959658726438
28295,0.004898116178838922
11138,0.004894334216253155
38586,0.004886289398991042
35833,0.004885095181569312
33132,0.004884176998093073
936,0.004880926973666255
34202,0.004877345906820274
31148,0.004876122477625731
34416,0.004873677855656551
36704,0.004872929017880855
5350,0.004870969766922751
4173,0.004868044447536325
9263,0.004862521917681751
42509,0.004861306107759793
14440,0.00486031596733867
21396,0.004859720101473138
2206,0.004853377688831147
10967,0.004851319553069995
12940,0.0048440410919380495
12667,0.0048417671390585375
35214,0.004837999993654112
1383,0.004834948461864715
38398,0.004833447437453468
7983,0.004833405913859307
13507,0.004831663932622834
8046,0.004822294149416218
13615,0.004814220750113519
25194,0.004809124039727726
33195,0.004807880205329022
12525,0.004804439159620611
39739,0.0047978384436460995
25323,0.004796053821409028
29551,0.004788244307351147
16499,0.004786670056917872
10135,0.004781741386419042
34896,0.004780206256959313
17075,0.004774974126501332
1529,0.004769562597846437
28083,0.004763935802532713
38077,0.004761527141855337
25601,0.004749800379382637
22491,0.004744368544358618
14444,0.004743766130793901
36381,0.004738947495553177
8077,0.004737014470849823
38805,0.004735268891979777
29793,0.004734676315876926
10083,0.004728536607352729
38761,0.004727966041228875
32028,0.0047255052087070044
25415,0.0047242139337291475
39590,0.004723605188392029
32247,0.004721884382695708
14848,0.004721206627714024
10604,0.004716453445286529
32966,0.0047061623864817345
11592,0.004702238271495688
2517,0.004701505582541889
8040,0.004692800325919316
26356,0.0046922999637058855
4746,0.0046908964224937864
15538,0.004690011044063705
38967,0.004689017212821674
3033,0.004688135528681752
25544,0.004682687839693487
39402,0.004682039406752283
161,0.004679807480950818
7159,0.0046744479618473014
34088,0.004672608509731855
10715,0.004670967760864904
1911,0.004667552896430849
29337,0.004666168609093105
14822,0.0046621347867450815
10419,0.0046601649084148
11678,0.004659356462411237
4390,0.004657390012335891
26793,0.004655752662584186
26564,0.004655068780909769
31535,0.004653544216667427
2417,0.004644069246901259
16416,0.004642467877092635
36922,0.004633115962916963
12076,0.004621536999600243
32346,0.004617937127510132
12858,0.004617172434020699
32326,0.004607752147074597
474,0.004605570421992611
37542,0.004597065942104028
2346,0.004593581574798366
166,0.004586053312752726
26981,0.004584112999527522
7764,0.004577385812459411
37946,0.004570964471810595
28963,0.0045704238670350094
42064,0.0045699048787905495
7801,0.004568948190896433
16804,0.004557011846934901
24958,0.004554561151254437
2041,0.004553646719021803
33409,0.004548641466157287
1680,0.004544698541891313
11888,0.004544395726789026
12008,0.004538264512684647
19065,0.004536095024333638
125,0.004535861113715078
28955,0.004532004135151873
14157,0.0045178246835187825
11350,0.0045141669568222525
21765,0.004508690710146133
25981,0.0045022487095814495
7861,0.004500584401386845
13844,0.004499712315118026
29658,0.004493482727162325
20552,0.004491345504622717
12921,0.004490700549944443
34404,0.00448867446449438
22974,0.004486633327970223
35162,0.004486595538581113
23135,0.004486459536071879
39698,0.0044847991209209185
5783,0.004481323237769271
11288,0.004470227217186313
16944,0.004466563565538312
26106,0.004464212571321253
39175,0.00446303742269423
17525,0.004460448157800768
14253,0.004452318026876621
17069,0.0044503009789652985
14055,0.004447943002477932
39615,0.004445737502795229
4446,0.004441922400090075
41365,0.004432140149917414
39694,0.0044285153842794755
38906,0.004428037345299382
10799,0.004426997216377231
17428,0.004425911278193633
39115,0.004424126796055051
550,0.004421397272880979
7221,0.004411904007002363
37968,0.004410670404729661
31315,0.0044087669344205485
33007,0.004403835743072869
18600,0.004394856890948686
534,0.004383705186225449
31327,0.004382563426227904
26174,0.004377130461131552
42043,0.004375563179602573
24433,0.004374620642768315
7073,0.004372662147413931
18937,0.004372394921071252
9549,0.00437038947957508
27082,0.0043580087192882
37498,0.004354853070671799
41442,0.004345745948656059
3293,0.004340166354005293
23972,0.004335509209118631
16103,0.004327638329591861
34524,0.0043248511714399935
31882,0.004324146063892177
16822,0.004321250640938495
8629,0.004317777014615415
5929,0.004314237590701873
9339,0.004307453684638985
3208,0.004306117140910078
25669,0.00430605377247041
12220,0.004295820417224807
6396,0.004295511151593905
40405,0.0042952724084725745
40427,0.004292872102933921
18941,0.004291071750582421
14939,0.004285614415728645
929,0.004284816166998033
39757,0.004280335975342966
15640,0.00427798596041917
14950,0.004276274007971016
37716,0.004271214212496455
12376,0.004266702567946081
16904,0.004244100283171749
414,0.004234655214623057
39165,0.004230310724983917
32887,0.004230289018868456
34039,0.004229072831651524
407,0.004226217471295915
26470,0.004217042447791769
41610,0.004210327697044681
40096,0.004208137070721617
14230,0.004207536077224036
32116,0.004203785567853164
40376,0.004201162466905234
12599,0.004191877715564611
901,0.004186099888281252
41740,0.004179703319890968
41206,0.004176714150574093
4491,0.004174783165898827
31789,0.004173724893674961
33655,0.004171828886641895
38686,0.004168646176782585
4599,0.004166975552400871
21192,0.004161605968213408
4752,0.004158989778610037
31462,0.004145115890122584
10564,0.004142765083033341
34578,0.004138967203423628
41031,0.004138331096712578
41352,0.004135070087426659
2917,0.00413493751178319
41735,0.004133861562036976
35062,0.004132035124504787
41210,0.004130365641693141
11902,0.004129961764370456
11857,0.0041269836381563315
41080,0.004121888208269542
24001,0.004119148473011877
190,0.0041180892305012675
19313,0.004117007348556412
41838,0.004105723117274287
12434,0.004104204817237987
34591,0.004099153049783479
1428,0.004092741462976247
42939,0.004090251716439481
5839,0.004084394966405706
2142,0.004083768128030318
31110,0.004083168700301926
1018,0.004082222693034161
23967,0.004072668801505341
1749,0.004055737550272403
41989,0.004055322988476895
43299,0.004046963644675824
29599,0.00404026055389057
25607,0.004035730331204512
15989,0.004034220690247344
34405,0.004032836386391004
8525,0.004030322435696646
15172,0.004027665560492002
17187,0.004026629737614985
12436,0.004024158227370911
5834,0.004023431642004085
28448,0.004020547932947067
39424,0.004017375426491592
22484,0.004014000539872187
18920,0.004000859658134864
16058,0.003999825406344376
25278,0.003998409008337744
27701,0.003996431742485031
33445,0.003992911189166305
14655,0.00399216661069962
5091,0.0039900697275490424
28618,0.003986394300684649
37733,0.003982444599392523
1789,0.003982269543368488
41797,0.0039709784403153
16010,0.003970298743666398
9466,0.003963880866705936
24520,0.00395716171829853
35983,0.0039523970261949835
8833,0.003951681392837611
15310,0.003946694193480084
11018,0.003944925650488391
3034,0.003944411159248169
14052,0.00394087294630785
7766,0.003933868872007939
18957,0.003924357402462061
7012,0.003920375501544633
27972,0.00391683641951231
2172,0.003916784663718264
26503,0.003913764067378648
7106,0.0039124077909503865
25932,0.003911120298301622
18886,0.003910987803811556
8430,0.0039041361378955243
11673,0.0038960521679790717
26482,0.0038860133660823413
15314,0.0038839147108661104
19268,0.003881858273714329
2036,0.0038800778811208716
23729,0.003878157264629506
9449,0.003874030356892967
12079,0.003873281337373392
7554,0.0038701297247500563
15322,0.003868700147850506
1653,0.0038668038494252713
194,0.0038597234494751344
15621,0.003852560860118772
33688,0.00384467962903677
2167,0.0038402665893932544
27201,0.003837521031902205
42971,0.0038356533930856977
9931,0.0038352318724547917
26254,0.0038332706265526697
39527,0.0038317892978948233
23863,0.0038300309117532522
36346,0.003828320623012243
1481,0.0038238039734890335
10146,0.0038221978612671477
7504,0.0038209532013058784
32838,0.0038138388221835204
40294,0.0038107075189208334
14725,0.003802873373934738
9547,0.0037985998286391813
38678,0.003791561684838617
10872,0.0037901255986287066
13752,0.003787328966340859
39283,0.0037872388282036385
35601,0.003780424506712945
21224,0.003778106932801036
16830,0.003776003082487105
35279,0.0037746690701093654
20553,0.00377313539637469
24672,0.003769712091392561
32019,0.0037620200871450967
39295,0.003761646061895432
456,0.003755837918628893
130,0.003754511248833205
2593,0.003752465703864763
5871,0.003752003374189414
6511,0.0037493966124615523
1511,0.0037415022309493008
16098,0.0037372810278563534
15705,0.003732223081739291
6172,0.0037314245432280837
8640,0.003730627703208018
22374,0.003727676608155548
13071,0.003726301102312379
32163,0.0037257911777423664
9557,0.0037243076677916094
37299,0.0037229094033317477
16487,0.0037166507559152177
2470,0.003714306434054367
1270,0.003713905995739572
3714,0.003712674954897477
13617,0.003712478389310688
9017,0.0037120198789110243
39619,0.003712008574903453
28526,0.0037050676597610585
12628,0.003703382385195649
1046,0.003703179991242441
41967,0.003697212210159345
4955,0.0036972094671436683
37366,0.0036882621020999174
20818,0.0036876787242689484
39947,0.003687171282683942
39236,0.0036834486174555144
36649,0.0036831615500854697
10102,0.0036804576007120307
25184,0.0036775333387258804
12429,0.003675789420034505
5015,0.003672433725446664
6522,0.003671101645704354
33649,0.0036685882988372353
5277,0.0036523875055348865
392,0.0036502746163421945
39023,0.003650001378883334
41110,0.003647374559283455
11137,0.003647071414172349
40840,0.0036432713783774687
14358,0.00363761990611662
33432,0.003632331393180624
21298,0.0036280714074641753
5019,0.0036226516822215004
36245,0.0036193724492423807
22660,0.0036157150928140943
31473,0.0036132579591342316
38364,0.0036125608072625458
39685,0.0036106345606130253
3403,0.0036088687112152324
14541,0.0036083184836667465
7552,0.003606660934788357
36589,0.003606343641647796
2601,0.003604416561657373
23860,0.003600563014551851
28242,0.003599232158511681
39902,0.0035979105801735942
7238,0.003597760946765722
2302,0.0035946122674222394
10640,0.0035810900188921113
33402,0.003579887696725255
37815,0.0035649652380912128
14813,0.003564663296724787
8468,0.0035635665663951784
43081,0.003559758603737045
37502,0.0035506297134566627
9278,0.0035505841268727925
7820,0.0035409123663738655
5160,0.0035333429503771963
25060,0.0035319942456345324
20628,0.003525097898578823
42042,0.00352379018749501
649,0.0035213320276252028
15361,0.0035151736025291307
26908,0.0035139480240584113
41959,0.003513507076086695
14214,0.0035111435615824828
36650,0.003505800321796839
36166,0.003505795529716818
26958,0.0035057503467940303
38481,0.0035019589623239947
10846,0.0034987246472160827
34182,0.0034931970047417426
37864,0.0034910032221266416
40775,0.0034839308779794514
11553,0.0034767149085039328
6949,0.0034763024302044998
40145,0.0034651958072758064
34563,0.003464988543422169
41481,0.003460262793814779
10485,0.0034588172808870765
40529,0.003448542896041077
33347,0.003446749968340947
33399,0.003445893814475357
11507,0.0034451618864365474
42411,0.003444797107754882
11734,0.003442770202140951
22455,0.0034412128213431254
19391,0.003419907773018582
13151,0.0034171548314178416
26308,0.003414385176471794
37905,0.003406437467844061
310,0.003403211109113092
39127,0.003401079576031712
27122,0.0034007107796541498
3645,0.0034002455084216504
43241,0.0033917294999964644
25111,0.003390100405735724
37641,0.0033876863971456467
6892,0.0033848982514939423
11992,0.0033833020356935587
16808,0.0033820127465024026
11530,0.0033777602401649054
28345,0.003375439692726459
34784,0.00336228529742214
23116,0.003353133433194298
29657,0.0033523760209483817
6329,0.0033516981692739995
34128,0.003349687871993742
2851,0.0033430261617235168
16045,0.003338870999894682
39802,0.003335189106907744
26324,0.003330782992588846
34419,0.0033306355940632467
29383,0.0033285854161427225
22802,0.0033269964814493205
9776,0.0033256602766877836
2270,0.003323173744060303
40466,0.003322231690459316
28944,0.003319931887080615
43231,0.0033144456217251367
25950,0.003312454449590151
26412,0.0033110250652771444
4330,0.003310493940722983
4382,0.003310323701294475
8469,0.003310301190686795
16424,0.003308385073032994
12645,0.0033063326435757165
36921,0.003304755968156849
43328,0.003302316830770925
13766,0.0033023035522463657
42429,0.003301447268023375
10531,0.003298060174448333
10341,0.0032966827957476765
7000,0.0032876573844070997
12097,0.0032837442035630127
10267,0.003281201762042343
35994,0.0032773363450249115
11580,0.0032724221843427165
16293,0.003269676104968236
39194,0.0032616710310319863
37726,0.003261144513292161
3864,0.003259394674295598
33948,0.0032564758373638033
41924,0.003256187465701639
6946,0.003250313440444087
25501,0.0032474049849886086
19317,0.0032446600096676373
37431,0.0032396376028271624
12190,0.0032294986946243493
29253,0.0032266856902625094
15932,0.0032080820135956816
43230,0.003207163935699544
9665,0.003206501293445406
9787,0.003204083739496585
15164,0.003202202794838326
10041,0.003194211313624757
33892,0.0031938542662429195
36313,0.003180349776955478
37966,0.003174994781352653
5331,0.003173551898922422
29286,0.0031720769732527655
9917,0.003171137134244479
9148,0.0031656055814820398
36170,0.00315723348549395
5605,0.003147446755518416
38725,0.0031472783840192794
26638,0.0031431470825961194
12266,0.0031396632643914376
34415,0.003133836190917077
14817,0.0031167056616475245
22819,0.0031056000066921087
26566,0.0031027379990163887
20696,0.003102152248313555
7602,0.003094572309101436
37432,0.003089023944759918
10702,0.00308769436499603
5097,0.0030838202658718095
39658,0.0030799693566477813
11103,0.0030795146037265663
897,0.003078357748000803
35017,0.00307539165692833
24257,0.003075098361289437
3856,0.0030633105150617438
23823,0.0030608799776086623
11227,0.0030594701568744916
34278,0.0030506488241443556
43151,0.0030500801883367326
20557,0.0030482262208616382
12833,0.0030428738498982652
36444,0.003042110653350638
23778,0.003035723549131768
13305,0.00303362091656309
16509,0.0030259396476672485
25023,0.003021140738445252
28663,0.00301665180294812
6918,0.003010160717272862
9217,0.003003480655949492
6693,0.0030019285521332172
26028,0.0030012019152486635
36735,0.0030010372738227932
5858,0.0029998129892903056
12753,0.0029940071218157996
8487,0.002993837563602876
2614,0.0029923730120235744
42794,0.002981682101308536
31229,0.002981048018308054
2483,0.00296787525350298
38702,0.002965497611240288
15021,0.002961769402666565
27150,0.0029606763124813275
1266,0.0029500873627298814
3205,0.0029484423673976916
40541,0.002945818544666064
27060,0.0029450434993345135
16331,0.0029447605785584
9496,0.0029424318249427605
42779,0.0029417705413926866
20649,0.002937786097300489
14029,0.0029368059109038326
14356,0.002936319008617188
3918,0.0029354780059890435
6751,0.0029329106985535895
42126,0.0029286075923747176
24124,0.002927614712195221
28617,0.0029258932101487575
43208,0.0029240139618937166
17131,0.0029239797783689
14740,0.002913462448006191
6950,0.0029123844974425113
10617,0.0029067986951216936
33493,0.0029036758143635203
15737,0.0029030535967962015
3813,0.002895025019209058
6845,0.0028922545894700773
29145,0.0028894914716896167
37304,0.002885149447906034
6039,0.0028784140288614086
31301,0.002876040411122003
20707,0.002875464617809163
15756,0.0028734732429756844
14570,0.0028669683993415213
42247,0.0028598951011551614
38310,0.0028588687247040404
4814,0.0028511263341793954
36796,0.00284456967943624
40607,0.0028409492375963425
15845,0.002838492996039828
62,0.0028335501611232833
9754,0.0028288039737581834
7945,0.0028259326302196913
10780,0.002822258444590423
43182,0.002819608963811596
34158,0.0028123466447050943
23328,0.002796775770207307
12261,0.002793982765281684
3520,0.0027933776347924357
15429,0.002792861744018696
9528,0.0027904517714512672
8641,0.0027901677195367367
39414,0.0027889150141499654
28367,0.002788596691030329
20845,0.0027865606450733333
14265,0.0027858754494367614
27118,0.0027800457376396274
34227,0.002774770637519232
3351,0.0027683868254636383
32777,0.0027682863271864524
13923,0.002758489176142781
12254,0.0027583360759620675
42374,0.002758231267611169
40469,0.0027514785563252544
33127,0.002748291702547045
4108,0.002745495725484494
5427,0.0027351316740584514
14548,0.0027318060159096068
39150,0.002729472105013908
24811,0.0027273335565071435
5756,0.002726783966647653
37913,0.0027264234546358493
8029,0.0027258919299517803
21447,0.0027254838386732063
32253,0.002722334481344151
838,0.002720455768456607
29619,0.002718249526842513
4743,0.0027165742403211183
23553,0.002716169835672639
34512,0.00270791706401144
27854,0.002707816187203275
10582,0.0027009458827125486
35153,0.0027004156818431434
11300,0.0026907814711329627
6133,0.0026902304138613792
27955,0.002686473495941114
15982,0.002685220908178359
21435,0.002680405669416491
31257,0.0026802988327262298
32432,0.0026789483796222082
25793,0.002676308665689626
23283,0.0026756752297704346
3041,0.0026683858153177292
9037,0.002667995393966769
21538,0.00266649889136314
43207,0.002663593421895442
2161,0.0026613103234580915
38141,0.0026606704326146346
10968,0.0026594719104429607
17185,0.002658674744015053
5559,0.002654040610255744
5838,0.002651078188240186
35109,0.002644140713325279
9005,0.0026426185901703915
37995,0.002641796791581673
32996,0.002638094427267917
11074,0.0026370626557146093
28536,0.002632965269659365
10513,0.002631033708979217
8806,0.0026281477736815346
42574,0.0026226916840708216
37008,0.0026217383844062488
8026,0.0026123660725284096
13772,0.0026110836158562884
16335,0.002609755160654101
35032,0.0026088007423899504
40735,0.0026070252867479893
19541,0.002591302268649547
37298,0.0025900467968282483
38433,0.0025872796291496456
4200,0.002587228113971943
17052,0.002582593418709433
26663,0.002577928301502648
28683,0.002574933057901187
32347,0.002572557793047253
6383,0.0025724156103190897
16744,0.002565978239580896
38591,0.0025627812558857844
40631,0.002560264251389262
20637,0.0025588015187447237
10263,0.002555364456989422
31094,0.0025492769112026277
548,0.0025458890018582674
13996,0.0025424370787094945
9817,0.0025417385565789717
23385,0.002535108644565124
23483,0.0025298892409337855
13171,0.00252930396506054
2258,0.002519486883776153
36854,0.002516522374850959
6261,0.002515075466288816
29069,0.002514939672366998
11192,0.0025132409973381113
28339,0.0025124172100826417
12996,0.002507111753134629
14485,0.0024953747714847097
2110,0.0024893279184806066
9366,0.0024876804290116577
11216,0.002484349149117554
34531,0.00248203786000743
39418,0.0024781293781564444
25132,0.0024742373703646667
42321,0.0024724670005000535
7416,0.0024719035448376053
37283,0.0024710708530668243
36535,0.0024694364206715685
25393,0.002462838940375475
32770,0.0024624056398474914
41788,0.0024621684256875566
14656,0.0024478795998545285
38995,0.002436678275051113
10796,0.002432188922385451
15644,0.0024305997626180376
702,0.002426728661196831
41065,0.0024262874727985877
13530,0.0024246267015932232
41847,0.002422743910080967
36563,0.0024223767171038264
38804,0.002420994698207417
21379,0.002420648061872288
16967,0.0024197521031990455
23685,0.002407354306213785
22739,0.002407037817352765
29964,0.0024042915034175314
16337,0.0024041323361446106
26911,0.002400427549715009
27888,0.0023986241330285632
19153,0.002398427783674035
36878,0.0023903414763184762
26943,0.0023881360764942488
25523,0.002384636816421431
38749,0.0023841497431143573
8176,0.002383089428656071
18978,0.0023817119566771684
37958,0.002381474251522242
23340,0.002378271982084153
5810,0.0023673443612916277
32503,0.002363776271738502
36995,0.002358158951422201
27358,0.0023549659829975762
305,0.0023543288560528273
2632,0.0023499319383044085
8914,0.0023481830859588006
23869,0.002345112031896451
23847,0.0023420088988941904
6427,0.0023377704866687004
2400,0.002336930843931993
4134,0.00233539607391747
5663,0.002332810253224954
38388,0.0023294815963477472
40231,0.002329012203535744
29340,0.002328653957806205
4214,0.0023249121633023484
7157,0.0023246454565450233
4839,0.002319708384663151
19165,0.002317346773435026
2800,0.0023152638237770085
1350,0.0023069185031828194
2321,0.002305088591597097
10178,0.002304474251308264
43234,0.0023036936133811105
20659,0.002302645348313229
34136,0.0022893090341232626
31693,0.002278138204549464
9732,0.002275586143443567
10659,0.002275160770464585
32645,0.002272631556958423
37789,0.0022708376169990633
35470,0.0022685853653135004
43352,0.0022636889486152955
11433,0.0022633860348755448
14539,0.0022584181992697325
40679,0.0022569052783731358
33860,0.002254432687989356
20554,0.002254428816116386
5816,0.002252416146433507
23470,0.0022509444791046765
7557,0.002246422890043246
25130,0.002243730522608977
753,0.0022433217683000663
28508,0.0022386282041921457
36471,0.0022366863729384235
32222,0.002232742069221356
31977,0.0022287656149525066
874,0.002224981720130337
23370,0.0022248227330331333
24581,0.002224279273756167
29086,0.002222286318429499
14543,0.002221983241546019
6080,0.002221863388743822
16454,0.0022183308434207175
395,0.0022174694382572344
16478,0.002217283506146442
23526,0.002214253206567894
9045,0.0022128639788350163
34109,0.0021958733770775594
29413,0.0021818328245469306
34924,0.002176567504870937
41496,0.0021751938004130685
36876,0.002172467318507928
1256,0.0021640902359620906
27413,0.002163151389222963
5115,0.002161886853487814
31828,0.0021542940682635335
38707,0.002153920253153001
16219,0.002150420292613081
782,0.002147304169041895
23861,0.002145349940377675
6895,0.0021403152461986832
14401,0.0021380627036742274
34879,0.0021354244525150436
40186,0.002132672433702667
34851,0.0021293670161239343
14242,0.0021170781898347765
34841,0.0021136167707360436
37853,0.002109478743631607
28277,0.0020983172472519244
292,0.0020973179739721274
12460,0.0020966187262668346
41077,0.002093947763550686
35144,0.0020930539872609007
4996,0.002090951962088596
35710,0.0020907009798863223
33262,0.002090647489804393
37865,0.0020815394618469976
10606,0.0020802847999492444
39961,0.002079089150185961
26899,0.0020779287863813313
2491,0.002077265685234165
37867,0.0020756164277979895
19026,0.0020711531431280446
6200,0.0020709800092052182
31806,0.0020702565571188887
13403,0.0020669699495040163
15159,0.002066470747401383
7478,0.002062481941480034
18887,0.002062121894792305
7836,0.0020580738958441555
11947,0.0020572877902791846
6704,0.0020548248550921154
14398,0.002053864969429358
40236,0.0020469233339178213
20625,0.002046297963343497
32651,0.0020432332677423
2451,0.002036267426515532
164,0.0020343083620943374
14973,0.0020278250172565027
32235,0.002026771076737336
5165,0.0020185858876673084
25742,0.0020155575488799912
7125,0.002011859182717214
29276,0.002004383112005575
4748,0.0020041510982785
33206,0.0020016025331850576
2128,0.0019980219312729615
22559,0.0019946466552120323
8648,0.001988454009410674
43249,0.0019873974806985406
33614,0.001985516503162745
41320,0.0019828620358963447
24187,0.00196496998489818
32762,0.0019615282538074244
18885,0.001954640568922531
28315,0.001951522542959326
6787,0.0019505391595693803
38798,0.0019445910632554934
13577,0.001940362793371299
35419,0.0019360598521174779
21513,0.0019291418796674913
11273,0.0019288144802696728
37729,0.0019279716380684318
28506,0.0019233626380193223
13637,0.0019227325704596775
16186,0.0019204824091006876
43236,0.001917157463785088
4092,0.001914016825069829
38959,0.0019128391635950216
10078,0.0019121706911842038
28921,0.0019115783664407123
37381,0.0019031390547165229
19156,0.001901886943459661
20854,0.0018976021050894133
1849,0.0018969819109205621
3069,0.001896827587242602
41895,0.0018966841005883639
42586,0.0018937457588010624
27166,0.0018932447662374982
8363,0.0018851394859290501
27757,0.001879267755637993
23282,0.001874624646852027
19490,0.0018598324839462811
9059,0.0018515345501578645
28609,0.001846773504556952
32046,0.0018465605365100707
4081,0.0018457496962884343
11015,0.0018454873308169169
41097,0.0018285417717425294
39352,0.001824967938869929
13411,0.0018197834442357098
10983,0.0018135268796691812
36060,0.0018091357234662705
22697,0.0018079198459663131
14575,0.001800261813993161
25010,0.001799048792861928
25629,0.0017941996011436392
36059,0.001791499122196859
10829,0.0017867722308038305
33487,0.0017858949129717844
18415,0.0017779173851954653
10347,0.0017662335758040976
28687,0.0017648907361071462
6181,0.0017619410471848545
11106,0.0017617944400150074
43180,0.0017593307378945666
29339,0.0017440259641356077
5434,0.0017416321003309262
32186,0.0017371946822693214
26773,0.001733628560122479
23,0.0017314238056807363
38581,0.0017304057040551702
20850,0.001729156170247448
2197,0.0017290023515625795
15046,0.0017218091014825831
13065,0.0017208938401839834
36541,0.0017207245227763871
38296,0.0017064501940121598
37031,0.0017048724861679803
13550,0.0016965299928800772
3339,0.001695164274750888
1238,0.0016934221917481187
34417,0.0016871305944108766
32787,0.0016852977250933448
29229,0.0016847093082005
29595,0.0016838936765197546
34402,0.0016789407062571334
5762,0.0016774590571507853
13304,0.0016769547105508278
12790,0.0016742596506007738
40107,0.0016684463631309414
12838,0.0016583460634703635
16004,0.0016515040263468215
9212,0.0016405252533906699
31593,0.0016391167555644748
3803,0.0016347784595662986
34669,0.0016243257055908215
38157,0.001621006197200602
5244,0.0016169864242411298
35954,0.0016098261864440624
33476,0.0016033792863063057
10118,0.0016017142050794783
3183,0.001594169909933504
35792,0.001591081344635854
23795,0.0015872508284479432
35677,0.0015834319222125656
40032,0.001581866952899282
28150,0.0015804276414176407
3544,0.001568780698287307
39728,0.0015605544309899762
33862,0.0015596581785424122
5515,0.0015595932273548471
1865,0.0015538082368877736
28953,0.001552624512893439
4403,0.0015480982877939546
13387,0.0015479736266105232
28940,0.0015427013326824283
6526,0.0015359907697741328
38314,0.0015358842788407892
18049,0.0015337750877732295
15576,0.0015254850453170303
40262,0.0015174477881457497
2781,0.00151713142922942
26806,0.0015147710465633363
10343,0.0015147123028811666
38378,0.0015025856989757224
9519,0.0015024645661986297
12356,0.001492481357043894
20607,0.0014914491143544872
31336,0.0014891687589211188
27729,0.001484280741831261
16378,0.001484203017041506
15453,0.0014789747020334696
845,0.0014758176440648506
12214,0.0014749376204175849
6426,0.0014744169814353576
24969,0.0014705170568467694
5707,0.0014679773028907859
37406,0.0014678193042640345
22641,0.0014660720541949212
13674,0.0014574592726357674
7765,0.0014529701501701203
33491,0.0014526073750768264
10928,0.0014522677794767383
14433,0.0014514494351189667
12337,0.0014420879179604324
27686,0.001435366325911032
3534,0.0014319675806550088
12939,0.0014315748083017052
40712,0.0014295018680789762
33170,0.0014287319209445961
19010,0.0014274244975180429
12702,0.0014273545042019441
12791,0.0014249234451802243
15722,0.0014200226440188694
831,0.001419631616903127
40829,0.0014183411242551667
40319,0.0014085564313407652
37508,0.001389447769197867
25546,0.0013881497126886422
11321,0.0013804319680808608
7677,0.0013748335584549516
20550,0.001373113929809501
12427,0.001371677211127256
38483,0.0013686517365963315
29855,0.0013685896701863046
21253,0.0013665456110367555
15316,0.001364415320510947
3186,0.001361829951203761
39522,0.0013617854999870727
8288,0.001361702368390309
32451,0.0013610315913558154
19554,0.001357725445336932
32122,0.0013564256188585467
23944,0.0013544861596044065
11390,0.0013540403638358965
12431,0.0013539636401530939
22024,0.001351548323935164
14669,0.0013479930529744467
6222,0.0013473858016160608
2277,0.0013449087432268337
32554,0.001344762586528995
15008,0.0013432218300777313
22859,0.001339702740580764
16144,0.0013332955163846871
26060,0.001333255339213071
26540,0.0013312869490547028
27583,0.001330009693092373
33186,0.0013274741604226876
29602,0.0013183487825202647
9230,0.0013168065154523663
35092,0.0013145737816117218
10437,0.0013142451963275932
40062,0.0013117483261774019
3459,0.0013112387007711709
26364,0.001306374577480473
23434,0.0013020935210422554
2586,0.001300938493506771
10530,0.0013003995630848453
37701,0.0012994944596111957
41464,0.0012895658772892876
43307,0.0012890527075254206
42335,0.0012862490947209092
15257,0.0012834630878642123
16847,0.0012807580212939884
36355,0.0012722261571825207
3966,0.0012721323881410627
9107,0.0012718249870695534
28034,0.001258501575702399
18780,0.0012550160556823
4224,0.0012542166099490742
2692,0.0012540033920127919
16868,0.0012451416415735367
8645,0.0012424172244039702
34708,0.0012402818801708051
29891,0.001235581248000336
11952,0.001233168813510881
9574,0.0012291815552332797
38824,0.001228849532113423
37800,0.001226546273041158
26035,0.00121774859256682
15285,0.001211628514989428
31782,0.0012067080624017297
1372,0.001206521140405784
19551,0.001198811765534971
2939,0.0011961320496489403
33321,0.00119226357978236
36918,0.0011820680559173988
13875,0.001180234863474172
5075,0.0011759780928916948
18856,0.0011706707410939475
25223,0.0011696097322057032
15652,0.0011664731573017258
34828,0.0011664397457242476
19286,0.0011653055351651673
25373,0.0011639221645061394
33743,0.0011635415470707645
21646,0.0011580912985624727
6143,0.001157951757764741
32148,0.0011489874542909893
24326,0.0011449643887348052
40161,0.0011290393292700295
4914,0.0011243135441372195
24432,0.0011199286358713205
12333,0.0011115621368369235
20842,0.0011110699511865045
25354,0.0011081720612213246
34568,0.0011072238847044627
35625,0.0011035329867166589
34629,0.001100328250325356
9369,0.001097792593470446
9911,0.0010944035554576353
28070,0.0010913778967992865
10422,0.0010906206902311058
14881,0.0010905884788107274
34943,0.0010875567552176195
43206,0.0010791976389763276
15972,0.0010767886945821474
36215,0.0010723226856721691
27467,0.001069804867204363
40322,0.0010697251838992494
28594,0.0010683125673308104
23803,0.001066743006465455
6185,0.001065171054819292
13009,0.0010642029719278188
37309,0.001061898847013623
32769,0.0010583035757247782
39632,0.0010537752682645734
32174,0.0010524142041735012
38850,0.001050630939399398
25324,0.0010496683481630354
19132,0.0010424948602243136
15515,0.001041764864015726
12871,0.0010395875016395986
37021,0.0010361931167434991
15534,0.0010351690165094746
37287,0.0010343357983638288
4619,0.0010258881149107653
7476,0.0010242889902117899
33167,0.001023190986949102
37281,0.0010221673044064816
259,0.0010089835339233983
6324,0.0010084517596009115
39341,0.0010078892730608349
2680,0.0010036746839154744
26269,0.0010036121970506068
37126,0.0010032986209073177
32868,0.000987983621717436
12995,0.0009846862377715048
16393,0.0009741333310918723
12252,0.0009688045676774177
36746,0.0009674241807597141
2608,0.0009582361083195488
3425,0.0009547304450688563
8623,0.0009528128583605903
29853,0.0009523865614876459
185,0.0009509208000190203
2059,0.0009456957986539689
3747,0.0009410845531683786
42145,0.0009388152864456654
8034,0.0009352608525075991
36829,0.0009277765918681428
28237,0.0009187084547825159
5163,0.0009171947078343781
3265,0.0009097461219103216
23899,0.000903826617804326
41682,0.0009002434935076369
5009,0.0008969879382682221
30913,0.0008954416786719564
12908,0.0008935297192735847
28024,0.0008887693507591677
40832,0.0008869793635091574
10739,0.0008760945001997288
954,0.0008746709936377947
31260,0.0008693924277832943
11489,0.0008691206025796983
35308,0.0008673243846160279
43333,0.0008666650861457703
36207,0.000865971521619477
16063,0.0008638283102208411
32836,0.0008617867155107378
23276,0.0008616349491730681
34647,0.0008600881588655627
9427,0.000858633926389225
29393,0.000854101825568277
7402,0.0008540370030714777
40204,0.0008534811904245259
6455,0.0008510689780974785
28555,0.0008469169022195152
16080,0.0008460168044665777
37266,0.0008429779578501412
41944,0.000833546393815146
33194,0.000833183578127892
7290,0.0008329782129409973
3782,0.0008259278055218913
27984,0.0008235476391513001
2454,0.0008213054422003879
39823,0.000817470589299555
5422,0.0008114305051779941
10807,0.0008039348853604891
16565,0.0007949066794150997
42277,0.0007907403849325581
14818,0.0007907256597947365
26005,0.0007877756564135938
41372,0.000787542421891944
6054,0.0007861980495541955
10432,0.0007797989662241562
11306,0.0007702337720389179
9621,0.0007688422896345048
28425,0.0007687390652823572
8614,0.0007617268573822937
22806,0.0007582011542247001
43289,0.0007579177250756141
25336,0.0007483102724967182
15894,0.0007468019391896148
38664,0.0007454791219276224
42354,0.0007448522197366208
19785,0.0007399932370910169
25701,0.0007343127347023225
13404,0.0007323287477557159
9149,0.0007310183048646703
35555,0.0007279281433817031
40945,0.0007256778885342161
32516,0.0007233329835434902
37820,0.0007223394523089892
16397,0.0007213478188927047
9523,0.0007203643853470407
14564,0.0007186759725812069
7952,0.0007067793877058825
3132,0.0007010057835408702
25524,0.000698838030507044
10630,0.0006987639815673776
29461,0.0006957180520346474
36698,0.0006948443580373676
872,0.0006781699346613788
4353,0.000675569684760568
27896,0.0006688720194502062
14792,0.0006669495450626178
11717,0.0006637675059784372
40363,0.0006518998350275559
21562,0.0006481835192139008
17004,0.0006424204416739587
16286,0.0006410501302489673
29974,0.0006398454426420078
67,0.000636798358153934
18735,0.0006336661969765184
29143,0.0006259956654047321
32131,0.0006234246093763455
31675,0.0006228110413105327
8109,0.0006217036821385076
11023,0.0006208470751910938
26710,0.0006167051302030063
21203,0.0006128752457577787
6350,0.0006088993976521789
20359,0.0006049553084699175
79,0.0006043722536459526
30005,0.0006041039476738035
1779,0.0006009471888222788
14040,0.0005901798956732281
3715,0.0005889617334077417
28502,0.000586991375666827
22650,0.0005861811342915707
37154,0.0005854445746355122
40804,0.0005822904172398567
8628,0.0005772099026781476
37540,0.0005739020204391717
31365,0.0005723930221384443
2403,0.0005692423066728373
23218,0.0005648224316192647
8784,0.0005575726386984422
4590,0.0005558964516638412
7370,0.0005399746610405293
29644,0.0005356784491881748
21618,0.0005314137599911214
32294,0.0005311661637717205
29763,0.0005291682145447346
8822,0.0005264610142621966
10325,0.0005226338060875451
15978,0.0005214798221330721
11997,0.0005181651817300391
31863,0.0005172203028244984
10276,0.0005157896288061727
42386,0.0005113579483624981
33937,0.0005076178304546865
7957,0.000507132896934498
2885,0.0005065306674584961
24532,0.0005031056625105525
26948,0.0004954520544816598
37182,0.0004901261999289951
15943,0.00048539456462868424
6723,0.0004778879723868301
13480,0.0004717734360761644
43332,0.0004653234061336787
22699,0.0004647490098859444
16752,0.0004598674907858847
15725,0.00045790104925812187
4866,0.0004547596107048336
31886,0.0004536147634137988
35103,0.0004510239264622545
26546,0.00044511899244606065
1619,0.0004414836889052295
24406,0.00044002622502370837
13118,0.00043989035111260244
6519,0.0004391505746414134
24875,0.00043897550450707693
7103,0.0004377564727318849
25804,0.00043227579378983397
2182,0.0004262261938813923
22167,0.0004251043644370834
1214,0.00042018806480391066
9653,0.00040868862197261484
3659,0.00040222336222622715
24652,0.0004021346472928379
12809,0.00040145221803094015
32628,0.00039720117251706
497,0.00039043035077534534
43221,0.00038521676620728644
42348,0.0003835524571939555
31542,0.0003824305195296786
8922,0.0003792423231520901
25584,0.00037848445620219804
13286,0.00037440576738765593
35984,0.00037349701664893525
17265,0.00037028257237791486
24084,0.00036875241274233854
28916,0.00036713387542950125
34900,0.0003647184272750629
36730,0.00034618780605353086
38427,0.00034293011510888165
30073,0.00033837573043489554
11548,0.0003303240436416981
41558,0.00032444234872370327
40162,0.0003241233287919968
10202,0.0003235147119461691
752,0.000322624604622691
31553,0.0003213465712399743
29103,0.0003202343568330619
1161,0.00031485528659036836
42199,0.0003097088758714118
3452,0.0003094979601191559
7056,0.0003090148193448928
1284,0.00030544170739732316
1480,0.0003014042630956689
42118,0.00030040341894190453
39723,0.0002980271342146573
8268,0.00029574184739180806
14639,0.000290227584906367
4551,0.00028630811860039744
3427,0.00027732992502785546
21867,0.0002733320183977522
24350,0.0002714523293926091
43295,0.00026797544464177907
42583,0.0002605737745818822
4471,0.00026002706811044927
28889,0.00025992200447424985
40416,0.00025318447993880863
31199,0.0002501186716997134
15463,0.00024098046284003804
6346,0.00023862019735097138
9635,0.00023248494810520234
34328,0.00022933544285379733
28737,0.0002291002966521963
15757,0.00022806068358040152
5413,0.00022362463695440321
34102,0.00021605834836835222
8548,0.00021539042472350572
4703,0.00020365391258929535
23620,0.00020195662015695098
42535,0.0002018189800708374
33371,0.00020079748494458892
35060,0.00019897967386831595
9120,0.00019665099437829204
26145,0.00019546346123220393
34542,0.00019326919117388546
236,0.00019251156107757237
35576,0.0001913602434473997
17114,0.00019078138397106388
18236,0.00018873019006760214
37580,0.00018713288651400973
11624,0.0001864538344344142
24686,0.00017974995250086013
22676,0.00017198966436149724
14159,0.00016551275411408353
32459,0.0001612401738968933
6719,0.0001525924729713674
28740,0.0001453386283544338
21558,0.00014364316012558534
2571,0.00014270249194614019
26607,0.00014112047720541158
14415,0.00013816533912215634
27947,0.00013345485899331466
33405,0.00013308252208554791
40383,0.0001310940627089181
20653,0.00013011799357194473
18876,0.00012366065618944744
41073,0.00012246445588455664
12148,0.00012238840733726472
4735,0.00011932554505735373
5432,0.00011447568628686745
31954,0.00011293039405706337
34133,0.00010836672181485078
32474,0.00010666498761660842
37681,9.780912394164487e-05
1454,9.633123708180301e-05
25892,9.200705935173833e-05
40419,9.055537325886829e-05
3722,8.893125778027161e-05
23738,8.755503090289046e-05
26450,8.617497203495302e-05
27123,7.41736589269581e-05
29092,7.387259294895572e-05
3261,7.071413272353725e-05
42834,6.843993343023903e-05
3517,6.602700123485755e-05
35290,6.531239551198669e-05
33914,5.639612992491096e-05
7928,5.6122883244795786e-05
39779,5.611136917960475e-05
16062,5.281813602124495e-05
7941,4.869513219783481e-05
9460,4.536998599078883e-05
42395,4.0942951385911e-05
17095,3.779323212955609e-05
16985,3.695894252097259e-05
20551,3.478496529513048e-05
19961,3.1887318638409543e-05
10690,2.315346509778913e-05
106,1.949702192337288e-05
27485,1.6141892746783e-05
2880,1.0192476824736437e-05
5105,9.370550386851793e-06
14002,8.550176481765238e-06
36900,5.145618867869873e-06
33805,1.8878415020660279e-06
