gene,importance
ENSG00000197157,0.0038505809397989302
ENSG00000118217,0.003344066892944116
ENSG00000150687,0.0027870318151388333
ENSG00000184897,0.0026764161748981555
ENSG00000146426,0.0026354653402907665
ENSG00000117899,0.0025235944013738878
ENSG00000104067,0.002479081671433176
ENSG00000152518,0.00246797186550209
ENSG00000179820,0.0024645973287641485
ENSG00000143614,0.0024085604625534085
ENSG00000091513,0.002390166139955944
ENSG00000109971,0.0023565578718419493
ENSG00000185825,0.0023285262469662274
ENSG00000152931,0.002297978872343392
ENSG00000211675,0.002291250736134793
ENSG00000198888,0.002286192621289678
ENSG00000127528,0.0022370313210715188
ENSG00000179344,0.0021915564091716916
ENSG00000182326,0.0021615230205174686
ENSG00000198763,0.0021592305430879256
ENSG00000276023,0.002157644088272608
ENSG00000126698,0.002093525215200577
ENSG00000128016,0.002054307408188156
ENSG00000242086,0.0020539157265801245
ENSG00000007312,0.0019944646132457936
ENSG00000086061,0.0019348604657242834
ENSG00000131871,0.0019129134878292597
ENSG00000146830,0.001911708983102694
ENSG00000134333,0.001898524236671447
ENSG00000168264,0.001885711367036541
ENSG00000099260,0.001875267588791276
ENSG00000182718,0.00183606374637098
ENSG00000185070,0.0018325756848961675
ENSG00000054598,0.00181526127478842
ENSG00000166164,0.0018112608489100311
ENSG00000187193,0.0017833347094806768
ENSG00000179104,0.001781625591787996
ENSG00000168675,0.0017602930664295346
ENSG00000173530,0.0017512880435046493
ENSG00000140694,0.0017447187938942248
ENSG00000039560,0.0017243546117258054
ENSG00000109814,0.0017200997999620097
ENSG00000133800,0.0016925837933884785
ENSG00000101361,0.0016804707775761245
ENSG00000134910,0.0016378190996653966
ENSG00000108671,0.0016307354125944132
ENSG00000122566,0.0016285788687564278
ENSG00000197256,0.0015988960559930035
ENSG00000113070,0.001562980968872621
ENSG00000168172,0.0015568442737396346
ENSG00000100376,0.0015275717319181267
ENSG00000148908,0.0015045215157443175
ENSG00000198843,0.0014826091154785013
ENSG00000122176,0.001453584831603239
ENSG00000176783,0.0014491480548244713
ENSG00000177889,0.0014333503684416723
ENSG00000099341,0.001408276035496334
ENSG00000138107,0.0014053491381065667
ENSG00000013588,0.0013765621729024823
ENSG00000136826,0.001371788688651161
ENSG00000149480,0.0013670149212664509
ENSG00000115107,0.0013544377665598599
ENSG00000058262,0.001346682572569649
ENSG00000151748,0.0013425944713689898
ENSG00000137393,0.0013369947174076027
ENSG00000146463,0.0013309033673617808
ENSG00000198563,0.0013183287530625569
ENSG00000067064,0.0013149028331271753
ENSG00000132383,0.0012917142644926932
ENSG00000131966,0.0012784437401640678
ENSG00000173692,0.0012740704651814454
ENSG00000128309,0.0012653192366235196
ENSG00000198369,0.001263330422061102
ENSG00000185651,0.0012552785118885312
ENSG00000198848,0.0012513724170880218
ENSG00000149547,0.0012488878224750932
ENSG00000123358,0.0012396234450178828
ENSG00000071575,0.0012383950340941975
ENSG00000069011,0.00123577863095684
ENSG00000198408,0.0012335696943855943
ENSG00000113657,0.001233048915160264
ENSG00000177963,0.0012265489211100062
ENSG00000183779,0.001226402687228719
ENSG00000101193,0.0012150283364293784
ENSG00000147010,0.0012115441567942039
ENSG00000197912,0.0012115022399658895
ENSG00000148346,0.0012083099767315523
ENSG00000090376,0.0012079247821189726
ENSG00000213593,0.0012033886334419672
ENSG00000225733,0.0011980145891907898
ENSG00000143977,0.0011956829224152616
ENSG00000261713,0.0011947189471222558
ENSG00000136986,0.0011945030928221638
ENSG00000166411,0.001192262610141186
ENSG00000141736,0.001175570155839816
ENSG00000185532,0.0011742348865537257
ENSG00000118257,0.0011699558196669759
ENSG00000099875,0.001167741180065634
ENSG00000169855,0.0011661952201744048
ENSG00000204619,0.0011398488983451554
ENSG00000006016,0.001134424661308235
ENSG00000144810,0.001133310834289785
ENSG00000170242,0.0011308623397187697
ENSG00000113083,0.0011289537215472274
ENSG00000148175,0.001128037142493769
ENSG00000107562,0.0011278690253865226
ENSG00000173926,0.0011277957093257856
ENSG00000184203,0.0011270345783655938
ENSG00000211899,0.0011221712631361025
ENSG00000131669,0.0011212635498863018
ENSG00000146067,0.0011143604363884247
ENSG00000196937,0.0011131204101565927
ENSG00000198899,0.0011107705285556596
ENSG00000058091,0.001104224188829666
ENSG00000154240,0.0010969363428445494
ENSG00000204642,0.0010960384680346338
ENSG00000111817,0.001095823285263172
ENSG00000140464,0.0010950934435752246
ENSG00000165119,0.0010919330036035994
ENSG00000064309,0.0010887347247865763
ENSG00000119326,0.0010854273321564418
ENSG00000054219,0.0010817582992088356
ENSG00000175826,0.0010761757083805115
ENSG00000168461,0.0010714285714285713
ENSG00000028528,0.001068969735308139
ENSG00000008513,0.0010679778833435362
ENSG00000185009,0.0010663645446245876
ENSG00000167004,0.0010609163179544417
ENSG00000154727,0.0010553880976814152
ENSG00000183955,0.0010538927295993474
ENSG00000115526,0.0010492161745967793
ENSG00000164902,0.0010466730050351734
ENSG00000140416,0.0010459608522740435
ENSG00000251537,0.0010440460210355326
ENSG00000067057,0.0010387124470933623
ENSG00000105701,0.0010370063626635425
ENSG00000242616,0.0010360863922110478
ENSG00000166326,0.001028835624334066
ENSG00000101161,0.0010256973053991707
ENSG00000150764,0.0010234504428271024
ENSG00000115919,0.0010221632768448324
ENSG00000134697,0.0010203334761979188
ENSG00000101290,0.0010186665190474512
ENSG00000171105,0.0010084055725533315
ENSG00000046653,0.0010076892854096941
ENSG00000148671,0.0010038010406627528
ENSG00000125965,0.0010030287221253346
ENSG00000105281,0.000999104186015167
ENSG00000173334,0.0009981416172559828
ENSG00000090861,0.000997320871389792
ENSG00000185924,0.0009968256137667414
ENSG00000106258,0.0009922410329540547
ENSG00000114416,0.0009918383641613954
ENSG00000275110,0.0009907115979666513
ENSG00000112759,0.0009895767269000285
ENSG00000185885,0.0009877133323757262
ENSG00000146373,0.0009802630872503895
ENSG00000110321,0.0009801834437993915
ENSG00000163754,0.0009785006481307346
ENSG00000174428,0.0009755912416711847
ENSG00000146833,0.0009751200093665843
ENSG00000181656,0.0009750304554173963
ENSG00000170323,0.0009745825537871457
ENSG00000274049,0.0009732799140163475
ENSG00000125944,0.0009704331879524179
ENSG00000132341,0.0009691816763808252
ENSG00000276409,0.0009684197516029839
ENSG00000156642,0.0009679395452720161
ENSG00000110900,0.0009641732576302275
ENSG00000159140,0.000961946080635279
ENSG00000171951,0.0009606524582777812
ENSG00000167766,0.0009574871019390807
ENSG00000211459,0.0009550858964182332
ENSG00000143418,0.0009550120890613338
ENSG00000070770,0.000954782880454303
ENSG00000178927,0.0009535543034165062
ENSG00000215817,0.0009510437755709462
ENSG00000172354,0.0009508356408582147
ENSG00000154553,0.0009488845273862911
ENSG00000111907,0.0009466210064452583
ENSG00000164309,0.0009428356865088594
ENSG00000108551,0.0009426559231616606
ENSG00000179119,0.0009425777022813309
ENSG00000131668,0.0009424899230862873
ENSG00000172086,0.0009417309535174025
ENSG00000170891,0.0009399742056167684
ENSG00000101266,0.0009388453459825616
ENSG00000131374,0.0009375914467936747
ENSG00000090238,0.0009342059602849794
ENSG00000185022,0.0009331461628089716
ENSG00000166292,0.0009320818995154702
ENSG00000112394,0.0009310049418036246
ENSG00000102755,0.0009294648549023365
ENSG00000049192,0.0009287377999331396
ENSG00000196693,0.0009267955614457288
ENSG00000121316,0.0009248429769429328
ENSG00000117143,0.0009242467846570208
ENSG00000023228,0.0009226979672311227
ENSG00000185920,0.0009196115648441614
ENSG00000114354,0.0009138966816987366
ENSG00000163435,0.0009128222595088748
ENSG00000092201,0.0009127841533142219
ENSG00000189339,0.0009121974444412896
ENSG00000110906,0.0009090617649637627
ENSG00000124614,0.0009073582326313216
ENSG00000120254,0.0009071519886463264
ENSG00000170379,0.0009062295049842068
ENSG00000228474,0.000905585257235018
ENSG00000122861,0.0009044518778595349
ENSG00000131459,0.0008999326711050428
ENSG00000138430,0.0008997842837788797
ENSG00000138600,0.0008991679618542072
ENSG00000118418,0.0008965700395519246
ENSG00000162998,0.0008949298000918941
ENSG00000165476,0.0008938910495810738
ENSG00000185630,0.0008937733733660178
ENSG00000171988,0.0008887017020298478
ENSG00000182253,0.0008885849128674562
ENSG00000153066,0.0008878725508540254
ENSG00000167617,0.0008819116777518479
ENSG00000147471,0.0008810470936445007
ENSG00000125844,0.0008795546253487421
ENSG00000137496,0.0008758007289114265
ENSG00000254999,0.0008724887167309391
ENSG00000181929,0.0008713678232423604
ENSG00000111275,0.0008649736578920446
ENSG00000105372,0.0008644479960088309
ENSG00000016864,0.0008638588503130331
ENSG00000167941,0.0008620506570670121
ENSG00000078142,0.0008609306695589206
ENSG00000072201,0.0008607758480259348
ENSG00000163938,0.0008542028232150886
ENSG00000104969,0.0008515515726496283
ENSG00000215252,0.000851323842716212
ENSG00000136527,0.0008508800983400977
ENSG00000196126,0.0008490650188942412
ENSG00000082397,0.0008468805791675867
ENSG00000175224,0.0008463797358033573
ENSG00000066294,0.0008441231519981929
ENSG00000143106,0.0008410363667632394
ENSG00000106538,0.0008410361137858411
ENSG00000067113,0.0008410217938038685
ENSG00000104231,0.0008384421555456921
ENSG00000213064,0.0008364116292371948
ENSG00000160888,0.0008325483274762571
ENSG00000158417,0.0008319592658550337
ENSG00000008282,0.0008314773720752155
ENSG00000100906,0.0008300506170150631
ENSG00000197045,0.0008261646068845948
ENSG00000074416,0.0008244453107092265
ENSG00000130164,0.0008219731521648343
ENSG00000100225,0.0008208958933367662
ENSG00000133026,0.0008171869337466908
ENSG00000145824,0.0008169102909879659
ENSG00000100028,0.0008163161316497667
ENSG00000131386,0.0008161123585218892
ENSG00000158301,0.0008135428644984241
ENSG00000165733,0.0008129867369095665
ENSG00000029725,0.0008123594937612245
ENSG00000156232,0.000811773488905495
ENSG00000143149,0.0008111028345617135
ENSG00000132780,0.0008095026936647668
ENSG00000127511,0.0008093380628564244
ENSG00000100591,0.0008086708643045701
ENSG00000125534,0.0008073759011722419
ENSG00000137154,0.0008006407158649762
ENSG00000124731,0.0008004392060934048
ENSG00000145423,0.0007998916716486528
ENSG00000272398,0.0007988527789272552
ENSG00000182240,0.00079766959606284
ENSG00000198786,0.0007972769860622527
ENSG00000213639,0.0007954536880197851
ENSG00000189043,0.0007943588685122922
ENSG00000100934,0.0007939529675251968
ENSG00000100804,0.0007939371594987073
ENSG00000159346,0.0007936436312717261
ENSG00000011275,0.0007920284908672164
ENSG00000088387,0.0007917339100623989
ENSG00000168066,0.000788136020819626
ENSG00000101190,0.0007837712138024563
ENSG00000158863,0.0007835285657196853
ENSG00000198727,0.0007813740417137471
ENSG00000010803,0.0007802393116390665
ENSG00000178343,0.0007796092373946979
ENSG00000082805,0.0007791234526597524
ENSG00000124159,0.000778775623196209
ENSG00000179933,0.0007775165554102932
ENSG00000152977,0.0007749766210432016
ENSG00000132475,0.0007735301082308364
ENSG00000041357,0.0007719107475520388
ENSG00000204463,0.0007696883572561337
ENSG00000158042,0.0007693826006427999
ENSG00000132155,0.0007693121902314351
ENSG00000106400,0.0007665481762821094
ENSG00000184678,0.0007654735722810355
ENSG00000196305,0.000761842319980386
ENSG00000144455,0.0007610409468493478
ENSG00000204120,0.0007571161306603369
ENSG00000006576,0.0007556858274931942
ENSG00000168092,0.0007554808967702184
ENSG00000112306,0.0007541370399950318
ENSG00000145817,0.0007539745652560847
ENSG00000161544,0.0007537510978130431
ENSG00000099622,0.0007523998660694546
ENSG00000027697,0.0007513091283848111
ENSG00000171862,0.0007510197801500454
ENSG00000122862,0.0007478890888707921
ENSG00000177666,0.0007460808590599087
ENSG00000169302,0.0007447581847359853
ENSG00000174780,0.0007436792278841999
ENSG00000080815,0.000743568943890444
ENSG00000082497,0.0007421008376201452
ENSG00000167460,0.0007419696759298878
ENSG00000115053,0.0007406102580291854
ENSG00000108953,0.0007390179547005243
ENSG00000108179,0.0007380588823743193
ENSG00000121741,0.0007369516505073087
ENSG00000066455,0.0007360935569603802
ENSG00000198417,0.0007351182482847959
ENSG00000108312,0.0007346421646395201
ENSG00000137492,0.0007322860636187144
ENSG00000091039,0.0007319249248166185
ENSG00000213585,0.000731664106850088
ENSG00000136888,0.0007315347371407381
ENSG00000186480,0.00072953923400106
ENSG00000269604,0.0007279136532806779
ENSG00000106636,0.0007264550687559961
ENSG00000019582,0.0007259210310248239
ENSG00000079246,0.0007245364886899947
ENSG00000248905,0.0007217321902689562
ENSG00000074755,0.0007210419231500104
ENSG00000147642,0.0007204780313870573
ENSG00000172845,0.0007195367866938893
ENSG00000019169,0.0007194318181818185
ENSG00000166135,0.0007157128000494654
ENSG00000285410,0.0007152069001571809
ENSG00000166833,0.000711937177217477
ENSG00000175387,0.0007113093462058112
ENSG00000131620,0.0007105740431594248
ENSG00000162654,0.0007097598974664279
ENSG00000197594,0.0007080789111369467
ENSG00000135829,0.0007077393192782179
ENSG00000186591,0.0007077350423979294
ENSG00000178982,0.0007070059728146986
ENSG00000108604,0.0007062124156113236
ENSG00000108829,0.0007052294987162616
ENSG00000112851,0.0007044592942414454
ENSG00000198586,0.0007044393947288894
ENSG00000232112,0.0007030964758443541
ENSG00000092607,0.0006976304009667422
ENSG00000168913,0.0006966582292872786
ENSG00000153064,0.0006945272495702228
ENSG00000074590,0.0006941591771177786
ENSG00000146411,0.0006920897709698572
ENSG00000157637,0.000690398589216275
ENSG00000143127,0.0006896262886773397
ENSG00000100266,0.0006889435419613903
ENSG00000096401,0.0006872168055866768
ENSG00000172869,0.0006867155509404251
ENSG00000129038,0.0006862266015328173
ENSG00000149573,0.0006861924686192473
ENSG00000111371,0.000685691706933806
ENSG00000172638,0.0006841866945315226
ENSG00000057608,0.0006840029678952166
ENSG00000135838,0.0006818588684232001
ENSG00000198954,0.0006808315698960545
ENSG00000166741,0.0006803432980844305
ENSG00000106682,0.0006796032642932893
ENSG00000135052,0.0006776848486698435
ENSG00000010322,0.0006754577606083557
ENSG00000197442,0.0006751710938230454
ENSG00000186417,0.0006741173369604164
ENSG00000116237,0.0006738035856312959
ENSG00000140992,0.0006731974092870968
ENSG00000161956,0.0006718257624007023
ENSG00000116574,0.0006696854126318462
ENSG00000110651,0.0006679742176420926
ENSG00000204389,0.0006679466678547748
ENSG00000124702,0.0006610122647408743
ENSG00000279569,0.0006578269088239906
ENSG00000241468,0.0006575974417446463
ENSG00000184887,0.0006570710468288672
ENSG00000198932,0.0006567089593366711
ENSG00000165219,0.0006555356649637469
ENSG00000140718,0.0006538110725338458
ENSG00000170348,0.0006531329931745101
ENSG00000165527,0.000652702944892559
ENSG00000169375,0.0006520886736535838
ENSG00000105669,0.0006512565367370534
ENSG00000117360,0.0006511274498007334
ENSG00000109046,0.0006506040841925719
ENSG00000164050,0.0006504989252900346
ENSG00000089351,0.0006496998405099329
ENSG00000169926,0.0006468369854117224
ENSG00000125166,0.0006462730756200287
ENSG00000185624,0.000645485880096138
ENSG00000255302,0.0006441850873017
ENSG00000143183,0.0006435454532693252
ENSG00000197111,0.0006430481802053322
ENSG00000143546,0.000641790717005885
ENSG00000157500,0.000641547594345586
ENSG00000099624,0.0006408316468091022
ENSG00000065150,0.0006398826258862004
ENSG00000164647,0.000638748762441137
ENSG00000125740,0.0006368187316779006
ENSG00000164761,0.0006356541619158808
ENSG00000219481,0.0006353577139199409
ENSG00000267645,0.0006349153445245179
ENSG00000163902,0.0006342710623285292
ENSG00000087116,0.000634145899625975
ENSG00000101384,0.0006338946099000268
ENSG00000160209,0.0006332924506838825
ENSG00000143365,0.0006326021406309164
ENSG00000228253,0.000631794871771684
ENSG00000118985,0.000631252119710511
ENSG00000145833,0.0006308581101163047
ENSG00000116729,0.0006300102774922915
ENSG00000140931,0.0006296187002692039
ENSG00000265972,0.0006285525233836979
ENSG00000112096,0.0006285367342304373
ENSG00000171385,0.0006278567893086945
ENSG00000242247,0.00062639339972096
ENSG00000144567,0.0006250104438822287
ENSG00000094963,0.0006249618511443964
ENSG00000187689,0.0006246788749258046
ENSG00000074527,0.0006235603166194621
ENSG00000134748,0.0006234926871029271
ENSG00000166197,0.000622927549814108
ENSG00000137726,0.0006222133735999568
ENSG00000143061,0.0006194948644592529
ENSG00000110955,0.000619122257053292
ENSG00000121957,0.0006170627969681275
ENSG00000258498,0.0006165034026103788
ENSG00000114166,0.0006143796527132316
ENSG00000121671,0.0006112386758109218
ENSG00000183196,0.0006109041693600519
ENSG00000145725,0.0006103856489948529
ENSG00000102313,0.0006086533258382638
ENSG00000205133,0.0006068692784007045
ENSG00000177383,0.0006054573317056231
ENSG00000173113,0.0006048986202086124
ENSG00000139921,0.0006048547129765165
ENSG00000175567,0.0006044943882515012
ENSG00000080573,0.0006037376348688052
ENSG00000063046,0.000602099737532807
ENSG00000065882,0.0006012745582199275
ENSG00000196104,0.0006008024504318805
ENSG00000101310,0.0006003933278390716
ENSG00000172757,0.0006000400566909201
ENSG00000132326,0.0006000251970940101
ENSG00000147862,0.0005999563677415552
ENSG00000103257,0.0005995407660311129
ENSG00000120158,0.0005993615120272807
ENSG00000103512,0.0005986847608811885
ENSG00000198730,0.0005982939797118468
ENSG00000198680,0.0005980031206557736
ENSG00000090382,0.0005964270158857439
ENSG00000121774,0.0005962687386957055
ENSG00000179399,0.0005951996230282404
ENSG00000159692,0.0005947267296908634
ENSG00000116209,0.0005925535847189761
ENSG00000186184,0.0005911476948368653
ENSG00000119048,0.0005903104989730572
ENSG00000274012,0.0005897368741301142
ENSG00000123143,0.0005894418035791336
ENSG00000214688,0.0005891230248695512
ENSG00000164684,0.0005883598922491955
ENSG00000165389,0.0005883315103458407
ENSG00000172201,0.0005879023046428813
ENSG00000089737,0.0005878822469143942
ENSG00000105894,0.0005874911094105841
ENSG00000146242,0.0005871849741304183
ENSG00000135924,0.0005871775305758978
ENSG00000170088,0.0005856834599868658
ENSG00000110619,0.000585509221307839
ENSG00000109610,0.0005853963398930795
ENSG00000013375,0.0005851245784877077
ENSG00000181090,0.0005843717141472972
ENSG00000272888,0.0005843319551581445
ENSG00000011600,0.0005815110150020285
ENSG00000137745,0.0005808800880088004
ENSG00000143891,0.0005806397306397304
ENSG00000135709,0.0005801407845743277
ENSG00000136383,0.0005795805098813527
ENSG00000231389,0.0005769585253456214
ENSG00000077684,0.0005759841749451117
ENSG00000157150,0.0005757924155815382
ENSG00000107159,0.0005757132934199893
ENSG00000168439,0.0005746653129938885
ENSG00000147140,0.0005745552768069524
ENSG00000003989,0.0005739319619341358
ENSG00000247556,0.000573889006568399
ENSG00000198755,0.0005733594181198137
ENSG00000166927,0.0005716575091575091
ENSG00000117410,0.0005707949658110668
ENSG00000119711,0.0005707237178036247
ENSG00000196821,0.0005697994454442726
ENSG00000177697,0.0005694611435911217
ENSG00000104812,0.0005692300765422788
ENSG00000115234,0.0005673374768845823
ENSG00000136802,0.0005656212696690184
ENSG00000032219,0.0005636237381156162
ENSG00000124145,0.0005634900912244093
ENSG00000186063,0.0005619708081116783
ENSG00000166923,0.0005618093167597392
ENSG00000164161,0.0005616195635285763
ENSG00000260231,0.0005610991758744816
ENSG00000136628,0.0005604029566737423
ENSG00000144802,0.0005578398919352209
ENSG00000103222,0.0005568266158189457
ENSG00000163946,0.0005561518420689615
ENSG00000163466,0.0005561403899741206
ENSG00000162244,0.0005548563509228978
ENSG00000205710,0.0005537701516211915
ENSG00000124222,0.0005534812586648882
ENSG00000269113,0.0005532360237114995
ENSG00000121281,0.0005531914893617017
ENSG00000004897,0.0005504910743495773
ENSG00000092758,0.0005503200063266316
ENSG00000157837,0.0005493733461182697
ENSG00000213463,0.000549075622171497
ENSG00000077063,0.0005482078914845537
ENSG00000085224,0.0005479851185760757
ENSG00000006327,0.0005475981229253839
ENSG00000264364,0.0005466212903726249
ENSG00000166025,0.000546167777072061
ENSG00000104897,0.0005458772256595394
ENSG00000176485,0.0005457034848861526
ENSG00000198756,0.0005453616626030423
ENSG00000115306,0.0005453134804000921
ENSG00000210196,0.0005447106392376759
ENSG00000086062,0.0005431286859858289
ENSG00000072682,0.0005423651850387059
ENSG00000129244,0.0005420894733170041
ENSG00000072310,0.0005411297307151805
ENSG00000106771,0.0005408146501487316
ENSG00000099204,0.0005407205415896616
ENSG00000116095,0.0005401008915466606
ENSG00000136810,0.0005394565921548924
ENSG00000165617,0.0005375451709971287
ENSG00000151692,0.0005375188437145903
ENSG00000198604,0.0005362766052359421
ENSG00000163703,0.0005358155886958564
ENSG00000119402,0.0005351643295559252
ENSG00000163453,0.0005348376199679021
ENSG00000107816,0.0005345181616011854
ENSG00000126214,0.0005341809795889193
ENSG00000065000,0.0005341562475602783
ENSG00000118689,0.0005341304543904652
ENSG00000137070,0.0005339571435507236
ENSG00000184205,0.0005338547457235963
ENSG00000149257,0.0005338499216235779
ENSG00000077549,0.000533333333333333
ENSG00000111276,0.0005329404152526803
ENSG00000198231,0.0005328325748266943
ENSG00000168175,0.0005326564529727654
ENSG00000179163,0.0005325043178694187
ENSG00000138363,0.0005317330652255871
ENSG00000154582,0.0005316242199359083
ENSG00000172380,0.000531603985816341
ENSG00000198355,0.000530833284405317
ENSG00000147403,0.0005306810940765197
ENSG00000157613,0.0005302371779892773
ENSG00000153395,0.0005282014447578071
ENSG00000185591,0.000528103049558019
ENSG00000244486,0.0005266829201706891
ENSG00000132688,0.000526315789473684
ENSG00000163660,0.0005256965818356897
ENSG00000104447,0.0005225064866604148
ENSG00000266028,0.0005218310898291574
ENSG00000107937,0.0005209870891846284
ENSG00000266302,0.0005196697770748446
ENSG00000141380,0.0005182614826247816
ENSG00000121749,0.0005176998420798006
ENSG00000167461,0.0005161605305721869
ENSG00000104695,0.0005161556737327125
ENSG00000177189,0.0005161290322580653
ENSG00000139112,0.0005155363228345739
ENSG00000114030,0.0005143643908710868
ENSG00000126860,0.0005143617565129024
ENSG00000244462,0.000512354751029859
ENSG00000115091,0.0005122689916538911
ENSG00000137642,0.0005116651801824364
ENSG00000196998,0.0005116279069767442
ENSG00000103479,0.0005114334256218029
ENSG00000251493,0.0005111382535540524
ENSG00000138433,0.0005107954647944448
ENSG00000172260,0.0005106142055681449
ENSG00000163399,0.0005092250501665799
ENSG00000198162,0.0005085933708884528
ENSG00000174804,0.000508513708513709
ENSG00000147408,0.0005071909678680958
ENSG00000075568,0.0005071487294822487
ENSG00000108819,0.0005066107342710542
ENSG00000215183,0.0005061614764404907
ENSG00000161547,0.0005056365344762424
ENSG00000144895,0.0005054682159945313
ENSG00000007171,0.0005052152333383695
ENSG00000168487,0.0005023589334548477
ENSG00000123610,0.0005019077738182851
ENSG00000107771,0.0005016167753906845
ENSG00000172239,0.0005005372562176094
ENSG00000169733,0.0005000000000000001
ENSG00000103226,0.0004999999999999998
ENSG00000074695,0.0004999999999999994
ENSG00000162413,0.0004994892982375027
ENSG00000198712,0.0004994803197315363
ENSG00000196136,0.0004982298901029406
ENSG00000102316,0.0004981409489695861
ENSG00000161217,0.000498076289190933
ENSG00000074842,0.000497404916683017
ENSG00000105877,0.0004967476946101948
ENSG00000167772,0.0004967476651542701
ENSG00000189056,0.0004959066452396875
ENSG00000082641,0.000495851486523116
ENSG00000134363,0.0004957594850301087
ENSG00000080200,0.0004954152610838461
ENSG00000156467,0.0004950845907301691
ENSG00000166887,0.0004950535942926702
ENSG00000169564,0.0004945508337295142
ENSG00000116871,0.0004937288847034752
ENSG00000132612,0.0004928767266735279
ENSG00000177830,0.0004927931780981039
ENSG00000243927,0.0004927679944434167
ENSG00000131016,0.000492527929583595
ENSG00000100811,0.0004921938952786472
ENSG00000152558,0.000491987061903499
ENSG00000137497,0.0004918729725278103
ENSG00000241553,0.0004915548061249401
ENSG00000181061,0.0004908151615019942
ENSG00000147677,0.0004904005332582658
ENSG00000084733,0.0004903919071858615
ENSG00000102226,0.0004892831895849987
ENSG00000261857,0.0004885618578055352
ENSG00000122203,0.0004881692774134482
ENSG00000066322,0.000486844660822727
ENSG00000163297,0.0004867601999677467
ENSG00000015676,0.0004864075995415991
ENSG00000120451,0.0004861534918350357
ENSG00000170899,0.00048470435696173575
ENSG00000138604,0.0004841472378142067
ENSG00000159199,0.00048390890623329394
ENSG00000143612,0.0004829243639626767
ENSG00000129559,0.00048233239399134094
ENSG00000171408,0.00048182262757424596
ENSG00000118094,0.0004817404817404817
ENSG00000197451,0.0004813086477158266
ENSG00000204569,0.0004806683785541279
ENSG00000162551,0.0004797959439930349
ENSG00000197622,0.00047827149418653957
ENSG00000168159,0.00047730383651436303
ENSG00000107185,0.00047682814094131265
ENSG00000124067,0.0004751952939555123
ENSG00000135821,0.00047486133476471604
ENSG00000204257,0.0004744697564807541
ENSG00000149212,0.00047432134167533135
ENSG00000138744,0.00047362109429603476
ENSG00000147604,0.0004733246674413556
ENSG00000153914,0.0004732756703057991
ENSG00000138764,0.00047322685576045185
ENSG00000066629,0.00047252747252747227
ENSG00000118523,0.00047242558852090487
ENSG00000132031,0.00047161450389555666
ENSG00000168003,0.00047140678674937865
ENSG00000103855,0.00047091275493205776
ENSG00000245910,0.00047058823529411885
ENSG00000123104,0.000470588235294118
ENSG00000273709,0.00046973190171925415
ENSG00000257337,0.00046963674306433034
ENSG00000103811,0.0004695784855998476
ENSG00000184432,0.00046877124817872756
ENSG00000260916,0.0004687393579521889
ENSG00000183508,0.00046851312202924174
ENSG00000068305,0.00046843572304590164
ENSG00000129757,0.00046822809868007844
ENSG00000145623,0.00046774121259252353
ENSG00000151458,0.00046696832579185487
ENSG00000070831,0.00046673800891245613
ENSG00000178252,0.0004666666666666666
ENSG00000175216,0.0004657766884054799
ENSG00000119771,0.0004650236082495629
ENSG00000181195,0.00046497612795591466
ENSG00000177606,0.0004647337457498771
ENSG00000120675,0.0004645993521121518
ENSG00000106823,0.0004641156658177934
ENSG00000179094,0.0004639792520491802
ENSG00000105472,0.00046333333333333323
ENSG00000141696,0.00046291647163950497
ENSG00000163823,0.0004626278395121729
ENSG00000172922,0.0004621446809896091
ENSG00000135636,0.00046207346229080624
ENSG00000164830,0.0004619756418451373
ENSG00000069956,0.0004615384615384618
ENSG00000175482,0.0004613434233109688
ENSG00000135766,0.0004611908322810514
ENSG00000097007,0.0004607911323625302
ENSG00000111144,0.00045956011733775927
ENSG00000004799,0.00045877168420319965
ENSG00000169919,0.0004582851703270555
ENSG00000153037,0.0004579710144927535
ENSG00000138496,0.0004574630007448425
ENSG00000014914,0.0004572953225245603
ENSG00000158711,0.00045684210526315816
ENSG00000168016,0.000456554175922405
ENSG00000051620,0.0004564381550970945
ENSG00000102572,0.0004561403508771932
ENSG00000263155,0.0004551667509033126
ENSG00000075426,0.00045513492548540326
ENSG00000198108,0.0004548974668496999
ENSG00000138279,0.00045468691417288213
ENSG00000107331,0.00045362781292884627
ENSG00000198909,0.0004524005557615218
ENSG00000147065,0.00045215188752517556
ENSG00000236882,0.0004521193704223154
ENSG00000186318,0.0004516736228548847
ENSG00000143621,0.00045116140017937634
ENSG00000140859,0.00044981869963546257
ENSG00000096060,0.0004497596573189101
ENSG00000054267,0.00044957160570943796
ENSG00000182636,0.0004490691956445385
ENSG00000139278,0.00044888348180997567
ENSG00000112378,0.00044835891843446514
ENSG00000050327,0.00044809716379533586
ENSG00000170315,0.00044781914525568396
ENSG00000117362,0.0004472197522639296
ENSG00000181222,0.0004465118507278445
ENSG00000138757,0.0004459814120163999
ENSG00000136861,0.000445876846019156
ENSG00000167470,0.00044575381423819966
ENSG00000116044,0.00044567072682623213
ENSG00000108107,0.00044514933183887874
ENSG00000168079,0.00044511557140523465
ENSG00000130985,0.000444535940149157
ENSG00000211445,0.00044444444444444436
ENSG00000197324,0.0004444444444444435
ENSG00000165934,0.00044410635219936575
ENSG00000130522,0.0004436549629511287
ENSG00000172458,0.0004436147466537326
ENSG00000239839,0.0004435766111822449
ENSG00000141429,0.00044332746673172296
ENSG00000105185,0.00044274527460507677
ENSG00000104368,0.00044262019469708356
ENSG00000188070,0.00044218437968742346
ENSG00000124813,0.0004403849114051323
ENSG00000144115,0.0004395935248809365
ENSG00000137337,0.0004390403752674151
ENSG00000164733,0.00043897253668140264
ENSG00000160200,0.00043867120850411167
ENSG00000136051,0.00043755404292526327
ENSG00000114686,0.0004374999999999997
ENSG00000100888,0.0004370656370656375
ENSG00000186174,0.0004365640941253906
ENSG00000133433,0.0004362685358817909
ENSG00000131174,0.0004357556886227545
ENSG00000196313,0.00043518417287521504
ENSG00000136026,0.00043505392870394623
ENSG00000164916,0.00043500117013191156
ENSG00000153707,0.00043430472606688245
ENSG00000177706,0.0004335055002919978
ENSG00000142507,0.0004334003186610787
ENSG00000138663,0.0004324127919910263
ENSG00000114737,0.00043205135553390264
ENSG00000066056,0.00043198803371436465
ENSG00000077097,0.00043189368770764087
ENSG00000213563,0.0004318716021184124
ENSG00000186522,0.0004308739891526351
ENSG00000230724,0.0004302930622009569
ENSG00000235750,0.0004297619047619055
ENSG00000162704,0.00042942306905998273
ENSG00000100503,0.000429357657704566
ENSG00000107104,0.00042864177331571984
ENSG00000083857,0.0004285714285714289
ENSG00000121898,0.0004281069272358002
ENSG00000137177,0.00042758620689655136
ENSG00000285444,0.0004274447949526805
ENSG00000011028,0.00042691209982968065
ENSG00000007168,0.00042600176322930963
ENSG00000125991,0.00042553191489361734
ENSG00000188895,0.0004254295276252512
ENSG00000172216,0.0004252425501024657
ENSG00000073584,0.00042512723495046807
ENSG00000113742,0.00042500982168002356
ENSG00000166963,0.00042484782318909844
ENSG00000198728,0.0004245117401688116
ENSG00000138722,0.0004244553097623636
ENSG00000120438,0.0004241429105041607
ENSG00000157933,0.0004240261085785335
ENSG00000136842,0.000423512886846103
ENSG00000107651,0.0004232459503807554
ENSG00000233087,0.00042317423965182753
ENSG00000052850,0.00042307692307692364
ENSG00000127329,0.0004230299321009521
ENSG00000029559,0.0004229057248685679
ENSG00000126561,0.00042264311555650187
ENSG00000205403,0.0004223296703296703
ENSG00000144357,0.00042190316936261557
ENSG00000102760,0.0004214570412406105
ENSG00000205358,0.0004205556526849314
ENSG00000150776,0.00042050135406726904
ENSG00000006282,0.0004196390708193944
ENSG00000006747,0.00041956521739130396
ENSG00000163602,0.0004194047528934071
ENSG00000142541,0.00041937324438202304
ENSG00000148229,0.00041931893422449097
ENSG00000126653,0.00041909456562753435
ENSG00000072694,0.00041891717276133924
ENSG00000133112,0.00041842581039443785
ENSG00000184014,0.0004181267681399594
ENSG00000079332,0.00041805661136698935
ENSG00000117122,0.00041720305553742464
ENSG00000059758,0.0004170130991081692
ENSG00000163644,0.0004168067226890754
ENSG00000115355,0.0004165713916099493
ENSG00000115159,0.0004165563375374535
ENSG00000131503,0.0004163372346868356
ENSG00000110318,0.00041575091575091726
ENSG00000120738,0.0004155112056313298
ENSG00000179542,0.0004155103307070482
ENSG00000050426,0.00041514368849511203
ENSG00000078618,0.0004150643605157883
ENSG00000122877,0.0004149933065595718
ENSG00000102265,0.0004145053987398394
ENSG00000115183,0.0004141091983884983
ENSG00000269821,0.00041404358353510994
ENSG00000143320,0.00041391808626313904
ENSG00000184640,0.00041323213844878133
ENSG00000165458,0.00041323067795934865
ENSG00000173915,0.00041294642857142913
ENSG00000073578,0.00041211479097996115
ENSG00000058668,0.0004116749438171078
ENSG00000128731,0.00041152313738380573
ENSG00000185658,0.0004115049541736892
ENSG00000115216,0.00041133781852879873
ENSG00000115806,0.00041116410053008127
ENSG00000163637,0.00041050293089857435
ENSG00000113916,0.00041033599751687705
ENSG00000166340,0.0004102173084254669
ENSG00000119862,0.00041012390002447794
ENSG00000131238,0.00041001981835558335
ENSG00000049245,0.0004099787199183378
ENSG00000198695,0.0004093003169511003
ENSG00000134874,0.0004088782010996875
ENSG00000109756,0.0004088235294117648
ENSG00000179010,0.00040865258892665296
ENSG00000108175,0.0004086223701310592
ENSG00000180776,0.0004077823205977722
ENSG00000107731,0.00040774442742161685
ENSG00000174695,0.00040710524857251993
ENSG00000108510,0.0004065821903010899
ENSG00000123352,0.00040640974017853656
ENSG00000206047,0.0004063265719181578
ENSG00000005381,0.00040613767866609825
ENSG00000182199,0.0004048778345975289
ENSG00000090863,0.000404565165920773
ENSG00000114439,0.0004044123295176375
ENSG00000143198,0.00040423467928217967
ENSG00000185222,0.0004036144578313257
ENSG00000137834,0.00040339833439828176
ENSG00000125755,0.000403117505067075
ENSG00000173198,0.0004029264763353101
ENSG00000138207,0.00040238405056231984
ENSG00000173889,0.00040200753305603433
ENSG00000144908,0.00040168067226890744
ENSG00000049130,0.00040109362326923027
ENSG00000103056,0.0004008396160125892
ENSG00000140939,0.0004001843956174739
ENSG00000099250,0.00040016042742042207
ENSG00000151491,0.0004000000000000001
ENSG00000112078,0.0004
ENSG00000148484,0.0003995844875346263
ENSG00000056558,0.0003990929712236975
ENSG00000103495,0.0003987848660591004
ENSG00000137504,0.00039878317291947425
ENSG00000198804,0.0003962498522278747
ENSG00000074219,0.00039590902003786515
ENSG00000182054,0.0003955740636175419
ENSG00000112144,0.00039548571294844485
ENSG00000163762,0.0003954141973076755
ENSG00000196262,0.00039514852535996333
ENSG00000100330,0.0003950189612008336
ENSG00000198682,0.00039387427576639605
ENSG00000204628,0.00039363023557174674
ENSG00000180398,0.000393418344567738
ENSG00000170515,0.00039316890806175855
ENSG00000182934,0.00039289316030328655
ENSG00000099956,0.0003928710645721268
ENSG00000239779,0.00039258731370117616
ENSG00000280211,0.0003923765721228919
ENSG00000123144,0.0003919359355938151
ENSG00000114850,0.0003918398268398268
ENSG00000124749,0.00039160744897157545
ENSG00000116690,0.00039102601631142107
ENSG00000177733,0.0003907724299145683
ENSG00000136731,0.00039071587184096404
ENSG00000009413,0.0003905106855798783
ENSG00000118855,0.00039024390243902474
ENSG00000172602,0.00038946284350011067
ENSG00000091164,0.0003894615549768405
ENSG00000143398,0.0003891773243805833
ENSG00000144579,0.0003883101285535128
ENSG00000073756,0.00038827947271364487
ENSG00000104723,0.00038795944539327326
ENSG00000065308,0.0003872932330326406
ENSG00000149564,0.00038663153269325004
ENSG00000092964,0.0003866275126858786
ENSG00000002586,0.00038615489027976776
ENSG00000092203,0.0003858527963893075
ENSG00000162607,0.00038585209003215383
ENSG00000169385,0.0003851350842272312
ENSG00000116260,0.0003846153846153846
ENSG00000024422,0.0003843964964293411
ENSG00000214736,0.000384380676675997
ENSG00000111261,0.00038436644222847945
ENSG00000175203,0.0003837756126778137
ENSG00000198805,0.0003837664097363873
ENSG00000141985,0.0003832569194241077
ENSG00000160584,0.0003828062150918242
ENSG00000126001,0.00038229615305542815
ENSG00000136877,0.0003822947181292587
ENSG00000085719,0.00038219277281959716
ENSG00000104213,0.0003819548872180449
ENSG00000071626,0.00038134030398793517
ENSG00000126461,0.0003807663233143226
ENSG00000176407,0.00038052854991099525
ENSG00000166598,0.00037969980434046115
ENSG00000142871,0.000379481208974056
ENSG00000182149,0.00037931034482758565
ENSG00000109606,0.0003792619224571668
ENSG00000070614,0.0003787793414436702
ENSG00000100603,0.0003787089081928124
ENSG00000100711,0.00037830741853613097
ENSG00000109111,0.00037816745702284405
ENSG00000121769,0.0003772461715499692
ENSG00000102225,0.0003766712132881239
ENSG00000171603,0.0003765357889928107
ENSG00000116161,0.0003763568227523878
ENSG00000131626,0.0003757034664518053
ENSG00000167996,0.00037557313328155043
ENSG00000141646,0.00037509947316915267
ENSG00000162368,0.00037501439471087576
ENSG00000198833,0.0003737724543655816
ENSG00000256235,0.00037375677147525026
ENSG00000115762,0.0003737447831044808
ENSG00000150961,0.00037333927721220044
ENSG00000100364,0.0003733333333333332
ENSG00000106028,0.0003731534519143806
ENSG00000116704,0.00037288880747389573
ENSG00000018510,0.00037221376217468836
ENSG00000166033,0.0003720930232558137
ENSG00000151779,0.0003718749853315008
ENSG00000167074,0.0003717688407443468
ENSG00000197746,0.0003716129032258062
ENSG00000187498,0.0003709696464873734
ENSG00000006704,0.00037066431217997267
ENSG00000175467,0.0003705369282627741
ENSG00000169100,0.0003704659729504456
ENSG00000113441,0.0003704137459838608
ENSG00000162694,0.0003703228954987105
ENSG00000272980,0.0003702129850822438
ENSG00000106052,0.0003699783792364477
ENSG00000133639,0.0003699370757618413
ENSG00000110711,0.00036989488772176866
ENSG00000178952,0.00036981325465670347
ENSG00000203618,0.0003695632223054607
ENSG00000140044,0.00036844059212480317
ENSG00000166165,0.0003684171688599193
ENSG00000152104,0.00036840007965610545
ENSG00000133103,0.0003682179428521114
ENSG00000115944,0.00036779405858631544
ENSG00000144674,0.000367613111726685
ENSG00000162745,0.00036745944084310876
ENSG00000121075,0.0003673434125269979
ENSG00000143486,0.00036628516512318725
ENSG00000013374,0.00036533691747848816
ENSG00000103888,0.0003651532901357165
ENSG00000158290,0.00036514309430149056
ENSG00000106066,0.0003650086837053797
ENSG00000169018,0.00036292469834610315
ENSG00000272674,0.00036292133477163954
ENSG00000134250,0.00036281179138321964
ENSG00000088826,0.000362676719262528
ENSG00000120256,0.00036250290531599904
ENSG00000185215,0.00036247005684441534
ENSG00000183722,0.00036191389854898647
ENSG00000150540,0.00036184948969365555
ENSG00000088448,0.00036175438402103334
ENSG00000125730,0.0003616795103918702
ENSG00000116679,0.0003616703974988748
ENSG00000180530,0.0003615160349854228
ENSG00000260772,0.00036109005837462897
ENSG00000205339,0.0003609934755633829
ENSG00000162599,0.0003605895173037883
ENSG00000136960,0.00036032049748863906
ENSG00000144655,0.00036014881615718195
ENSG00000214078,0.00035983580429181167
ENSG00000138760,0.00035968397796058455
ENSG00000089693,0.0003590350010576731
ENSG00000110917,0.0003589805332169664
ENSG00000210135,0.00035853601994071527
ENSG00000124422,0.0003583656259906936
ENSG00000242574,0.00035698125680045257
ENSG00000160683,0.00035679545215285826
ENSG00000166925,0.00035650855533896596
ENSG00000160255,0.0003563940563940568
ENSG00000254369,0.00035630252100840376
ENSG00000170653,0.00035619469026548653
ENSG00000125971,0.0003548804137039427
ENSG00000128272,0.0003539056353617492
ENSG00000159899,0.00035354612078363157
ENSG00000119707,0.0003531736805394094
ENSG00000131480,0.00035294117647058837
ENSG00000127743,0.00035294117647058826
ENSG00000083168,0.0003528184240142087
ENSG00000184743,0.00035271953126215827
ENSG00000145358,0.0003524834488441496
ENSG00000141458,0.00035160276273885326
ENSG00000197859,0.0003514929800276844
ENSG00000136828,0.000351034046837962
ENSG00000213676,0.000351017962609749
ENSG00000262621,0.00035054710073953297
ENSG00000169976,0.0003502093033189527
ENSG00000186635,0.0003498882146279142
ENSG00000198315,0.00034958418834289164
ENSG00000211895,0.00034946935449448003
ENSG00000166557,0.0003493171443468289
ENSG00000135720,0.00034907980121677107
ENSG00000065534,0.0003489281100764209
ENSG00000110077,0.00034871139315634394
ENSG00000140740,0.00034848935116394114
ENSG00000157423,0.0003480964382612221
ENSG00000186652,0.0003472403371394351
ENSG00000113328,0.00034709716361801246
ENSG00000155254,0.0003470965775015419
ENSG00000152291,0.00034708355404762065
ENSG00000071537,0.0003470310109859552
ENSG00000285505,0.0003470100726762719
ENSG00000166889,0.0003469441144870566
ENSG00000106392,0.00034688664628784385
ENSG00000116473,0.000346218487394958
ENSG00000091527,0.0003461748007111313
ENSG00000115275,0.00034575541895142726
ENSG00000119630,0.0003455743879472692
ENSG00000102978,0.00034465655615210065
ENSG00000125864,0.00034417854590397973
ENSG00000135842,0.0003439451177128352
ENSG00000173706,0.00034392098510855186
ENSG00000196504,0.0003436015074553499
ENSG00000197976,0.0003432338246136452
ENSG00000176014,0.0003432227596450477
ENSG00000170017,0.0003431372549019611
ENSG00000165280,0.00034304925522637655
ENSG00000165672,0.0003430079155672825
ENSG00000136682,0.00034291889572774317
ENSG00000071564,0.00034285714285714274
ENSG00000116285,0.0003427103403982014
ENSG00000023191,0.00034224878239472515
ENSG00000169515,0.00034223142634689195
ENSG00000140497,0.0003419333984027219
ENSG00000129562,0.00034174778067945814
ENSG00000066248,0.0003412294289185743
ENSG00000162585,0.0003409441842693791
ENSG00000106105,0.00034047138286793203
ENSG00000197077,0.00034041921272640817
ENSG00000134759,0.00034040314197894637
ENSG00000158710,0.00034018742895118305
ENSG00000100968,0.0003383915998140224
ENSG00000139083,0.00033838065974294007
ENSG00000145901,0.00033830850747402363
ENSG00000121904,0.00033769225008579295
ENSG00000127922,0.00033707223479806066
ENSG00000185567,0.0003362490733876941
ENSG00000164919,0.00033609703669583955
ENSG00000061676,0.0003358044374553408
ENSG00000187231,0.00033562489737933634
ENSG00000198959,0.000335495297130412
ENSG00000106565,0.00033544061872254645
ENSG00000198034,0.00033467345247224865
ENSG00000163634,0.0003337183807260841
ENSG00000044090,0.0003337095082923074
ENSG00000111674,0.0003333345220198394
ENSG00000184900,0.0003331081081081081
ENSG00000148154,0.00033276397515527963
ENSG00000126804,0.00033230734081741314
ENSG00000188994,0.0003321162071162064
ENSG00000210144,0.00033082018764821127
ENSG00000039319,0.0003301246968428728
ENSG00000005483,0.0003297180043383947
ENSG00000105519,0.0003297050561797755
ENSG00000189171,0.0003293413173652695
ENSG00000124783,0.00032884306947017554
ENSG00000152377,0.00032874521709560947
ENSG00000170871,0.00032812052683896134
ENSG00000094916,0.0003278081648680944
ENSG00000243649,0.0003276232473993662
ENSG00000129518,0.00032745747735807323
ENSG00000149932,0.00032683224879104765
ENSG00000126067,0.00032669445731048303
ENSG00000145907,0.00032602656068494757
ENSG00000128908,0.00032600034644032636
ENSG00000164924,0.00032578808845475495
ENSG00000067646,0.00032572646261139036
ENSG00000115541,0.0003256450838475627
ENSG00000050405,0.00032552271088680555
ENSG00000111961,0.00032549518336030624
ENSG00000113269,0.00032544565572471845
ENSG00000240184,0.00032528925619834724
ENSG00000164574,0.0003250000000000001
ENSG00000071859,0.00032482231235575313
ENSG00000166295,0.0003243431231360847
ENSG00000171552,0.0003240101498249819
ENSG00000078114,0.00032400715426044986
ENSG00000101825,0.0003231383793229194
ENSG00000107404,0.00032301947541630714
ENSG00000130707,0.0003228425457817776
ENSG00000003402,0.0003227513227513226
ENSG00000204435,0.000322692730726927
ENSG00000233251,0.00032265937314419636
ENSG00000093010,0.0003224778933697579
ENSG00000189320,0.00032217107786728006
ENSG00000187109,0.0003217171717171717
ENSG00000151239,0.00032170317425480997
ENSG00000184304,0.00032112377660501975
ENSG00000171223,0.00032072368421052664
ENSG00000160678,0.00032051698840402667
ENSG00000105137,0.00032049983079488967
ENSG00000137876,0.00031941303396481257
ENSG00000124214,0.0003191931356314919
ENSG00000109686,0.00031836340188777013
ENSG00000118971,0.00031809186736707123
ENSG00000184349,0.0003177272771188147
ENSG00000130827,0.00031765327695560183
ENSG00000099991,0.00031637283414962225
ENSG00000021355,0.0003163028511607906
ENSG00000100034,0.00031617535805222993
ENSG00000165671,0.0003160110061723806
ENSG00000169896,0.0003158539744534998
ENSG00000167157,0.0003157894736842097
ENSG00000011201,0.00031574007111236975
ENSG00000100644,0.00031529419293776037
ENSG00000280071,0.0003150469698805828
ENSG00000166986,0.000315001136138169
ENSG00000129625,0.0003143369203322907
ENSG00000064989,0.00031431041200304983
ENSG00000116459,0.000314263919948021
ENSG00000120896,0.00031418824690510207
ENSG00000123572,0.0003135590348661445
ENSG00000198677,0.0003132740281409436
ENSG00000104412,0.00031300957344716876
ENSG00000149485,0.0003127921046868817
ENSG00000120705,0.00031259671039534997
ENSG00000117625,0.0003124865678057167
ENSG00000171067,0.00031241940683430044
ENSG00000136205,0.00031215161649944404
ENSG00000168477,0.00031172232028291614
ENSG00000092199,0.00031162093984842026
ENSG00000148303,0.00031124459360281584
ENSG00000203667,0.00031119297703635044
ENSG00000138641,0.0003109049680478252
ENSG00000080345,0.00031089637004471114
ENSG00000161202,0.000310126796280642
ENSG00000147853,0.0003100019216206687
ENSG00000184575,0.00030985915492957736
ENSG00000100985,0.0003098214728080462
ENSG00000173852,0.0003087796635128493
ENSG00000099194,0.00030869919863330897
ENSG00000160285,0.0003082628757219522
ENSG00000147649,0.00030817087432473487
ENSG00000101367,0.0003081068942286102
ENSG00000271254,0.0003080984840102581
ENSG00000147416,0.00030791925931514887
ENSG00000122026,0.00030782986922335846
ENSG00000115993,0.0003078250527957924
ENSG00000140545,0.00030769230769230765
ENSG00000275895,0.0003070458952811895
ENSG00000166855,0.0003069503237089557
ENSG00000273554,0.00030690537084398974
ENSG00000059804,0.0003066616739156375
ENSG00000196507,0.0003054179070703607
ENSG00000140105,0.00030520018078316133
ENSG00000151276,0.0003045685279187822
ENSG00000101350,0.00030417643298529705
ENSG00000113068,0.0003040117806904072
ENSG00000166479,0.0003037694608482249
ENSG00000167613,0.00030375418780481135
ENSG00000265241,0.00030373734219224746
ENSG00000179222,0.0003036251799502686
ENSG00000186350,0.0003029951690821252
ENSG00000145476,0.00030187424753836507
ENSG00000175215,0.0003016861284478433
ENSG00000067560,0.00030120832004913516
ENSG00000140575,0.0003007512520868113
ENSG00000213694,0.00030074247649188604
ENSG00000171621,0.000300557380023651
ENSG00000101000,0.00030048271147113
ENSG00000142910,0.0003004529250341662
ENSG00000167881,0.00030028367622352594
ENSG00000105329,0.00030020595100954336
ENSG00000135404,0.000300115167460188
ENSG00000111639,0.00030007206086251123
ENSG00000221869,0.00029982635058061526
ENSG00000163349,0.0002996880938610259
ENSG00000164985,0.00029926200159435844
ENSG00000189221,0.0002992000006613787
ENSG00000084754,0.00029813641592117885
ENSG00000168874,0.0002980972231083886
ENSG00000025708,0.00029798336856941553
ENSG00000112320,0.00029777728601042264
ENSG00000103657,0.0002972503840245778
ENSG00000120833,0.00029719097377670686
ENSG00000090530,0.00029662227450358286
ENSG00000167986,0.0002966001079330816
ENSG00000198918,0.00029613063542775975
ENSG00000143774,0.00029610389610389593
ENSG00000138246,0.00029594605578237313
ENSG00000120733,0.0002959345524229103
ENSG00000139722,0.0002957902101124602
ENSG00000134153,0.0002957900013788908
ENSG00000213949,0.00029578816621499555
ENSG00000130558,0.0002952890679295319
ENSG00000135164,0.0002950819672131149
ENSG00000146540,0.00029495637369653094
ENSG00000138434,0.0002945605559140641
ENSG00000230590,0.00029425395251780727
ENSG00000164190,0.00029395780840867536
ENSG00000154153,0.0002934465915772396
ENSG00000160111,0.00029301868704161233
ENSG00000079819,0.00029259950082080464
ENSG00000183741,0.00029257664709719556
ENSG00000122034,0.0002920007522980318
ENSG00000175899,0.0002919865312135789
ENSG00000125398,0.0002918667482285786
ENSG00000172534,0.00029166666666666664
ENSG00000106537,0.0002916302128900554
ENSG00000107262,0.0002916199818777555
ENSG00000072110,0.00029158755199617327
ENSG00000138080,0.0002913325985850518
ENSG00000008441,0.0002912621359223308
ENSG00000132466,0.0002911651840223263
ENSG00000168374,0.0002909090909090905
ENSG00000125356,0.0002907255767219144
ENSG00000004478,0.00029015544041450787
ENSG00000164096,0.0002901098901098902
ENSG00000100842,0.0002898715898310178
ENSG00000005513,0.00028980391377744487
ENSG00000167325,0.00028968280963012
ENSG00000178573,0.00028965517241379325
ENSG00000283293,0.00028908135925935735
ENSG00000124225,0.000288594164456234
ENSG00000112210,0.0002885809842331586
ENSG00000071655,0.00028845859391109197
ENSG00000022267,0.0002883235485975226
ENSG00000112559,0.00028830775951877856
ENSG00000169764,0.0002881920972297731
ENSG00000172466,0.0002881517609625801
ENSG00000184232,0.00028765957446808503
ENSG00000162430,0.0002874496486696408
ENSG00000099940,0.00028738964807028345
ENSG00000163815,0.00028733459357277864
ENSG00000168000,0.0002872936558176629
ENSG00000120805,0.0002870138541530758
ENSG00000114315,0.0002868624020798007
ENSG00000163359,0.00028678551216751604
ENSG00000151150,0.00028668066989486765
ENSG00000182168,0.00028654204352155976
ENSG00000155506,0.0002864802646908058
ENSG00000265808,0.00028615949273219616
ENSG00000198830,0.0002857367696242373
ENSG00000135018,0.0002857142857142856
ENSG00000186395,0.0002856834377024402
ENSG00000242372,0.0002855263157894737
ENSG00000169020,0.0002854713821216921
ENSG00000140675,0.00028545714265894344
ENSG00000159388,0.00028508771929824516
ENSG00000171824,0.00028490308490308584
ENSG00000181704,0.00028482473245871275
ENSG00000130508,0.0002844941255190602
ENSG00000198467,0.0002839873111371554
ENSG00000178719,0.0002839630174199297
ENSG00000130024,0.00028376140779205386
ENSG00000153234,0.00028332832332283217
ENSG00000255529,0.00028324255327409826
ENSG00000132963,0.0002831554878048781
ENSG00000177885,0.0002830671289717497
ENSG00000174243,0.00028281024579387694
ENSG00000071082,0.00028274268104776576
ENSG00000132294,0.00028247230631267236
ENSG00000157514,0.000282125437158651
ENSG00000120889,0.00028192238931538564
ENSG00000130203,0.0002818351526846801
ENSG00000126603,0.0002816901408450704
ENSG00000175155,0.0002810337599164083
ENSG00000179388,0.0002810297187601175
ENSG00000154122,0.0002809917355371897
ENSG00000123066,0.0002808349146110058
ENSG00000163874,0.00028082640789344507
ENSG00000270647,0.00028048823881786963
ENSG00000262655,0.00028037383177570077
ENSG00000148396,0.0002803581847238781
ENSG00000153815,0.00028035630567276146
ENSG00000108509,0.0002798478329787938
ENSG00000128918,0.0002797975149562813
ENSG00000188487,0.0002795745423865367
ENSG00000072840,0.0002795236753850473
ENSG00000155090,0.00027936507936507913
ENSG00000183853,0.00027879825875972374
ENSG00000135046,0.00027840194807123107
ENSG00000102908,0.00027766677408959053
ENSG00000156113,0.0002771756978653529
ENSG00000134954,0.0002767661077155346
ENSG00000125354,0.0002766453418494059
ENSG00000114554,0.00027658249740574196
ENSG00000087365,0.0002763326754557726
ENSG00000117592,0.0002760141093474424
ENSG00000123562,0.00027586206896551655
ENSG00000150093,0.0002757641338078785
ENSG00000167671,0.0002757394610909664
ENSG00000071553,0.00027567629527739594
ENSG00000243147,0.0002742088703490751
ENSG00000105971,0.0002740147969198249
ENSG00000197535,0.00027397260273972606
ENSG00000232388,0.00027380461991824857
ENSG00000115904,0.00027334811500864055
ENSG00000088833,0.00027328024217699963
ENSG00000065427,0.0002732465391272886
ENSG00000140332,0.0002725530213650395
ENSG00000178764,0.000272457299802592
ENSG00000153250,0.000271723078852937
ENSG00000100596,0.0002709436849030032
ENSG00000164066,0.00027068077456957355
ENSG00000060237,0.0002702627543360815
ENSG00000104267,0.0002701974439124763
ENSG00000099331,0.0002700200583152078
ENSG00000129422,0.00026994295478429407
ENSG00000076685,0.0002694464559370839
ENSG00000129003,0.0002694138189181072
ENSG00000082074,0.00026915456243199027
ENSG00000198300,0.0002690472612141432
ENSG00000126934,0.00026898126998629483
ENSG00000180616,0.00026833778508321356
ENSG00000082196,0.0002679796844774807
ENSG00000131473,0.0002676643187489879
ENSG00000189266,0.0002669086948629511
ENSG00000151929,0.0002667817083692842
ENSG00000114861,0.00026666666666666673
ENSG00000060491,0.0002666429017021654
ENSG00000134339,0.00026644370122631036
ENSG00000136999,0.00026609057129637774
ENSG00000170099,0.00026594677649971216
ENSG00000185950,0.0002654867256637165
ENSG00000144063,0.0002651899240303888
ENSG00000164032,0.00026504259887018093
ENSG00000223501,0.0002649521456436588
ENSG00000110693,0.00026463189235386873
ENSG00000185883,0.00026463104325699703
ENSG00000039523,0.0002639268514903029
ENSG00000164056,0.0002638149543393902
ENSG00000183798,0.0002635967020427459
ENSG00000111669,0.00026341888217235336
ENSG00000163520,0.0002633857370699478
ENSG00000213614,0.00026322715146010796
ENSG00000138085,0.0002626262626262625
ENSG00000176438,0.0002625345760429592
ENSG00000014824,0.0002624378109452739
ENSG00000100599,0.0002623961394513056
ENSG00000177469,0.0002623523297102131
ENSG00000005243,0.0002620872288145749
ENSG00000131242,0.00026193230117476556
ENSG00000170412,0.00026184696389759936
ENSG00000180182,0.00026180521821909404
ENSG00000116560,0.0002616501465866261
ENSG00000161203,0.0002616135602488968
ENSG00000132507,0.0002614146632301013
ENSG00000149925,0.0002610350556651855
ENSG00000110719,0.0002609287840185822
ENSG00000136158,0.0002609223838678279
ENSG00000116521,0.0002608695652173912
ENSG00000105976,0.0002607424071990999
ENSG00000075618,0.00026061018718248423
ENSG00000121057,0.0002602459520255596
ENSG00000122642,0.00026014138477801265
ENSG00000109113,0.0002600965572343943
ENSG00000102931,0.00025994885312711645
ENSG00000132823,0.00025982141782509313
ENSG00000108582,0.0002597926476619178
ENSG00000114019,0.00025946791862284824
ENSG00000115461,0.0002593939393939388
ENSG00000140632,0.00025923482226569824
ENSG00000204262,0.00025880159334218904
ENSG00000068885,0.00025878875189432895
ENSG00000047849,0.00025845820648290715
ENSG00000105723,0.0002584010034990426
ENSG00000119596,0.0002583333333333333
ENSG00000169710,0.00025833333333333323
ENSG00000128881,0.00025806451612903227
ENSG00000060339,0.0002579695603465388
ENSG00000250644,0.0002579687703407309
ENSG00000138185,0.00025771592323306714
ENSG00000185728,0.00025746565122182865
ENSG00000184384,0.00025625299908288413
ENSG00000204592,0.0002560606060606064
ENSG00000197747,0.00025581395348837183
ENSG00000188763,0.0002557528982817721
ENSG00000023318,0.000255745760812358
ENSG00000160307,0.00025556406431651924
ENSG00000212907,0.00025477941176470643
ENSG00000085733,0.00025454545454545445
ENSG00000163975,0.00025445819272590945
ENSG00000109705,0.0002540106951871658
ENSG00000115128,0.00025389127002030143
ENSG00000142089,0.0002538493549729507
ENSG00000166747,0.0002536574935317628
ENSG00000086065,0.00025347630577654697
ENSG00000143384,0.00025343155712615476
ENSG00000124762,0.0002533547547080016
ENSG00000131844,0.00025261266788884393
ENSG00000155463,0.0002524924351011306
ENSG00000026508,0.00025232855237616137
ENSG00000076043,0.000251780651780652
ENSG00000124383,0.00025158629538546217
ENSG00000105808,0.0002511357018054745
ENSG00000272084,0.00025106747101356235
ENSG00000182013,0.0002507984030341714
ENSG00000172037,0.0002505413959686824
ENSG00000130600,0.00025007432348922855
ENSG00000196611,0.00024999999999999995
ENSG00000130402,0.0002498048399687743
ENSG00000153827,0.00024970426213036424
ENSG00000116977,0.0002495250433648038
ENSG00000166275,0.0002493976135447687
ENSG00000113971,0.0002491206606514752
ENSG00000144747,0.00024911516596369033
ENSG00000145216,0.0002489626556016592
ENSG00000157800,0.00024860118844601713
ENSG00000130706,0.0002482983172879534
ENSG00000109458,0.00024827673433251165
ENSG00000001036,0.0002479974380691131
ENSG00000110092,0.0002478964024307375
ENSG00000137955,0.0002475633816190665
ENSG00000135390,0.00024605678233438486
ENSG00000132000,0.00024577114427860695
ENSG00000189306,0.00024526753523931464
ENSG00000137507,0.0002451712758356685
ENSG00000118596,0.00024506529000910987
ENSG00000187068,0.0002446043165467622
ENSG00000233024,0.00024419824434066944
ENSG00000106588,0.00024390243902439043
ENSG00000106571,0.00024324324324324282
ENSG00000076706,0.00024278577725536348
ENSG00000130382,0.00024242424242424196
ENSG00000164808,0.0002417596315107991
ENSG00000155846,0.00024129929132601474
ENSG00000182196,0.00024094063998390502
ENSG00000166173,0.00024052823969008584
ENSG00000275832,0.00024045648942465085
ENSG00000134013,0.0002402831546938087
ENSG00000188488,0.0002399678916723924
ENSG00000083642,0.00023957413114658434
ENSG00000272636,0.00023926231936873853
ENSG00000075624,0.00023889614141300552
ENSG00000055609,0.00023847270443357903
ENSG00000065054,0.00023844620590553003
ENSG00000147654,0.00023842190136588162
ENSG00000140350,0.00023809523809523801
ENSG00000099817,0.00023809523809523788
ENSG00000166136,0.00023771009730822704
ENSG00000204590,0.000237037037037037
ENSG00000077232,0.00023698331547084613
ENSG00000089692,0.00023657987785278057
ENSG00000106624,0.00023649999999999962
ENSG00000023608,0.00023571783407849023
ENSG00000179241,0.00023543773979769824
ENSG00000138768,0.0002352941176470589
ENSG00000170458,0.00023501765801509311
ENSG00000137076,0.00023475723285734882
ENSG00000148926,0.00023467897698846714
ENSG00000156052,0.0002342830355747703
ENSG00000155657,0.00023401028812702562
ENSG00000115956,0.0002332531017081199
ENSG00000141504,0.0002332008726819391
ENSG00000142599,0.00023273728377448842
ENSG00000272333,0.00023255813953488357
ENSG00000143819,0.00023243243243243274
ENSG00000136542,0.0002322186263933835
ENSG00000177879,0.00023195577935984228
ENSG00000153993,0.00023164291358209835
ENSG00000170027,0.00023157881420494584
ENSG00000157601,0.0002315284567844296
ENSG00000143196,0.00023144715876922918
ENSG00000169057,0.00023132530120481914
ENSG00000154237,0.0002309948116399731
ENSG00000117020,0.00023077125607747208
ENSG00000196372,0.00023062200956937807
ENSG00000142186,0.00023026588684254214
ENSG00000188042,0.000230185597347031
ENSG00000022277,0.00023013698630137
ENSG00000135956,0.00023007639652629418
ENSG00000156976,0.00022992272488138216
ENSG00000163512,0.0002294602255347785
ENSG00000160360,0.00022941176470588225
ENSG00000155265,0.00022916666666666685
ENSG00000136156,0.0002288756701440402
ENSG00000143537,0.00022803441046772205
ENSG00000189001,0.00022784603590830278
ENSG00000198886,0.00022780573354271524
ENSG00000196639,0.00022779506456326233
ENSG00000196776,0.00022702702702702684
ENSG00000198218,0.0002270166817535236
ENSG00000107679,0.0002269317207565258
ENSG00000145675,0.00022678548366266308
ENSG00000143543,0.000226600595503517
ENSG00000138029,0.0002265225385894456
ENSG00000129596,0.0002264879038242714
ENSG00000006459,0.00022641509433962307
ENSG00000085998,0.00022559490211985567
ENSG00000127616,0.0002253503503503501
ENSG00000038427,0.00022515748831538322
ENSG00000170382,0.00022502670940170965
ENSG00000196961,0.0002248500999333775
ENSG00000168938,0.00022466960352422895
ENSG00000173868,0.00022396296955670293
ENSG00000153029,0.00022378359148377214
ENSG00000101745,0.0002237259213776756
ENSG00000124107,0.00022355827135675388
ENSG00000069188,0.00022348591920300288
ENSG00000183495,0.00022346368715083805
ENSG00000184702,0.00022297297297297296
ENSG00000155660,0.000222445760270684
ENSG00000138801,0.00022235353164195168
ENSG00000185989,0.00022231539742759314
ENSG00000213923,0.000222222222222222
ENSG00000181904,0.00022220751950035726
ENSG00000179304,0.00022159491884262545
ENSG00000203950,0.00022122068596745908
ENSG00000149591,0.00022110756869089034
ENSG00000266964,0.00022073578595317681
ENSG00000181458,0.00022063789868667888
ENSG00000131558,0.0002196969696969696
ENSG00000155957,0.00021831701412565495
ENSG00000244754,0.0002182314564642304
ENSG00000198938,0.0002180429033205995
ENSG00000173726,0.00021790757381258015
ENSG00000143322,0.00021774794929157337
ENSG00000124212,0.0002173322983471164
ENSG00000112576,0.0002172726280161587
ENSG00000198585,0.00021674343620451436
ENSG00000178882,0.00021666666666666682
ENSG00000107968,0.00021654135338345835
ENSG00000116337,0.0002164176223020199
ENSG00000181555,0.000216241272005096
ENSG00000170266,0.00021621621621621592
ENSG00000020181,0.000215811965811966
ENSG00000121053,0.0002155844155844158
ENSG00000099904,0.0002151390637992152
ENSG00000204387,0.00021500238891543263
ENSG00000087087,0.00021487279843444254
ENSG00000172819,0.0002147726448117989
ENSG00000240303,0.00021472302678082088
ENSG00000188001,0.00021447988105702508
ENSG00000160294,0.0002144564759324985
ENSG00000163884,0.00021407546160021333
ENSG00000049618,0.00021405872172898104
ENSG00000146701,0.00021364137947340093
ENSG00000176171,0.0002135723431498087
ENSG00000198146,0.00021322253452279118
ENSG00000152595,0.00021319318105249055
ENSG00000164463,0.0002131649192738855
ENSG00000102317,0.000212962962962963
ENSG00000111077,0.00021278439248867339
ENSG00000196975,0.00021275934205687908
ENSG00000169554,0.00021261590701319064
ENSG00000187134,0.00021236559139784978
ENSG00000147996,0.0002122833843017326
ENSG00000159176,0.00021163403898102586
ENSG00000162804,0.0002108186488822835
ENSG00000166780,0.00021073729420186094
ENSG00000133055,0.00021043752265692512
ENSG00000124788,0.0002100611294935785
ENSG00000105974,0.0002098999566741502
ENSG00000090339,0.00020956341731784173
ENSG00000241978,0.00020942408376963323
ENSG00000116857,0.0002093942168241084
ENSG00000125651,0.00020916601952022154
ENSG00000122756,0.00020901707277863656
ENSG00000105700,0.00020900898220060476
ENSG00000189067,0.00020897887323943697
ENSG00000164949,0.00020869565217391286
ENSG00000136295,0.0002086737900691389
ENSG00000175264,0.00020855066437537625
ENSG00000185561,0.00020849003714172348
ENSG00000069122,0.00020833333333333302
ENSG00000182218,0.0002082306779815677
ENSG00000210194,0.0002080924855491326
ENSG00000083123,0.00020728877174378053
ENSG00000068024,0.00020715316429602133
ENSG00000112200,0.00020689655172413782
ENSG00000134352,0.0002068965517241378
ENSG00000121005,0.00020674328851944562
ENSG00000080845,0.00020659358705916133
ENSG00000273730,0.0002062237477685405
ENSG00000162298,0.00020621421511031636
ENSG00000130821,0.0002059271070306698
ENSG00000165502,0.00020561660561660576
ENSG00000130066,0.00020545785324439098
ENSG00000183049,0.00020531411334537836
ENSG00000166997,0.00020517963357590024
ENSG00000152583,0.00020514354066985654
ENSG00000104960,0.0002051282051282052
ENSG00000198380,0.00020493245713216948
ENSG00000147454,0.00020489872821479032
ENSG00000134830,0.0002046625101653568
ENSG00000172785,0.00020465116279069694
ENSG00000138028,0.00020432581684307424
ENSG00000100241,0.00020419739081111715
ENSG00000134825,0.00020370370370370364
ENSG00000189091,0.00020370370370370347
ENSG00000186919,0.00020342668156971965
ENSG00000169071,0.00020339701985092832
ENSG00000127947,0.00020338983050847455
ENSG00000116478,0.00020320681092800445
ENSG00000163956,0.00020295073966350715
ENSG00000154265,0.00020261437908496713
ENSG00000116194,0.00020260914622517606
ENSG00000186432,0.0002024685571817531
ENSG00000103549,0.0002024539877300619
ENSG00000123200,0.00020226150660933306
ENSG00000158560,0.0002018804746522112
ENSG00000170421,0.0002017804154302669
ENSG00000263465,0.00020177630588589477
ENSG00000134184,0.00020118825075422444
ENSG00000162434,0.00020075830957850188
ENSG00000139219,0.00020035550528208092
ENSG00000132481,0.00020012919896640808
ENSG00000169902,0.00020012386092187906
ENSG00000156103,0.0002000842322017639
ENSG00000103966,0.00020000000000000012
ENSG00000172053,0.00019999999999999982
ENSG00000161714,0.0001999069078836688
ENSG00000006042,0.00019905213270142157
ENSG00000128524,0.00019898114326687364
ENSG00000163597,0.00019873454127121123
ENSG00000112715,0.0001983987219497698
ENSG00000196666,0.00019836401781744142
ENSG00000160310,0.00019824510012782289
ENSG00000282961,0.00019790704472376477
ENSG00000166086,0.00019790704472376456
ENSG00000178904,0.00019772312848060698
ENSG00000129116,0.00019736842105263166
ENSG00000146729,0.00019729828404527127
ENSG00000056736,0.0001972555746140656
ENSG00000158669,0.0001971430857874534
ENSG00000179295,0.0001971014492753639
ENSG00000134049,0.00019680059523809507
ENSG00000164086,0.00019672131147540983
ENSG00000185633,0.00019659368117494572
ENSG00000198961,0.00019627469056072535
ENSG00000155368,0.00019540229885057502
ENSG00000136830,0.0001953799258143889
ENSG00000063322,0.00019527737423977501
ENSG00000165124,0.00019463587260197415
ENSG00000123091,0.00019456782003720094
ENSG00000177600,0.000194412420387456
ENSG00000141232,0.00019427383523144029
ENSG00000005700,0.0001942319570485106
ENSG00000204256,0.000193939393939394
ENSG00000145362,0.00019381783001427217
ENSG00000169223,0.00019379650530892005
ENSG00000089154,0.000193651718112987
ENSG00000006007,0.00019342442879180727
ENSG00000135446,0.00019307934102547945
ENSG00000134046,0.0001927660631707178
ENSG00000162645,0.00019227709353727306
ENSG00000175390,0.0001921300211823899
ENSG00000113448,0.00019186963378307385
ENSG00000178188,0.00019184466019417444
ENSG00000034510,0.00019117647058823503
ENSG00000124151,0.00019112508735150285
ENSG00000100227,0.00019110103781462502
ENSG00000110811,0.00019103558663411858
ENSG00000127083,0.00019025173712936444
ENSG00000176915,0.00018994259843156373
ENSG00000121766,0.0001896551724137944
ENSG00000140941,0.00018947368421052757
ENSG00000173402,0.00018940023425658074
ENSG00000133048,0.00018918918918918912
ENSG00000189129,0.00018909090909090934
ENSG00000143226,0.0001890867709815081
ENSG00000244242,0.00018867924528301937
ENSG00000137831,0.00018867924528301878
ENSG00000123243,0.00018846075015372017
ENSG00000115758,0.00018837855911026642
ENSG00000089327,0.0001883257266394428
ENSG00000121413,0.00018767912692901477
ENSG00000159658,0.00018765386569234658
ENSG00000143753,0.0001874999999999999
ENSG00000183878,0.0001870240722606291
ENSG00000274944,0.00018676862408659628
ENSG00000114857,0.00018662926601215366
ENSG00000119638,0.0001865748709122204
ENSG00000164741,0.00018656638385012366
ENSG00000102181,0.00018644650842793235
ENSG00000170345,0.00018636776635699325
ENSG00000104635,0.0001862788215794502
ENSG00000140945,0.000186046511627907
ENSG00000258890,0.00018604651162790697
ENSG00000002933,0.00018604651162790686
ENSG00000134644,0.0001857097625329814
ENSG00000197555,0.00018558193398957737
ENSG00000118873,0.00018518518518518672
ENSG00000182774,0.00018461538461538482
ENSG00000178104,0.00018458417849898603
ENSG00000107902,0.00018457271173979065
ENSG00000147684,0.00018421052631578964
ENSG00000095321,0.00018421052631578948
ENSG00000176973,0.00018404907975460078
ENSG00000172236,0.00018399422472025983
ENSG00000140807,0.00018392564242755602
ENSG00000103769,0.00018390952872376998
ENSG00000008294,0.00018374558303886949
ENSG00000138592,0.00018374558303886894
ENSG00000157593,0.00018296807359307346
ENSG00000256500,0.00018292682926829252
ENSG00000003137,0.0001827138378862518
ENSG00000119681,0.00018256514727102907
ENSG00000106397,0.00018245614035087787
ENSG00000197879,0.00018245614035087757
ENSG00000105939,0.00018242381289865328
ENSG00000133835,0.00018200311116429253
ENSG00000169217,0.000181818181818182
ENSG00000087470,0.00018181818181818175
ENSG00000019549,0.00018181818181818132
ENSG00000081237,0.00018128638628848193
ENSG00000152592,0.0001806451612903224
ENSG00000205531,0.00018058211386157055
ENSG00000127946,0.00018042200854700868
ENSG00000169715,0.0001801801801801805
ENSG00000100664,0.0001801431196965548
ENSG00000136068,0.00018000000000000004
ENSG00000180817,0.00017929713043081543
ENSG00000149131,0.00017910294471635966
ENSG00000254122,0.00017902097902097887
ENSG00000112655,0.00017891478946868155
ENSG00000173641,0.00017874649859943978
ENSG00000180357,0.0001783439490445862
ENSG00000181982,0.00017816830691706222
ENSG00000068323,0.00017782498245352504
ENSG00000135916,0.00017777777777777754
ENSG00000196569,0.00017770840570654982
ENSG00000119147,0.00017756097560975542
ENSG00000179335,0.00017751479289940806
ENSG00000074657,0.00017735214711425741
ENSG00000122515,0.00017727272727272728
ENSG00000174640,0.00017660208643815217
ENSG00000120616,0.00017647058823529418
ENSG00000026652,0.00017620027134666687
ENSG00000241685,0.00017577897575547948
ENSG00000178425,0.00017566544709234942
ENSG00000156427,0.00017562724014336944
ENSG00000101347,0.00017458790423418932
ENSG00000085832,0.00017457405421698852
ENSG00000047410,0.00017406798801602395
ENSG00000244734,0.00017391476278508767
ENSG00000123684,0.00017391304347826123
ENSG00000169992,0.00017369162678973347
ENSG00000109572,0.00017358178736426544
ENSG00000168385,0.00017330210772833674
ENSG00000170525,0.0001731147540983605
ENSG00000084463,0.00017308889392494365
ENSG00000159189,0.00017302869943707516
ENSG00000119537,0.00017285159929171512
ENSG00000185088,0.00017276995305164308
ENSG00000214063,0.00017272727272727283
ENSG00000180818,0.00017269812185066424
ENSG00000173598,0.00017248459958932248
ENSG00000233927,0.00017248120300751896
ENSG00000124733,0.00017241379310344824
ENSG00000142694,0.00017202976648704116
ENSG00000170604,0.00017197494230135191
ENSG00000145050,0.00017194323144104805
ENSG00000103365,0.00017142857142857134
ENSG00000115594,0.0001714285714285711
ENSG00000163655,0.00017108830614838416
ENSG00000113369,0.00017089340694516353
ENSG00000113282,0.00017075904772072191
ENSG00000134001,0.00017061611374407582
ENSG00000130733,0.00017021276595744666
ENSG00000125817,0.00017007095767701687
ENSG00000187955,0.0001698358979353333
ENSG00000179889,0.00016949854006986814
ENSG00000076928,0.00016949152542372874
ENSG00000167792,0.00016937562749301258
ENSG00000171206,0.00016897740892672566
ENSG00000096696,0.00016856226305045252
ENSG00000140264,0.0001684995679265017
ENSG00000164932,0.00016838235294117652
ENSG00000107223,0.00016835016835016814
ENSG00000110367,0.0001679952119422165
ENSG00000144445,0.0001677951825351986
ENSG00000120694,0.00016747637139161945
ENSG00000124491,0.00016725617203860297
ENSG00000055813,0.00016723376732937764
ENSG00000197629,0.00016719799495464553
ENSG00000163710,0.0001670043457834152
ENSG00000251022,0.00016666666666666672
ENSG00000187323,0.00016666666666666663
ENSG00000062485,0.00016620803522289482
ENSG00000170606,0.00016607660122304425
ENSG00000204673,0.00016574918809439022
ENSG00000129968,0.0001655172413793104
ENSG00000133243,0.0001652892561983473
ENSG00000123146,0.0001650793650793656
ENSG00000086015,0.0001650793650793651
ENSG00000147872,0.0001650133837190994
ENSG00000273018,0.00016499999999999957
ENSG00000187210,0.00016484179341518537
ENSG00000136457,0.00016470588235294151
ENSG00000197321,0.00016470588235294076
ENSG00000153187,0.00016438356164383573
ENSG00000148180,0.00016342412451361932
ENSG00000067369,0.0001632988990388229
ENSG00000188313,0.00016326530612244917
ENSG00000118762,0.0001632653061224491
ENSG00000038382,0.00016326530612244844
ENSG00000124942,0.00016325925925925956
ENSG00000173801,0.000163135593220338
ENSG00000054793,0.00016310415248468361
ENSG00000139192,0.00016295185135387316
ENSG00000052841,0.00016287984778107329
ENSG00000198198,0.0001628362078402708
ENSG00000130726,0.0001627906976744188
ENSG00000196396,0.00016279069767441876
ENSG00000153048,0.00016249999999999997
ENSG00000174348,0.00016239316239316284
ENSG00000096968,0.00016216216216216215
ENSG00000173812,0.0001620630125161851
ENSG00000152527,0.00016176470588235293
ENSG00000102109,0.0001617293046945323
ENSG00000138814,0.00016156316305059281
ENSG00000184634,0.0001613972262796651
ENSG00000103429,0.00016118421052631584
ENSG00000198700,0.00016102150537634411
ENSG00000153814,0.00015978407557354902
ENSG00000159228,0.00015956706609972923
ENSG00000003436,0.000159420289855074
ENSG00000116754,0.00015933214072749036
ENSG00000141349,0.00015926640926640744
ENSG00000116711,0.00015920677612299777
ENSG00000012061,0.00015894039735099368
ENSG00000178922,0.00015894039735099325
ENSG00000130640,0.00015868361029651264
ENSG00000165633,0.00015859030837004403
ENSG00000234754,0.0001581927054980948
ENSG00000154978,0.0001581566704048499
ENSG00000077235,0.00015808665808665816
ENSG00000022840,0.00015800472529192222
ENSG00000132386,0.0001579053674633859
ENSG00000069974,0.0001578947368421053
ENSG00000197894,0.00015789473684210527
ENSG00000115486,0.00015789473684210527
ENSG00000116199,0.0001577890998919252
ENSG00000213719,0.00015759576131329833
ENSG00000187720,0.0001575436345310076
ENSG00000140400,0.00015720969145626757
ENSG00000100764,0.00015720524017467244
ENSG00000131100,0.00015686274509803922
ENSG00000233954,0.00015652173913043496
ENSG00000143947,0.000156421265250834
ENSG00000077782,0.00015632639577139076
ENSG00000244687,0.00015587044534412934
ENSG00000105254,0.00015584415584415608
ENSG00000103978,0.00015584415584415597
ENSG00000136235,0.00015555555555555575
ENSG00000122406,0.00015533980582524372
ENSG00000129521,0.00015524508186694436
ENSG00000126947,0.00015483870967741948
ENSG00000186298,0.00015478303279910038
ENSG00000197386,0.00015434991974317875
ENSG00000158195,0.0001543026706231453
ENSG00000167191,0.00015414722264037308
ENSG00000169826,0.0001540915225125773
ENSG00000100504,0.00015394469947688685
ENSG00000161955,0.00015384615384615404
ENSG00000088280,0.00015384615384615382
ENSG00000259171,0.00015384615384615377
ENSG00000162944,0.00015384615384615326
ENSG00000170571,0.00015380191975936645
ENSG00000131051,0.0001536164565361649
ENSG00000168028,0.00015339233038348085
ENSG00000118200,0.00015315315315315295
ENSG00000087502,0.00015300000939418167
ENSG00000149182,0.00015259382315185386
ENSG00000183255,0.00015250046599344302
ENSG00000162576,0.0001521739130434782
ENSG00000157224,0.000152146697105825
ENSG00000082438,0.00015189873417721552
ENSG00000092148,0.00015145992477412845
ENSG00000196704,0.00015108556832694775
ENSG00000123505,0.0001509433962264152
ENSG00000157617,0.00015094339622641494
ENSG00000100836,0.00015047619047619067
ENSG00000170776,0.00015027551159485202
ENSG00000139044,0.00015009746588693956
ENSG00000242252,0.00015
ENSG00000196159,0.00014999999999999996
ENSG00000104904,0.00014984454448294858
ENSG00000178498,0.00014983266111730852
ENSG00000120063,0.00014929025942241774
ENSG00000109099,0.0001492538657183371
ENSG00000130396,0.00014918503105394333
ENSG00000109323,0.00014872705396008195
ENSG00000180879,0.00014857142857142847
ENSG00000091136,0.000148434920422639
ENSG00000261054,0.00014826130559507427
ENSG00000114626,0.00014814814814814825
ENSG00000120594,0.00014814814814814817
ENSG00000182827,0.00014814814814814812
ENSG00000187391,0.00014811185956317677
ENSG00000143164,0.00014798363530099356
ENSG00000106688,0.00014768403793067035
ENSG00000136928,0.00014760100015136495
ENSG00000163069,0.0001475409836065574
ENSG00000257923,0.0001474591651542651
ENSG00000142583,0.00014743589743589737
ENSG00000137207,0.0001473974694799222
ENSG00000147535,0.00014739382967488853
ENSG00000177106,0.00014705882352941164
ENSG00000138668,0.00014684638914277246
ENSG00000012817,0.00014669926650366663
ENSG00000012223,0.00014626945786366073
ENSG00000170144,0.0001461794019933557
ENSG00000114450,0.00014592684557348864
ENSG00000166783,0.0001448467966573822
ENSG00000108679,0.0001447368421052632
ENSG00000102531,0.00014462633785334545
ENSG00000107625,0.00014435967628010228
ENSG00000108256,0.00014411764705882363
ENSG00000196196,0.00014407814407814418
ENSG00000196683,0.00014393939393939355
ENSG00000173366,0.000143884892086331
ENSG00000134871,0.0001433550395953319
ENSG00000126457,0.00014307104660045842
ENSG00000175061,0.00014285714285714322
ENSG00000150977,0.00014285714285714287
ENSG00000116774,0.0001428571428571428
ENSG00000150316,0.0001428571428571427
ENSG00000011405,0.00014260642832071436
ENSG00000177096,0.0001426064283207142
ENSG00000225190,0.00014218009478673052
ENSG00000169641,0.00014218009478673014
ENSG00000115310,0.00014207483917731277
ENSG00000081853,0.00014200796842533803
ENSG00000203485,0.00014195207210457726
ENSG00000168542,0.00014154447702834801
ENSG00000135316,0.00014147909967845653
ENSG00000188783,0.00014138346337121003
ENSG00000272325,0.0001408555448628171
ENSG00000135317,0.00014075286415711954
ENSG00000166436,0.00014070351758793974
ENSG00000114480,0.0001406093343973155
ENSG00000126581,0.00014056063187238641
ENSG00000131370,0.00014035087719298264
ENSG00000034971,0.00014030837004405279
ENSG00000169105,0.00014007782101167264
ENSG00000140386,0.00013998782714546567
ENSG00000127483,0.00013968795709410047
ENSG00000148053,0.0001395881006864988
ENSG00000122884,0.00013940673186922957
ENSG00000163714,0.00013915040183696897
ENSG00000033800,0.00013913043478260866
ENSG00000006128,0.00013909774436090232
ENSG00000266074,0.00013909774436090204
ENSG00000114698,0.00013894048292013243
ENSG00000206538,0.000138795619637018
ENSG00000170385,0.00013866896822630517
ENSG00000156030,0.0001384305097176383
ENSG00000140299,0.00013824884792626717
ENSG00000047644,0.00013793103448275868
ENSG00000281383,0.00013793103448275852
ENSG00000234745,0.0001379310344827584
ENSG00000179776,0.0001378932968536248
ENSG00000075223,0.00013766937669376707
ENSG00000172115,0.0001369863013698626
ENSG00000163939,0.00013636363636363648
ENSG00000100201,0.00013636363636363634
ENSG00000148841,0.00013636363636363623
ENSG00000186815,0.00013559322033898302
ENSG00000115694,0.00013548387096774193
ENSG00000177674,0.0001353548670621842
ENSG00000101474,0.00013501726789180504
ENSG00000267532,0.00013500272182906931
ENSG00000171490,0.00013497757847533612
ENSG00000182446,0.00013493167106209532
ENSG00000107077,0.00013491124260355024
ENSG00000173918,0.0001347024504084013
ENSG00000164292,0.00013461538461538564
ENSG00000135387,0.0001342849590272271
ENSG00000165410,0.0001342281879194632
ENSG00000125810,0.00013406593406593403
ENSG00000113845,0.00013402061855670086
ENSG00000171863,0.0001339340400028558
ENSG00000214253,0.0001339266793812247
ENSG00000002822,0.00013375337533753345
ENSG00000119383,0.00013308773003655188
ENSG00000135245,0.0001329670329670328
ENSG00000108424,0.0001329305135951666
ENSG00000197323,0.00013289036544850518
ENSG00000122863,0.0001324214333219274
ENSG00000119801,0.00013241596278531977
ENSG00000066739,0.00013198451353287755
ENSG00000161016,0.00013186813186813202
ENSG00000107863,0.000131868131868132
ENSG00000089335,0.00013186813186813188
ENSG00000170296,0.00013146551724137908
ENSG00000149428,0.0001314575165666306
ENSG00000015479,0.0001314314824248599
ENSG00000100941,0.00013132631902311616
ENSG00000140836,0.00013124472757948573
ENSG00000205542,0.00013114754098360651
ENSG00000172348,0.00013096989734978984
ENSG00000161970,0.00013043478260869578
ENSG00000118260,0.00013043478260869567
ENSG00000140612,0.00013012466041116734
ENSG00000257315,0.0001301246604111672
ENSG00000180628,0.00013
ENSG00000139793,0.00012964808410027907
ENSG00000196735,0.00012963288935829008
ENSG00000112146,0.00012958429452473975
ENSG00000156256,0.0001294563077389066
ENSG00000185262,0.00012939480563903345
ENSG00000165775,0.0001290960451977401
ENSG00000253276,0.00012903225806451578
ENSG00000143013,0.00012881961901569757
ENSG00000164576,0.00012881658920271718
ENSG00000185129,0.00012844036697247702
ENSG00000077942,0.00012830188679245264
ENSG00000059122,0.00012787779596290364
ENSG00000197989,0.00012779236085069926
ENSG00000167468,0.00012765957446808502
ENSG00000163820,0.0001273885350318471
ENSG00000276345,0.00012723673057048939
ENSG00000155893,0.00012719959778783314
ENSG00000188846,0.00012698412698412711
ENSG00000133742,0.00012680102438481237
ENSG00000103342,0.00012658227848101258
ENSG00000142875,0.00012631578947368404
ENSG00000100632,0.00012570439570173833
ENSG00000103035,0.00012568405158697976
ENSG00000145741,0.00012545670102759757
ENSG00000163131,0.00012527526302911674
ENSG00000170381,0.00012499999999999995
ENSG00000260032,0.00012499999999999987
ENSG00000111540,0.0001248524590163936
ENSG00000163682,0.0001246422893481718
ENSG00000205352,0.0001245674740484429
ENSG00000164163,0.00012407407407407395
ENSG00000113732,0.0001237113402061856
ENSG00000132589,0.00012371134020618558
ENSG00000100280,0.00012371134020618552
ENSG00000021762,0.00012363636363636328
ENSG00000164031,0.00012363373145132098
ENSG00000275993,0.00012334801762114568
ENSG00000076356,0.00012324543610547675
ENSG00000130720,0.00012303643391726297
ENSG00000155659,0.0001228070175438596
ENSG00000164609,0.0001226053639846741
ENSG00000100292,0.00012252232589439962
ENSG00000185164,0.0001224489795918367
ENSG00000224389,0.00012203389830508491
ENSG00000063245,0.00012191382500660863
ENSG00000159459,0.00012121212121212121
ENSG00000168961,0.00012121212121212118
ENSG00000068878,0.00012121212121212105
ENSG00000152082,0.00012068965517241321
ENSG00000178234,0.00012024312896405914
ENSG00000204356,0.00012000000000000002
ENSG00000143870,0.00011999999999999987
ENSG00000123374,0.0001196823596142938
ENSG00000203875,0.00011963241436925645
ENSG00000161960,0.0001194029850746268
ENSG00000132334,0.00011925258702829643
ENSG00000134419,0.00011881188118811896
ENSG00000119414,0.00011764705882352946
ENSG00000092621,0.00011764705882352935
ENSG00000137193,0.0001172161172161171
ENSG00000100345,0.0001171644437901104
ENSG00000181722,0.00011657850084838807
ENSG00000245532,0.0001165048543689321
ENSG00000145685,0.00011650485436893193
ENSG00000122218,0.00011631527581348331
ENSG00000138594,0.0001162249038309532
ENSG00000181396,0.00011602209944751387
ENSG00000117139,0.0001157556270096464
ENSG00000111319,0.00011570247933884288
ENSG00000126709,0.00011557788944723667
ENSG00000114120,0.00011538461538461534
ENSG00000229807,0.000115384615384615
ENSG00000058673,0.0001152263374485596
ENSG00000088038,0.0001151515151515149
ENSG00000170889,0.0001149425287356321
ENSG00000144677,0.00011486486486486479
ENSG00000108518,0.00011475409836065592
ENSG00000156860,0.00011450381679389322
ENSG00000159399,0.00011428571428571434
ENSG00000128567,0.00011428571428571428
ENSG00000061273,0.00011428571428571411
ENSG00000163220,0.00011409395973154354
ENSG00000059573,0.00011387900355871907
ENSG00000099917,0.00011365369946605625
ENSG00000153487,0.00011362151127573933
ENSG00000205978,0.00011353253488084938
ENSG00000122359,0.0001133333333333335
ENSG00000128050,0.00011327977623288027
ENSG00000110696,0.0001132075471698114
ENSG00000173660,0.00011320754716981131
ENSG00000136213,0.0001126760563380281
ENSG00000112773,0.00011267605633802808
ENSG00000115902,0.00011238938053097316
ENSG00000169813,0.00011235955056179758
ENSG00000065243,0.00011228070175438595
ENSG00000078246,0.00011206896551724123
ENSG00000139613,0.0001120250685468076
ENSG00000170961,0.00011172611726117251
ENSG00000144224,0.00011167512690355345
ENSG00000267100,0.00011165741475019814
ENSG00000106723,0.00011111111111111124
ENSG00000167615,0.00011111111111111118
ENSG00000175582,0.00011111111111111114
ENSG00000275052,0.0001111111111111111
ENSG00000132329,0.0001111111111111109
ENSG00000160408,0.00011102775693923475
ENSG00000124172,0.00011091123501638151
ENSG00000121858,0.0001106966182791339
ENSG00000182492,0.00011049723756906103
ENSG00000172349,0.00011042944785276079
ENSG00000117984,0.00011038961038961067
ENSG00000204291,0.00011030785823357965
ENSG00000153922,0.0001102362204724413
ENSG00000211592,0.00010958904109589029
ENSG00000180155,0.00010937500000000002
ENSG00000089063,0.000109375
ENSG00000130429,0.0001092150170648468
ENSG00000163125,0.00010921501706484679
ENSG00000185236,0.00010921501706484627
ENSG00000157020,0.00010913873772565714
ENSG00000189241,0.00010909090909090916
ENSG00000143570,0.00010897435897435928
ENSG00000173575,0.00010897435897435881
ENSG00000055917,0.00010894941634241274
ENSG00000135677,0.00010892212480660144
ENSG00000164366,0.00010891089108910936
ENSG00000172061,0.00010847457627118646
ENSG00000151090,0.00010843373493975937
ENSG00000164125,0.0001083333333333333
ENSG00000140521,0.00010810810810810813
ENSG00000136732,0.00010810810810810807
ENSG00000188647,0.00010810810810810796
ENSG00000107736,0.00010791366906474827
ENSG00000065978,0.00010778443113772571
ENSG00000152767,0.00010759989060835005
ENSG00000161381,0.00010731707317073178
ENSG00000143847,0.00010698916468147243
ENSG00000278311,0.00010657316259120852
ENSG00000164615,0.00010655737704918069
ENSG00000152795,0.00010638297872340448
ENSG00000163346,0.00010638297872340432
ENSG00000183114,0.00010635341669824426
ENSG00000125304,0.00010576923076923105
ENSG00000144867,0.00010526315789473702
ENSG00000117308,0.00010526315789473682
ENSG00000010017,0.00010526315789473681
ENSG00000168036,0.00010482180293501053
ENSG00000126870,0.00010461538461538463
ENSG00000184347,0.00010434782608695657
ENSG00000182809,0.00010415776695091634
ENSG00000113384,0.00010404624277456641
ENSG00000075292,0.00010365853658536551
ENSG00000131504,0.00010355987055016203
ENSG00000110108,0.00010344031401523904
ENSG00000144043,0.00010332103321033217
ENSG00000142208,0.0001032258064516125
ENSG00000213246,0.00010309278350515468
ENSG00000112697,0.00010289389067524138
ENSG00000132842,0.00010271903323262762
ENSG00000204388,0.00010256410256410265
ENSG00000175197,0.00010256410256410263
ENSG00000165272,0.00010256410256410255
ENSG00000116584,0.00010251126275222637
ENSG00000134532,0.00010238907849829372
ENSG00000141338,0.00010218978102189822
ENSG00000078902,0.00010212765957446805
ENSG00000108055,0.00010210210210210226
ENSG00000137103,0.00010196078431372571
ENSG00000196498,0.00010169491525423765
ENSG00000131469,0.00010169491525423735
ENSG00000213626,0.00010163371545660965
ENSG00000099219,0.00010126582278481007
ENSG00000163527,0.0001012658227848093
ENSG00000168209,0.00010108303249097441
ENSG00000117335,0.00010094325270044099
ENSG00000174306,0.00010054631758067885
ENSG00000150403,0.00010045662100456514
ENSG00000106976,0.00010022072009932412
ENSG00000110079,9.993654822335072e-05
ENSG00000065883,9.977324263038549e-05
ENSG00000272668,9.947643979057591e-05
ENSG00000115839,9.944751381215511e-05
ENSG00000142230,9.94475138121549e-05
ENSG00000168268,9.859154929577516e-05
ENSG00000046604,9.859154929577468e-05
ENSG00000119699,9.82456140350877e-05
ENSG00000134531,9.81132075471697e-05
ENSG00000122707,9.803921568627436e-05
ENSG00000267272,9.798270893371719e-05
ENSG00000084652,9.777777777777796e-05
ENSG00000182022,9.777777777777774e-05
ENSG00000133687,9.774436090225569e-05
ENSG00000146535,9.756097560975616e-05
ENSG00000174197,9.756097560975602e-05
ENSG00000001629,9.754362616307741e-05
ENSG00000105968,9.740259740259728e-05
ENSG00000090013,9.737827715355832e-05
ENSG00000071894,9.7378277153558e-05
ENSG00000103550,9.722222222222199e-05
ENSG00000164944,9.70873786407767e-05
ENSG00000101096,9.70873786407766e-05
ENSG00000139651,9.708737864077656e-05
ENSG00000047932,9.677419354838742e-05
ENSG00000154864,9.67741935483874e-05
ENSG00000147251,9.677419354838737e-05
ENSG00000067182,9.661835748792276e-05
ENSG00000111142,9.659090909090906e-05
ENSG00000131446,9.60388759231439e-05
ENSG00000185760,9.603887592314386e-05
ENSG00000118705,9.600000000000117e-05
ENSG00000186594,9.544318194438569e-05
ENSG00000145241,9.537651714765096e-05
ENSG00000181789,9.523809523809523e-05
ENSG00000110048,9.523809523809516e-05
ENSG00000144366,9.523809523809513e-05
ENSG00000162337,9.523809523809508e-05
ENSG00000160145,9.504132231404923e-05
ENSG00000129009,9.499999999999996e-05
ENSG00000107738,9.498680738786243e-05
ENSG00000108654,9.487666034155604e-05
ENSG00000120071,9.476309226932652e-05
ENSG00000114735,9.46372239747638e-05
ENSG00000100097,9.452736318407947e-05
ENSG00000115816,9.448818897637809e-05
ENSG00000151893,9.44170771756986e-05
ENSG00000166123,9.43952802359882e-05
ENSG00000136167,9.433962264150935e-05
ENSG00000116266,9.429280397022332e-05
ENSG00000184436,9.420289855072472e-05
ENSG00000012171,9.411764705882355e-05
ENSG00000197561,9.411764705882286e-05
ENSG00000124588,9.399477806788545e-05
ENSG00000168522,9.3923786055939e-05
ENSG00000149633,9.392265193370177e-05
ENSG00000090905,9.386281588447655e-05
ENSG00000169230,9.380552730686275e-05
ENSG00000113712,9.374999999999999e-05
ENSG00000166794,9.374999999999995e-05
ENSG00000147274,9.364548494983268e-05
ENSG00000187735,9.34579439252335e-05
ENSG00000139990,9.345794392523349e-05
ENSG00000034677,9.345794392523229e-05
ENSG00000276256,9.302325581395363e-05
ENSG00000206190,9.30232558139536e-05
ENSG00000041982,9.302325581395358e-05
ENSG00000100994,9.285714285714287e-05
ENSG00000155096,9.28270042194092e-05
ENSG00000147650,9.271523178807946e-05
ENSG00000134108,9.27152317880794e-05
ENSG00000058272,9.266409266409297e-05
ENSG00000102910,9.259259259259259e-05
ENSG00000187678,9.259259259259257e-05
ENSG00000137509,9.248554913294814e-05
ENSG00000104047,9.230769230769226e-05
ENSG00000106819,9.216589861751145e-05
ENSG00000102144,9.19540229885065e-05
ENSG00000075415,9.19540229885058e-05
ENSG00000100852,9.160305343511458e-05
ENSG00000078687,9.160305343511444e-05
ENSG00000175662,9.151900406653255e-05
ENSG00000013306,9.091454416757643e-05
ENSG00000132199,9.090909090909101e-05
ENSG00000198612,9.090909090909094e-05
ENSG00000126261,9.090909090909089e-05
ENSG00000035687,9.090909090909082e-05
ENSG00000147459,9.090909090909082e-05
ENSG00000189223,9.071274298056148e-05
ENSG00000117614,9.068010075566774e-05
ENSG00000127914,9.066666666666664e-05
ENSG00000089157,9.050347492194882e-05
ENSG00000112245,9.042553191489394e-05
ENSG00000224032,9.036144578313252e-05
ENSG00000175334,9.032258064516126e-05
ENSG00000186660,9.026128266033254e-05
ENSG00000112972,9.009009009009009e-05
ENSG00000176986,9.009009009009008e-05
ENSG00000151461,9.004739336492897e-05
ENSG00000125845,9.003899326479979e-05
ENSG00000169410,9.00321543408358e-05
ENSG00000153214,9.000000000000021e-05
ENSG00000160948,8.999999999999982e-05
ENSG00000126456,8.98876404494385e-05
ENSG00000118007,8.982035928143719e-05
ENSG00000005022,8.974358974359002e-05
ENSG00000160712,8.974358974358974e-05
ENSG00000206560,8.965517241379325e-05
ENSG00000085982,8.963585434173565e-05
ENSG00000051108,8.955223880597032e-05
ENSG00000083520,8.955223880597016e-05
ENSG00000167193,8.94854586129756e-05
ENSG00000265263,8.938547486033549e-05
ENSG00000174231,8.93470790378008e-05
ENSG00000100814,8.934707903780076e-05
ENSG00000148834,8.933002481389522e-05
ENSG00000158270,8.928571428571441e-05
ENSG00000102189,8.928571428571429e-05
ENSG00000176845,8.917197452229305e-05
ENSG00000151366,8.917197452229286e-05
ENSG00000050165,8.917197452229285e-05
ENSG00000103197,8.910891089108912e-05
ENSG00000174738,8.902077151335347e-05
ENSG00000139218,8.888888888888903e-05
ENSG00000204054,8.888888888888878e-05
ENSG00000121486,8.888888888888877e-05
ENSG00000214357,8.873720136518784e-05
ENSG00000115652,8.780487804878051e-05
ENSG00000115361,8.743169398907047e-05
ENSG00000064932,8.733624454148426e-05
ENSG00000102119,8.695652173913047e-05
ENSG00000101856,8.695652173913039e-05
ENSG00000013441,8.695652173913025e-05
ENSG00000063177,8.673469387755147e-05
ENSG00000182578,8.67346938775512e-05
ENSG00000118816,8.673469387755094e-05
ENSG00000153823,8.666666666666622e-05
ENSG00000049860,8.658308882368607e-05
ENSG00000154518,8.648648648648639e-05
ENSG00000137331,8.645533141210435e-05
ENSG00000072422,8.633093525179876e-05
ENSG00000136770,8.629441624365491e-05
ENSG00000198142,8.625336927223656e-05
ENSG00000134955,8.62068965517241e-05
ENSG00000196549,8.615384615384672e-05
ENSG00000174807,8.602150537634407e-05
ENSG00000054654,8.595988538681976e-05
ENSG00000105220,8.588957055214762e-05
ENSG00000196914,8.585858585858593e-05
ENSG00000111670,8.5808580858086e-05
ENSG00000131149,8.571428571428566e-05
ENSG00000244405,8.571428571428563e-05
ENSG00000166734,8.547008547008542e-05
ENSG00000113739,8.536585365853653e-05
ENSG00000157916,8.536585365853643e-05
ENSG00000064042,8.524590163934423e-05
ENSG00000133985,8.510638297872421e-05
ENSG00000120913,8.510638297872348e-05
ENSG00000111615,8.510638297872338e-05
ENSG00000223865,8.510638297872337e-05
ENSG00000122565,8.510638297872325e-05
ENSG00000197406,8.480565371024709e-05
ENSG00000157227,8.459214501510567e-05
ENSG00000244731,8.450704225352062e-05
ENSG00000103710,8.438818565400841e-05
ENSG00000167107,8.438818565400823e-05
ENSG00000187514,8.421052631578942e-05
ENSG00000104946,8.411214953271001e-05
ENSG00000173821,8.376963350785338e-05
ENSG00000257103,8.358208955223881e-05
ENSG00000111596,8.333333333333355e-05
ENSG00000205726,8.333333333333333e-05
ENSG00000165494,8.33333333333333e-05
ENSG00000127507,8.33333333333333e-05
ENSG00000178988,8.316008316008317e-05
ENSG00000167543,8.315098468271337e-05
ENSG00000005889,8.312958435207817e-05
ENSG00000120686,8.290155440414497e-05
ENSG00000244255,8.284023668639047e-05
ENSG00000167553,8.2815734989648e-05
ENSG00000102580,8.2815734989648e-05
ENSG00000127990,8.272506082725062e-05
ENSG00000186866,8.2706766917293e-05
ENSG00000112280,8.25958702064897e-05
ENSG00000107341,8.251986520263154e-05
ENSG00000186687,8.24175824175824e-05
ENSG00000181163,8.239700374531807e-05
ENSG00000180730,8.219178082191808e-05
ENSG00000130635,8.219178082191803e-05
ENSG00000148341,8.219178082191777e-05
ENSG00000116514,8.219178082191776e-05
ENSG00000104419,8.163265306122457e-05
ENSG00000120533,8.163265306122453e-05
ENSG00000092439,8.163265306122452e-05
ENSG00000014123,8.163265306122445e-05
ENSG00000166250,8.150470219435736e-05
ENSG00000145390,8.121827411167526e-05
ENSG00000100883,8.108108108108106e-05
ENSG00000071967,8.108108108108106e-05
ENSG00000115170,8.053691275167812e-05
ENSG00000166548,8.032128514056236e-05
ENSG00000118785,7.999999999999999e-05
ENSG00000198892,7.999999999999998e-05
ENSG00000166265,7.999999999999997e-05
ENSG00000196924,7.999999999999994e-05
ENSG00000025796,7.99999999999999e-05
ENSG00000092841,7.999999999999984e-05
ENSG00000124357,7.999999999999982e-05
ENSG00000131408,7.977207977207972e-05
ENSG00000211448,7.971014492753613e-05
ENSG00000106628,7.946336429308697e-05
ENSG00000196923,7.942238267148033e-05
ENSG00000180304,7.926829268292722e-05
ENSG00000111642,7.926829268292685e-05
ENSG00000137575,7.920792079207975e-05
ENSG00000134452,7.920792079207924e-05
ENSG00000075035,7.920792079207921e-05
ENSG00000170608,7.920792079207921e-05
ENSG00000101150,7.909604519774126e-05
ENSG00000072778,7.894736842105296e-05
ENSG00000132849,7.89473684210528e-05
ENSG00000116288,7.894736842105273e-05
ENSG00000164054,7.89473684210527e-05
ENSG00000169446,7.89473684210526e-05
ENSG00000002549,7.8740157480315e-05
ENSG00000163191,7.865168539325844e-05
ENSG00000118181,7.857142857142853e-05
ENSG00000162231,7.843137254902059e-05
ENSG00000081791,7.843137254901969e-05
ENSG00000164825,7.843137254901961e-05
ENSG00000014216,7.843137254901957e-05
ENSG00000119698,7.843137254901956e-05
ENSG00000262160,7.812499999999984e-05
ENSG00000115561,7.801418439716251e-05
ENSG00000079459,7.79220779220782e-05
ENSG00000101940,7.792207792207792e-05
ENSG00000105855,7.784431137724549e-05
ENSG00000107263,7.784431137724542e-05
ENSG00000068078,7.766990291262137e-05
ENSG00000240583,7.751937984496119e-05
ENSG00000164713,7.742929734682866e-05
ENSG00000140262,7.69230769230771e-05
ENSG00000150760,7.692307692307702e-05
ENSG00000197728,7.692307692307697e-05
ENSG00000073712,7.692307692307694e-05
ENSG00000174021,7.692307692307694e-05
ENSG00000179134,7.692307692307694e-05
ENSG00000144848,7.692307692307694e-05
ENSG00000172270,7.69230769230769e-05
ENSG00000164929,7.69230769230769e-05
ENSG00000185475,7.692307692307686e-05
ENSG00000186111,7.692307692307684e-05
ENSG00000069329,7.692307692307653e-05
ENSG00000204308,7.664566350485183e-05
ENSG00000120820,7.643312101910826e-05
ENSG00000114374,7.633587786259538e-05
ENSG00000273489,7.608695652173916e-05
ENSG00000137962,7.606263982102807e-05
ENSG00000110492,7.594936708860757e-05
ENSG00000197982,7.547169811320767e-05
ENSG00000033327,7.54716981132076e-05
ENSG00000113140,7.518796992481215e-05
ENSG00000119185,7.5e-05
ENSG00000105193,7.484276729559742e-05
ENSG00000139289,7.476635514018702e-05
ENSG00000078098,7.44028746565211e-05
ENSG00000171456,7.407407407407407e-05
ENSG00000130175,7.4074074074074e-05
ENSG00000211893,7.386363636363595e-05
ENSG00000237424,7.356321839080532e-05
ENSG00000167740,7.327586206896579e-05
ENSG00000162591,7.323943661971812e-05
ENSG00000100823,7.317073170731754e-05
ENSG00000128602,7.317073170731718e-05
ENSG00000151468,7.317073170731718e-05
ENSG00000060749,7.317073170731712e-05
ENSG00000168077,7.317073170731711e-05
ENSG00000197381,7.305936073059374e-05
ENSG00000130592,7.299270072992695e-05
ENSG00000205084,7.284768211920537e-05
ENSG00000162687,7.272727272727285e-05
ENSG00000147044,7.272727272727278e-05
ENSG00000158321,7.272727272727278e-05
ENSG00000204227,7.272727272727276e-05
ENSG00000168288,7.272727272727267e-05
ENSG00000184787,7.272727272727262e-05
ENSG00000177045,7.272727272727254e-05
ENSG00000187555,7.27272727272724e-05
ENSG00000089006,7.253886010362695e-05
ENSG00000104823,7.246376811594211e-05
ENSG00000103264,7.246376811594197e-05
ENSG00000133030,7.246376811594193e-05
ENSG00000155876,7.228915662650603e-05
ENSG00000078674,7.228915662650603e-05
ENSG00000173698,7.220216606498217e-05
ENSG00000055208,7.207207207207201e-05
ENSG00000122679,7.194244604316597e-05
ENSG00000210151,7.194244604316525e-05
ENSG00000116350,7.142857142857165e-05
ENSG00000119938,7.142857142857152e-05
ENSG00000075785,7.142857142857146e-05
ENSG00000101294,7.142857142857146e-05
ENSG00000165757,7.142857142857141e-05
ENSG00000255823,7.142857142857141e-05
ENSG00000165416,7.14285714285714e-05
ENSG00000141867,7.142857142857138e-05
ENSG00000188706,7.142857142857137e-05
ENSG00000167863,7.111111111111103e-05
ENSG00000128595,7.098121085594999e-05
ENSG00000175416,7.079646017699114e-05
ENSG00000104613,7.067137809187282e-05
ENSG00000108523,7.058823529411768e-05
ENSG00000153130,7.058823529411763e-05
ENSG00000202198,7.058823529411763e-05
ENSG00000143512,7.058823529411761e-05
ENSG00000187479,7.05882352941176e-05
ENSG00000215717,7.058823529411757e-05
ENSG00000276293,7.038123167155381e-05
ENSG00000134287,7.017543859649128e-05
ENSG00000079931,6.976744186046508e-05
ENSG00000113407,6.940063091482638e-05
ENSG00000105355,6.89655172413794e-05
ENSG00000243716,6.896551724137934e-05
ENSG00000143549,6.896551724137929e-05
ENSG00000117114,6.896551724137929e-05
ENSG00000260314,6.896551724137916e-05
ENSG00000112699,6.862745098039216e-05
ENSG00000166037,6.834112149532701e-05
ENSG00000153902,6.81818181818181e-05
ENSG00000048707,6.788511749347237e-05
ENSG00000131981,6.779661016949175e-05
ENSG00000165238,6.779661016949155e-05
ENSG00000123095,6.779661016949147e-05
ENSG00000140395,6.779661016949147e-05
ENSG00000161999,6.779661016949147e-05
ENSG00000198873,6.741573033707886e-05
ENSG00000125107,6.741573033707865e-05
ENSG00000091436,6.666666666666687e-05
ENSG00000108298,6.666666666666679e-05
ENSG00000105438,6.666666666666675e-05
ENSG00000111530,6.666666666666671e-05
ENSG00000076108,6.666666666666671e-05
ENSG00000112335,6.66666666666667e-05
ENSG00000011465,6.666666666666668e-05
ENSG00000116991,6.666666666666667e-05
ENSG00000164587,6.666666666666666e-05
ENSG00000100568,6.666666666666666e-05
ENSG00000017260,6.666666666666664e-05
ENSG00000105583,6.598984771573618e-05
ENSG00000204287,6.59340659340659e-05
ENSG00000105887,6.578947368421031e-05
ENSG00000104133,6.557377049180335e-05
ENSG00000108784,6.557377049180335e-05
ENSG00000164176,6.55737704918033e-05
ENSG00000137693,6.557377049180323e-05
ENSG00000164039,6.55737704918032e-05
ENSG00000100106,6.557377049180315e-05
ENSG00000109625,6.535947712418296e-05
ENSG00000149823,6.521739130434774e-05
ENSG00000089280,6.451612903225849e-05
ENSG00000131375,6.451612903225813e-05
ENSG00000172661,6.451612903225811e-05
ENSG00000182195,6.451612903225808e-05
ENSG00000135862,6.451612903225803e-05
ENSG00000049089,6.451612903225801e-05
ENSG00000170035,6.4516129032258e-05
ENSG00000131508,6.451612903225795e-05
ENSG00000135744,6.382978723404259e-05
ENSG00000111011,6.349206349206365e-05
ENSG00000148120,6.349206349206348e-05
ENSG00000158008,6.349206349206344e-05
ENSG00000275395,6.349206349206338e-05
ENSG00000138615,6.315789473684209e-05
ENSG00000121310,6.249999999999997e-05
ENSG00000254692,6.249999999999997e-05
ENSG00000148429,6.249999999999993e-05
ENSG00000106245,6.249999999999993e-05
ENSG00000148344,6.249999999999974e-05
ENSG00000012983,6.153846153846202e-05
ENSG00000155755,6.153846153846168e-05
ENSG00000124766,6.15384615384616e-05
ENSG00000165424,6.153846153846159e-05
ENSG00000188641,6.15384615384615e-05
ENSG00000133466,6.153846153846148e-05
ENSG00000106772,6.153846153846137e-05
ENSG00000124181,6.060606060606061e-05
ENSG00000010610,6.0606060606060605e-05
ENSG00000147123,6.0606060606060584e-05
ENSG00000083782,6.060606060606055e-05
ENSG00000173064,6.060606060606055e-05
ENSG00000133065,6.060606060606053e-05
ENSG00000128585,5.970149253731355e-05
ENSG00000125868,5.9701492537313496e-05
ENSG00000134590,5.970149253731344e-05
ENSG00000173436,5.882352941176476e-05
ENSG00000109929,5.8823529411764694e-05
ENSG00000260822,5.8823529411764694e-05
ENSG00000109861,5.8823529411764674e-05
ENSG00000187151,5.8823529411764674e-05
ENSG00000143153,5.8823529411764586e-05
ENSG00000157766,5.71428571428573e-05
ENSG00000101335,5.7142857142857176e-05
ENSG00000100353,5.714285714285716e-05
ENSG00000108946,5.714285714285716e-05
ENSG00000142173,5.714285714285712e-05
ENSG00000035403,5.714285714285708e-05
ENSG00000154556,5.714285714285708e-05
ENSG00000182979,5.633802816901401e-05
ENSG00000204525,5.5555555555555565e-05
ENSG00000137699,5.555555555555556e-05
ENSG00000105357,5.555555555555554e-05
ENSG00000170624,5.555555555555552e-05
ENSG00000205730,5.555555555555552e-05
ENSG00000163536,5.555555555555552e-05
ENSG00000151176,5.55555555555555e-05
ENSG00000151240,5.479452054794546e-05
ENSG00000006712,5.47945205479452e-05
ENSG00000128052,5.4054054054054284e-05
ENSG00000117385,5.40540540540541e-05
ENSG00000075239,5.405405405405403e-05
ENSG00000007237,5.4054054054053986e-05
ENSG00000151414,5.2631578947368546e-05
ENSG00000111897,5.263157894736848e-05
ENSG00000107957,5.263157894736847e-05
ENSG00000119669,5.2631578947368444e-05
ENSG00000110841,5.263157894736843e-05
ENSG00000138138,5.263157894736842e-05
ENSG00000134201,5.263157894736838e-05
ENSG00000188643,5.263157894736837e-05
ENSG00000122786,5.2631578947368336e-05
ENSG00000141503,5.1282051282051584e-05
ENSG00000011304,5.128205128205139e-05
ENSG00000198832,5.128205128205137e-05
ENSG00000075420,5.128205128205132e-05
ENSG00000104164,5.1282051282051306e-05
ENSG00000184076,5.1282051282051306e-05
ENSG00000105612,5.12820512820513e-05
ENSG00000214717,5.12820512820513e-05
ENSG00000266472,5.128205128205127e-05
ENSG00000072210,4.9999999999999996e-05
ENSG00000152409,4.9999999999999996e-05
ENSG00000088888,4.9999999999999996e-05
ENSG00000070018,4.9999999999999996e-05
ENSG00000188536,4.9999999999999996e-05
ENSG00000165030,4.9999999999999975e-05
ENSG00000142949,4.999999999999996e-05
ENSG00000178996,4.878048780487814e-05
ENSG00000121691,4.8780487804878065e-05
ENSG00000136448,4.878048780487805e-05
ENSG00000197102,4.878048780487804e-05
ENSG00000125691,4.878048780487804e-05
ENSG00000125520,4.8780487804878024e-05
ENSG00000105323,4.8780487804878e-05
ENSG00000012822,4.7619047619047946e-05
ENSG00000165637,4.7619047619047925e-05
ENSG00000134291,4.761904761904767e-05
ENSG00000067082,4.7619047619047654e-05
ENSG00000123360,4.761904761904763e-05
ENSG00000121644,4.761904761904763e-05
ENSG00000171451,4.761904761904758e-05
ENSG00000110799,4.761904761904757e-05
ENSG00000176731,4.761904761904757e-05
ENSG00000178695,4.761904761904756e-05
ENSG00000099783,4.7619047619047546e-05
ENSG00000148358,4.65116279069768e-05
ENSG00000128641,4.651162790697676e-05
ENSG00000105722,4.651162790697675e-05
ENSG00000106266,4.651162790697674e-05
ENSG00000101752,4.6511627906976735e-05
ENSG00000151327,4.651162790697672e-05
ENSG00000134717,4.651162790697671e-05
ENSG00000142892,4.651162790697669e-05
ENSG00000277791,4.651162790697669e-05
ENSG00000147162,4.545454545454552e-05
ENSG00000119138,4.545454545454548e-05
ENSG00000173517,4.545454545454548e-05
ENSG00000225470,4.545454545454545e-05
ENSG00000149115,4.545454545454542e-05
ENSG00000106665,4.545454545454539e-05
ENSG00000088812,4.444444444444444e-05
ENSG00000177951,4.4444444444444426e-05
ENSG00000104853,4.347826086956522e-05
ENSG00000196562,4.347826086956518e-05
ENSG00000110911,1.563564093013762e-18
ENSG00000182379,1.0423760620091742e-18
ENSG00000187634,9.057082569310486e-19
ENSG00000186564,8.764918615461755e-19
ENSG00000079999,7.993605777301121e-19
ENSG00000114956,7.946859544685328e-19
ENSG00000054938,7.216449660063517e-19
ENSG00000121579,7.159024331203592e-19
ENSG00000137312,6.544472566211443e-19
ENSG00000278774,6.399781846210178e-19
ENSG00000107758,6.310741403132462e-19
ENSG00000166341,5.9037742015361265e-19
ENSG00000153774,5.828670879282068e-19
ENSG00000156218,5.747539196713308e-19
ENSG00000197283,5.380311580875755e-19
ENSG00000169714,5.284661597215744e-19
ENSG00000133104,5.273559366969489e-19
ENSG00000152102,5.18104078158406e-19
ENSG00000154734,5.083652796967823e-19
ENSG00000055211,5.083652796967818e-19
ENSG00000198176,5.083652796967818e-19
ENSG00000160551,5.036375357163208e-19
ENSG00000126458,4.86538913732789e-19
ENSG00000106799,4.794144879063175e-19
ENSG00000198690,4.54182146437564e-19
ENSG00000140948,4.440892098500621e-19
ENSG00000155850,4.2632564145606007e-19
ENSG00000143727,4.1633363423443277e-19
ENSG00000196739,4.0902953538821565e-19
ENSG00000114541,3.8672149837695666e-19
ENSG00000108406,3.77475828372553e-19
ENSG00000159403,3.757677929500531e-19
ENSG00000170271,3.7576779295005305e-19
ENSG00000112249,3.7576779295005266e-19
ENSG00000170962,3.739698609263684e-19
ENSG00000088367,3.739698609263682e-19
ENSG00000132716,3.7007434154171863e-19
ENSG00000104131,3.7007434154171863e-19
ENSG00000205221,3.7007434154171844e-19
ENSG00000153904,3.6334571715005113e-19
ENSG00000165629,3.6334571715005093e-19
ENSG00000141424,3.6202924716037682e-19
ENSG00000177225,3.608224830031758e-19
ENSG00000102802,3.608224830031757e-19
ENSG00000126883,3.595007889262415e-19
ENSG00000105404,3.5950078892624133e-19
ENSG00000130595,3.5527136788005016e-19
ENSG00000141753,3.552713678800501e-19
ENSG00000009307,3.5527136788005006e-19
ENSG00000196154,3.532527805625495e-19
ENSG00000147133,3.5059674461847005e-19
ENSG00000198792,3.47548077273962e-19
ENSG00000067167,3.41948691584548e-19
ENSG00000183258,3.378939640163517e-19
ENSG00000183054,3.330669073875471e-19
ENSG00000196743,3.33066907387547e-19
ENSG00000136044,3.3306690738754673e-19
ENSG00000185112,3.3306690738754673e-19
ENSG00000138326,3.330669073875462e-19
ENSG00000122299,3.2722362831057223e-19
ENSG00000163320,3.245267302750456e-19
ENSG00000138061,3.229739708000455e-19
ENSG00000083312,3.1974423109204496e-19
ENSG00000205795,3.1641356201816953e-19
ENSG00000274276,3.1553707015662336e-19
ENSG00000106809,3.155370701566232e-19
ENSG00000183889,3.134747363647499e-19
ENSG00000131171,3.074463760500431e-19
ENSG00000070010,3.0385051200267383e-19
ENSG00000112936,2.997602166487922e-19
ENSG00000189184,2.9605947323337487e-19
ENSG00000167283,2.9605947323337483e-19
ENSG00000150907,2.938825653419529e-19
ENSG00000134109,2.9143354396410356e-19
ENSG00000221823,2.914335439641035e-19
ENSG00000197226,2.8962339772830144e-19
ENSG00000184588,2.886579864025404e-19
ENSG00000117594,2.8764869274379045e-19
ENSG00000010818,2.7250928786253818e-19
ENSG00000011243,2.664535259100375e-19
ENSG00000162604,2.590520390792029e-19
ENSG00000119977,2.537652627714645e-19
ENSG00000126773,2.537652627714644e-19
ENSG00000120129,2.3790493384824755e-19
ENSG00000110931,2.351060522735625e-19
ENSG00000123983,2.3314683517128267e-19
ENSG00000126822,2.3058478203753212e-19
ENSG00000108848,2.220446049250314e-19
ENSG00000100399,2.220446049250312e-19
ENSG00000169738,2.177745163687807e-19
ENSG00000102710,2.1721754829622625e-19
ENSG00000150991,2.1649348980190547e-19
ENSG00000197635,2.1551388125076553e-19
ENSG00000119820,2.1195166833753003e-19
ENSG00000167775,2.1195166833752996e-19
ENSG00000115866,2.1195166833752986e-19
ENSG00000100897,2.081668171172169e-19
ENSG00000241837,2.0496425070002877e-19
ENSG00000143641,2.0354088784794558e-19
ENSG00000176046,2.0273637840981118e-19
ENSG00000135837,1.8651746813702626e-19
ENSG00000237172,1.865174681370262e-19
ENSG00000133961,1.831867990631508e-19
ENSG00000136938,1.7934371936252526e-19
ENSG00000172493,1.7763568394002503e-19
ENSG00000127054,1.77635683940025e-19
ENSG00000079150,1.7377403863698103e-19
ENSG00000008710,1.7377403863698094e-19
ENSG00000237765,1.6894698200817614e-19
ENSG00000146674,1.6894698200817587e-19
ENSG00000159674,1.6894698200817578e-19
ENSG00000107862,1.6653345369377346e-19
ENSG00000172071,1.6653345369377341e-19
ENSG00000123094,1.5860328923216498e-19
ENSG00000148700,1.5776853507831156e-19
ENSG00000095951,1.567373681823751e-19
ENSG00000169231,1.5372318802502171e-19
ENSG00000116171,1.4802973661668744e-19
ENSG00000060656,1.4802973661668741e-19
ENSG00000125970,1.402386978473881e-19
ENSG00000184840,1.3664283380001915e-19
ENSG00000100138,1.3515758560654076e-19
ENSG00000142798,1.351575856065407e-19
ENSG00000272391,1.2952601953960156e-19
ENSG00000250722,1.2855213969343907e-19
ENSG00000100462,1.2688263138573226e-19
ENSG00000178035,1.2616170734376783e-19
ENSG00000103194,1.2616170734376778e-19
ENSG00000196954,1.2434497875801757e-19
ENSG00000123416,1.243449787580175e-19
ENSG00000092068,1.2434497875801745e-19
ENSG00000165168,1.1755302613678122e-19
ENSG00000161011,1.1584935909132065e-19
ENSG00000198791,1.0719394720518745e-19
ENSG00000106803,1.0573552615477689e-19
ENSG00000152217,1.0573552615477687e-19
ENSG00000136942,1.0573552615477683e-19
ENSG00000185627,1.0517902338554109e-19
ENSG00000113658,1.0408340855860837e-19
ENSG00000102038,9.796085511398433e-20
ENSG00000179632,9.796085511398432e-20
ENSG00000185201,9.654113257610048e-20
ENSG00000113615,9.51619735392992e-20
ENSG00000081760,9.516197353929919e-20
ENSG00000052795,9.516197353929915e-20
ENSG00000111348,9.516197353929915e-20
ENSG00000075711,9.516197353929913e-20
ENSG00000178127,9.51619735392991e-20
ENSG00000183020,9.516197353929908e-20
ENSG00000159348,9.188052617587501e-20
ENSG00000107829,9.083642928751277e-20
ENSG00000133131,8.688701931849052e-20
ENSG00000114331,8.688701931849044e-20
ENSG00000099795,8.688701931849036e-20
ENSG00000174444,7.993605777301128e-20
ENSG00000031698,7.930164461608262e-20
ENSG00000174705,7.836868409118749e-20
ENSG00000160789,7.836868409118748e-20
ENSG00000099860,7.401486830834371e-20
ENSG00000135486,6.757879280327034e-20
ENSG00000129250,6.757879280327033e-20
ENSG00000196419,6.757879280327033e-20
ENSG00000105819,6.344131569286608e-20
ENSG00000165475,6.344131569286604e-20
ENSG00000152990,6.344131569286604e-20
ENSG00000114353,6.344131569286602e-20
ENSG00000165623,5.87765130683906e-20
ENSG00000122512,5.877651306839056e-20
ENSG00000084112,5.877651306839056e-20
ENSG00000115325,5.792467954566032e-20
ENSG00000144642,4.6746232615796025e-20
ENSG00000160221,3.9184342045593757e-20
ENSG00000099797,3.918434204559375e-20
ENSG00000128607,3.9184342045593745e-20
ENSG00000175866,3.918434204559373e-20
ENSG00000148737,3.700743415417184e-20
ENSG00000102699,3.172065784643306e-20
ENSG00000168140,3.1720657846433046e-20
ENSG00000213741,3.1720657846433016e-20
ENSG00000143248,2.5620531337503612e-20
ENSG00000090621,2.5620531337503603e-20
ENSG00000124226,0.0
ENSG00000077312,0.0
ENSG00000029364,0.0
ENSG00000168546,0.0
ENSG00000257727,0.0
ENSG00000111832,0.0
ENSG00000107959,0.0
ENSG00000177731,0.0
ENSG00000157216,0.0
ENSG00000173548,0.0
ENSG00000130779,0.0
ENSG00000166272,0.0
ENSG00000138078,0.0
ENSG00000005007,0.0
ENSG00000139168,0.0
ENSG00000156411,0.0
ENSG00000127463,0.0
ENSG00000159352,0.0
ENSG00000112701,0.0
ENSG00000115970,0.0
ENSG00000153944,0.0
ENSG00000165678,0.0
ENSG00000255717,0.0
ENSG00000244038,0.0
ENSG00000158828,0.0
ENSG00000004534,0.0
ENSG00000110422,0.0
ENSG00000102409,0.0
ENSG00000143545,0.0
ENSG00000128487,0.0
ENSG00000167005,0.0
ENSG00000169047,0.0
ENSG00000088247,0.0
ENSG00000165246,0.0
ENSG00000155760,0.0
ENSG00000198663,0.0
ENSG00000101346,0.0
ENSG00000099995,0.0
ENSG00000100422,0.0
ENSG00000174059,0.0
ENSG00000165169,0.0
ENSG00000168653,0.0
ENSG00000165895,0.0
ENSG00000204071,0.0
ENSG00000135473,0.0
ENSG00000153246,0.0
ENSG00000198743,0.0
ENSG00000143761,0.0
ENSG00000198887,0.0
ENSG00000138688,0.0
ENSG00000113387,0.0
ENSG00000143624,0.0
ENSG00000214940,0.0
ENSG00000168214,0.0
ENSG00000114993,0.0
ENSG00000110713,0.0
ENSG00000130340,0.0
ENSG00000214248,0.0
ENSG00000108588,0.0
ENSG00000124098,0.0
ENSG00000127951,0.0
ENSG00000146731,0.0
ENSG00000125734,0.0
ENSG00000144724,0.0
ENSG00000103363,0.0
ENSG00000197930,0.0
ENSG00000074935,0.0
ENSG00000100030,0.0
ENSG00000120265,0.0
ENSG00000128245,0.0
ENSG00000135624,0.0
ENSG00000106263,0.0
ENSG00000117448,0.0
ENSG00000254870,0.0
ENSG00000072364,0.0
ENSG00000182087,0.0
ENSG00000167778,0.0
ENSG00000118495,0.0
ENSG00000133789,0.0
ENSG00000120659,0.0
ENSG00000139263,0.0
ENSG00000078369,0.0
ENSG00000109519,0.0
ENSG00000074696,0.0
ENSG00000125977,0.0
ENSG00000122042,0.0
ENSG00000165102,0.0
ENSG00000130724,0.0
ENSG00000125827,0.0
ENSG00000163171,0.0
ENSG00000159840,0.0
ENSG00000113580,0.0
ENSG00000102882,0.0
ENSG00000113719,0.0
ENSG00000091409,0.0
ENSG00000164038,0.0
ENSG00000243244,0.0
ENSG00000065613,0.0
ENSG00000178913,0.0
ENSG00000153976,0.0
ENSG00000113575,0.0
ENSG00000105953,0.0
ENSG00000099377,0.0
ENSG00000134202,0.0
ENSG00000132432,0.0
ENSG00000196542,0.0
ENSG00000048052,0.0
ENSG00000166681,0.0
ENSG00000069667,0.0
ENSG00000198825,0.0
ENSG00000185043,0.0
ENSG00000224078,0.0
ENSG00000158869,0.0
ENSG00000165973,0.0
ENSG00000111666,0.0
ENSG00000204217,0.0
ENSG00000123064,0.0
ENSG00000143420,0.0
ENSG00000080371,0.0
ENSG00000173120,0.0
ENSG00000116685,0.0
ENSG00000143401,0.0
ENSG00000102974,0.0
ENSG00000008130,0.0
ENSG00000038274,0.0
ENSG00000177239,0.0
ENSG00000100813,0.0
ENSG00000204852,0.0
ENSG00000170955,0.0
ENSG00000108924,0.0
ENSG00000198121,0.0
ENSG00000198795,0.0
ENSG00000179604,0.0
ENSG00000075790,0.0
ENSG00000154127,0.0
ENSG00000136003,0.0
ENSG00000112964,0.0
ENSG00000101199,0.0
ENSG00000085365,0.0
ENSG00000157240,0.0
ENSG00000105576,0.0
ENSG00000071051,0.0
ENSG00000117151,0.0
ENSG00000235823,0.0
ENSG00000084073,0.0
ENSG00000150753,0.0
ENSG00000108557,0.0
ENSG00000128284,0.0
ENSG00000129515,0.0
ENSG00000064666,0.0
ENSG00000187446,0.0
ENSG00000118363,0.0
ENSG00000157106,0.0
ENSG00000149084,0.0
ENSG00000139318,0.0
ENSG00000050820,0.0
ENSG00000157954,0.0
ENSG00000108349,0.0
ENSG00000182175,0.0
ENSG00000090857,0.0
ENSG00000180354,0.0
ENSG00000158604,0.0
ENSG00000131873,0.0
ENSG00000117411,0.0
ENSG00000107798,0.0
ENSG00000079739,0.0
ENSG00000136536,0.0
ENSG00000136603,0.0
ENSG00000106546,0.0
ENSG00000136699,0.0
ENSG00000116001,0.0
ENSG00000144331,0.0
ENSG00000134313,0.0
ENSG00000109171,0.0
ENSG00000100320,0.0
ENSG00000121064,0.0
ENSG00000087266,0.0
ENSG00000115464,0.0
ENSG00000153201,0.0
ENSG00000095139,0.0
ENSG00000132002,0.0
ENSG00000223953,0.0
ENSG00000204472,0.0
ENSG00000144320,0.0
ENSG00000197530,0.0
ENSG00000092531,0.0
ENSG00000164880,0.0
ENSG00000136819,0.0
ENSG00000023734,0.0
ENSG00000188483,0.0
ENSG00000125629,0.0
ENSG00000163001,0.0
ENSG00000134243,0.0
ENSG00000197702,0.0
ENSG00000123933,0.0
ENSG00000164828,0.0
ENSG00000168137,0.0
ENSG00000127920,0.0
ENSG00000166432,0.0
ENSG00000108465,0.0
ENSG00000253738,0.0
ENSG00000126756,0.0
ENSG00000076554,0.0
ENSG00000111481,0.0
ENSG00000145495,0.0
ENSG00000166913,0.0
ENSG00000198692,0.0
ENSG00000148516,0.0
ENSG00000088986,0.0
ENSG00000138398,0.0
ENSG00000198517,0.0
ENSG00000196535,0.0
ENSG00000153989,0.0
ENSG00000182473,0.0
ENSG00000117691,0.0
ENSG00000179262,0.0
ENSG00000170485,0.0
ENSG00000178567,0.0
ENSG00000036257,0.0
ENSG00000117859,0.0
ENSG00000123240,0.0
ENSG00000196141,0.0
ENSG00000117862,0.0
ENSG00000142166,0.0
ENSG00000106609,0.0
ENSG00000141447,0.0
ENSG00000116962,0.0
ENSG00000187837,0.0
ENSG00000132485,0.0
ENSG00000143382,0.0
ENSG00000138593,0.0
ENSG00000168734,0.0
ENSG00000171791,0.0
ENSG00000113141,0.0
ENSG00000168283,0.0
ENSG00000258289,0.0
ENSG00000087302,0.0
ENSG00000138131,0.0
ENSG00000182095,0.0
ENSG00000122420,0.0
ENSG00000156639,0.0
ENSG00000119900,0.0
ENSG00000177426,0.0
ENSG00000116791,0.0
ENSG00000122068,0.0
ENSG00000171634,0.0
ENSG00000146007,0.0
ENSG00000282508,0.0
ENSG00000241973,0.0
ENSG00000108021,0.0
ENSG00000120725,0.0
ENSG00000164023,0.0
ENSG00000182551,0.0
ENSG00000137776,0.0
ENSG00000148672,0.0
ENSG00000143575,0.0
ENSG00000106080,0.0
ENSG00000170759,0.0
ENSG00000173674,0.0
ENSG00000102158,0.0
ENSG00000168906,0.0
ENSG00000149311,0.0
ENSG00000256043,0.0
ENSG00000054392,0.0
ENSG00000163625,0.0
ENSG00000175970,0.0
ENSG00000166130,0.0
ENSG00000176720,0.0
ENSG00000164548,0.0
ENSG00000159377,0.0
ENSG00000188026,0.0
ENSG00000163697,0.0
ENSG00000115935,0.0
ENSG00000210127,0.0
ENSG00000254126,0.0
ENSG00000153162,0.0
ENSG00000139437,0.0
ENSG00000124198,0.0
ENSG00000126777,0.0
ENSG00000112081,0.0
ENSG00000135541,0.0
ENSG00000147548,0.0
ENSG00000115963,0.0
ENSG00000109158,0.0
ENSG00000114779,0.0
ENSG00000072135,0.0
ENSG00000259494,0.0
ENSG00000239672,0.0
ENSG00000107854,0.0
ENSG00000197969,0.0
ENSG00000005812,0.0
ENSG00000088256,0.0
ENSG00000101558,0.0
ENSG00000197872,0.0
ENSG00000118579,0.0
ENSG00000152270,0.0
ENSG00000134817,0.0
ENSG00000010244,0.0
ENSG00000131759,0.0
ENSG00000170004,0.0
ENSG00000087303,0.0
ENSG00000162191,0.0
ENSG00000095564,0.0
ENSG00000173230,0.0
ENSG00000157322,0.0
ENSG00000175455,0.0
ENSG00000186566,0.0
ENSG00000111962,0.0
ENSG00000165457,0.0
ENSG00000175147,0.0
ENSG00000174886,0.0
ENSG00000061936,0.0
ENSG00000143416,0.0
ENSG00000136813,0.0
ENSG00000152234,0.0
ENSG00000167815,0.0
ENSG00000150593,0.0
ENSG00000005810,0.0
ENSG00000105568,0.0
ENSG00000172935,0.0
ENSG00000165915,0.0
ENSG00000182704,0.0
ENSG00000055955,0.0
ENSG00000108468,0.0
ENSG00000168216,0.0
ENSG00000077380,0.0
ENSG00000162613,0.0
ENSG00000173757,0.0
ENSG00000116030,0.0
ENSG00000198911,0.0
ENSG00000061938,0.0
ENSG00000159842,0.0
ENSG00000183762,0.0
ENSG00000128739,0.0
ENSG00000089289,0.0
ENSG00000184990,0.0
ENSG00000134899,0.0
ENSG00000114127,0.0
ENSG00000162402,0.0
ENSG00000094975,0.0
ENSG00000198648,0.0
ENSG00000125733,0.0
ENSG00000084623,0.0
ENSG00000101972,0.0
ENSG00000135679,0.0
ENSG00000095303,0.0
ENSG00000119777,0.0
ENSG00000140688,0.0
ENSG00000176435,0.0
ENSG00000105643,0.0
ENSG00000187079,0.0
ENSG00000157483,0.0
ENSG00000185359,0.0
ENSG00000079482,0.0
ENSG00000167703,0.0
ENSG00000182985,0.0
ENSG00000102595,0.0
ENSG00000171867,0.0
ENSG00000074181,0.0
ENSG00000134242,0.0
ENSG00000166200,0.0
ENSG00000176692,0.0
ENSG00000187474,0.0
ENSG00000144218,0.0
ENSG00000109906,0.0
ENSG00000165916,0.0
ENSG00000149136,0.0
ENSG00000243279,0.0
ENSG00000196712,0.0
ENSG00000279296,0.0
ENSG00000122257,0.0
ENSG00000089057,0.0
ENSG00000174437,0.0
ENSG00000183291,0.0
ENSG00000061987,0.0
ENSG00000160014,0.0
ENSG00000079785,0.0
ENSG00000087191,0.0
ENSG00000269713,0.0
ENSG00000167522,0.0
ENSG00000163913,0.0
ENSG00000197858,0.0
ENSG00000166068,0.0
ENSG00000070214,0.0
ENSG00000196235,0.0
ENSG00000155508,0.0
ENSG00000133872,0.0
ENSG00000148337,0.0
ENSG00000213625,0.0
ENSG00000165732,0.0
ENSG00000149577,0.0
ENSG00000100226,0.0
ENSG00000119318,0.0
ENSG00000163145,0.0
ENSG00000141027,0.0
ENSG00000283787,0.0
ENSG00000122674,0.0
ENSG00000177463,0.0
ENSG00000146223,0.0
ENSG00000105402,0.0
ENSG00000168807,0.0
ENSG00000198793,0.0
ENSG00000118564,0.0
ENSG00000100938,0.0
ENSG00000197965,0.0
ENSG00000155287,0.0
ENSG00000138095,0.0
ENSG00000148248,0.0
ENSG00000157540,0.0
ENSG00000166949,0.0
ENSG00000141959,0.0
ENSG00000270629,0.0
ENSG00000171604,0.0
ENSG00000113648,0.0
ENSG00000109390,0.0
ENSG00000085265,0.0
ENSG00000129083,0.0
ENSG00000138069,0.0
ENSG00000151135,0.0
ENSG00000071127,0.0
ENSG00000240801,0.0
ENSG00000221978,0.0
ENSG00000126432,0.0
ENSG00000163565,0.0
ENSG00000150347,0.0
ENSG00000134824,0.0
ENSG00000105880,0.0
ENSG00000129988,0.0
ENSG00000085449,0.0
ENSG00000108091,0.0
ENSG00000241839,0.0
ENSG00000070961,0.0
ENSG00000103260,0.0
ENSG00000128609,0.0
ENSG00000197766,0.0
ENSG00000105856,0.0
ENSG00000231925,0.0
ENSG00000227051,0.0
ENSG00000114126,0.0
ENSG00000109920,0.0
ENSG00000134884,0.0
ENSG00000143252,0.0
ENSG00000205609,0.0
ENSG00000013364,0.0
ENSG00000074319,0.0
ENSG00000214655,0.0
ENSG00000159461,0.0
ENSG00000101236,0.0
ENSG00000183793,0.0
ENSG00000266412,0.0
ENSG00000246705,0.0
ENSG00000116741,0.0
ENSG00000131196,0.0
ENSG00000130300,0.0
ENSG00000101421,0.0
ENSG00000167202,0.0
ENSG00000165006,0.0
ENSG00000232653,0.0
ENSG00000091831,0.0
ENSG00000143337,0.0
ENSG00000135930,0.0
ENSG00000107281,0.0
ENSG00000198856,0.0
ENSG00000198948,0.0
ENSG00000080603,0.0
ENSG00000123342,0.0
ENSG00000160447,0.0
ENSG00000101596,0.0
ENSG00000163807,0.0
ENSG00000270580,0.0
ENSG00000170540,0.0
ENSG00000129636,0.0
ENSG00000133226,0.0
ENSG00000215021,0.0
ENSG00000082996,0.0
ENSG00000188612,0.0
ENSG00000157404,0.0
ENSG00000100258,0.0
ENSG00000263244,0.0
ENSG00000162729,0.0
ENSG00000100441,0.0
ENSG00000133318,0.0
ENSG00000100300,0.0
ENSG00000184584,0.0
ENSG00000082898,0.0
ENSG00000104765,0.0
ENSG00000197043,0.0
ENSG00000130811,0.0
ENSG00000169567,0.0
ENSG00000160710,0.0
ENSG00000145431,0.0
ENSG00000196642,0.0
ENSG00000117228,0.0
ENSG00000166848,0.0
ENSG00000183726,0.0
ENSG00000023516,0.0
ENSG00000108691,0.0
ENSG00000182957,0.0
ENSG00000116786,0.0
ENSG00000069399,0.0
ENSG00000185122,0.0
ENSG00000112893,0.0
ENSG00000149532,0.0
ENSG00000092969,0.0
ENSG00000088832,0.0
ENSG00000143341,0.0
ENSG00000197712,0.0
ENSG00000135218,0.0
ENSG00000145391,0.0
ENSG00000169239,0.0
ENSG00000127314,0.0
ENSG00000124193,0.0
ENSG00000119335,0.0
ENSG00000130741,0.0
ENSG00000064115,0.0
ENSG00000099998,0.0
ENSG00000277203,0.0
ENSG00000093167,0.0
ENSG00000127526,0.0
ENSG00000079805,0.0
ENSG00000196968,0.0
ENSG00000168488,0.0
ENSG00000170876,0.0
ENSG00000112511,0.0
ENSG00000107581,0.0
ENSG00000185896,0.0
ENSG00000117523,0.0
ENSG00000128590,0.0
ENSG00000133816,0.0
ENSG00000183010,0.0
ENSG00000102241,0.0
ENSG00000065485,0.0
ENSG00000063180,0.0
ENSG00000157045,0.0
ENSG00000163463,0.0
ENSG00000175602,0.0
ENSG00000175166,0.0
ENSG00000145740,0.0
ENSG00000136279,0.0
ENSG00000112514,0.0
ENSG00000163872,0.0
ENSG00000109062,0.0
ENSG00000101444,0.0
ENSG00000124570,0.0
ENSG00000134762,0.0
ENSG00000149380,0.0
ENSG00000118058,0.0
ENSG00000104824,0.0
ENSG00000125743,0.0
ENSG00000150459,0.0
ENSG00000130254,0.0
ENSG00000196843,0.0
ENSG00000066933,0.0
ENSG00000187601,0.0
ENSG00000164040,0.0
ENSG00000063244,0.0
ENSG00000266714,0.0
ENSG00000138413,0.0
ENSG00000171928,0.0
ENSG00000273749,0.0
ENSG00000135324,0.0
ENSG00000136436,0.0
ENSG00000086758,0.0
ENSG00000114867,0.0
ENSG00000196371,0.0
ENSG00000204498,0.0
ENSG00000169756,0.0
ENSG00000134324,0.0
ENSG00000001630,0.0
ENSG00000107099,0.0
ENSG00000164308,0.0
ENSG00000173442,0.0
ENSG00000185499,0.0
ENSG00000135631,0.0
ENSG00000123689,0.0
ENSG00000259976,0.0
ENSG00000164442,0.0
ENSG00000106541,0.0
ENSG00000185634,0.0
ENSG00000048828,0.0
ENSG00000205937,0.0
ENSG00000259605,0.0
ENSG00000146648,0.0
ENSG00000062716,0.0
ENSG00000126945,0.0
ENSG00000115468,0.0
ENSG00000241111,0.0
ENSG00000064601,0.0
ENSG00000053254,0.0
ENSG00000103202,0.0
ENSG00000091137,0.0
ENSG00000118680,0.0
ENSG00000156515,0.0
ENSG00000170248,0.0
ENSG00000131979,0.0
ENSG00000160633,0.0
ENSG00000162923,0.0
ENSG00000141002,0.0
ENSG00000047315,0.0
ENSG00000198420,0.0
ENSG00000008256,0.0
ENSG00000162623,0.0
ENSG00000100439,0.0
ENSG00000132470,0.0
ENSG00000281344,0.0
ENSG00000149792,0.0
ENSG00000253719,0.0
ENSG00000171148,0.0
ENSG00000169871,0.0
ENSG00000119950,0.0
ENSG00000110880,0.0
ENSG00000188243,0.0
ENSG00000154736,0.0
ENSG00000102547,0.0
ENSG00000131435,0.0
ENSG00000162734,0.0
ENSG00000253352,0.0
ENSG00000204843,0.0
ENSG00000068366,0.0
ENSG00000184983,0.0
ENSG00000108840,0.0
ENSG00000114902,0.0
ENSG00000070087,0.0
ENSG00000196187,0.0
ENSG00000179833,0.0
ENSG00000100815,0.0
ENSG00000177200,0.0
ENSG00000005339,0.0
ENSG00000013288,0.0
ENSG00000111229,0.0
ENSG00000104388,0.0
ENSG00000188229,0.0
ENSG00000134308,0.0
ENSG00000140285,0.0
ENSG00000203706,0.0
ENSG00000182923,0.0
ENSG00000129084,0.0
ENSG00000174099,0.0
ENSG00000160201,0.0
ENSG00000161671,0.0
ENSG00000049239,0.0
ENSG00000253729,0.0
ENSG00000131143,0.0
ENSG00000167601,0.0
ENSG00000125835,0.0
ENSG00000137710,0.0
ENSG00000107984,0.0
ENSG00000168758,0.0
ENSG00000169246,0.0
ENSG00000170142,0.0
ENSG00000058063,0.0
ENSG00000155304,0.0
ENSG00000152700,0.0
ENSG00000125347,0.0
ENSG00000081154,0.0
ENSG00000166278,0.0
ENSG00000145012,0.0
ENSG00000087074,0.0
ENSG00000021300,0.0
ENSG00000146963,0.0
ENSG00000050555,0.0
ENSG00000127603,0.0
ENSG00000173039,0.0
ENSG00000204469,0.0
ENSG00000147027,0.0
ENSG00000177156,0.0
ENSG00000078304,0.0
ENSG00000164022,0.0
ENSG00000281649,0.0
ENSG00000182050,0.0
ENSG00000147475,0.0
ENSG00000157985,0.0
ENSG00000079432,0.0
ENSG00000139926,0.0
ENSG00000106153,0.0
ENSG00000143162,0.0
ENSG00000176142,0.0
ENSG00000137478,0.0
ENSG00000164244,0.0
ENSG00000143321,0.0
ENSG00000164619,0.0
ENSG00000100403,0.0
ENSG00000002834,0.0
ENSG00000008018,0.0
ENSG00000099246,0.0
ENSG00000104774,0.0
ENSG00000169967,0.0
ENSG00000065809,0.0
ENSG00000173599,0.0
ENSG00000137845,0.0
ENSG00000143344,0.0
ENSG00000116406,0.0
ENSG00000162496,0.0
ENSG00000138758,0.0
ENSG00000151348,0.0
ENSG00000139178,0.0
ENSG00000117519,0.0
ENSG00000164294,0.0
ENSG00000018408,0.0
ENSG00000143742,0.0
ENSG00000124216,0.0
ENSG00000164405,0.0
ENSG00000213366,0.0
ENSG00000136869,0.0
ENSG00000035928,0.0
ENSG00000113811,0.0
ENSG00000255112,0.0
ENSG00000183011,0.0
ENSG00000101191,0.0
ENSG00000145687,0.0
ENSG00000112419,0.0
ENSG00000103502,0.0
ENSG00000144566,0.0
ENSG00000169252,0.0
ENSG00000176340,0.0
ENSG00000114423,0.0
ENSG00000181404,0.0
ENSG00000130309,0.0
ENSG00000162433,0.0
ENSG00000134970,0.0
ENSG00000277443,0.0
ENSG00000019144,0.0
ENSG00000065911,0.0
ENSG00000163479,0.0
ENSG00000141522,0.0
ENSG00000152953,0.0
ENSG00000178951,0.0
ENSG00000067704,0.0
ENSG00000065135,0.0
ENSG00000163728,0.0
ENSG00000012660,0.0
ENSG00000177628,0.0
ENSG00000073849,0.0
ENSG00000144749,0.0
ENSG00000034713,0.0
ENSG00000033100,0.0
ENSG00000132824,0.0
ENSG00000138834,0.0
ENSG00000131634,0.0
ENSG00000241399,0.0
ENSG00000113594,0.0
ENSG00000138031,0.0
ENSG00000214274,0.0
ENSG00000125124,0.0
ENSG00000135090,0.0
ENSG00000163161,0.0
ENSG00000121892,0.0
ENSG00000114978,0.0
ENSG00000104763,0.0
ENSG00000102081,0.0
ENSG00000182220,0.0
ENSG00000127481,0.0
ENSG00000151693,0.0
ENSG00000166888,0.0
ENSG00000204706,0.0
ENSG00000099953,0.0
ENSG00000104979,0.0
ENSG00000136450,0.0
ENSG00000127804,0.0
ENSG00000168386,0.0
ENSG00000158109,0.0
ENSG00000115365,0.0
ENSG00000069849,0.0
ENSG00000100528,0.0
ENSG00000138835,0.0
ENSG00000172901,0.0
ENSG00000049246,0.0
ENSG00000163683,0.0
ENSG00000173905,0.0
ENSG00000137409,0.0
ENSG00000072195,0.0
ENSG00000087077,0.0
ENSG00000180198,0.0
ENSG00000152332,0.0
ENSG00000153291,0.0
ENSG00000149218,0.0
ENSG00000183160,0.0
ENSG00000106992,0.0
ENSG00000077274,0.0
ENSG00000245748,0.0
ENSG00000149100,0.0
ENSG00000122545,0.0
ENSG00000210140,0.0
ENSG00000122870,0.0
ENSG00000115307,0.0
ENSG00000152127,0.0
ENSG00000175550,0.0
ENSG00000275700,0.0
ENSG00000242125,0.0
ENSG00000133706,0.0
ENSG00000165521,0.0
ENSG00000086544,0.0
ENSG00000104331,0.0
ENSG00000124795,0.0
ENSG00000056972,0.0
ENSG00000143333,0.0
ENSG00000165269,0.0
ENSG00000154229,0.0
ENSG00000070413,0.0
ENSG00000140577,0.0
ENSG00000137500,0.0
ENSG00000103275,0.0
ENSG00000145337,0.0
ENSG00000105429,0.0
ENSG00000184371,0.0
ENSG00000168610,0.0
ENSG00000173166,0.0
ENSG00000029363,0.0
ENSG00000163110,0.0
ENSG00000137166,0.0
ENSG00000108828,0.0
ENSG00000177565,0.0
ENSG00000067141,0.0
ENSG00000160271,0.0
ENSG00000269955,0.0
ENSG00000166946,0.0
ENSG00000147400,0.0
ENSG00000159592,0.0
ENSG00000214046,0.0
ENSG00000004660,0.0
ENSG00000249751,0.0
ENSG00000119632,0.0
ENSG00000106244,0.0
ENSG00000115548,0.0
ENSG00000161057,0.0
ENSG00000078804,0.0
ENSG00000187091,0.0
ENSG00000081189,0.0
ENSG00000185100,0.0
ENSG00000130723,0.0
ENSG00000104415,0.0
ENSG00000086598,0.0
ENSG00000196576,0.0
ENSG00000164091,0.0
ENSG00000198642,0.0
ENSG00000128283,0.0
ENSG00000173744,0.0
ENSG00000277258,0.0
ENSG00000100697,0.0
ENSG00000137871,0.0
ENSG00000148848,0.0
ENSG00000125089,0.0
ENSG00000157554,0.0
ENSG00000095637,0.0
ENSG00000003756,0.0
ENSG00000080503,0.0
ENSG00000152492,0.0
ENSG00000172331,0.0
ENSG00000110075,0.0
ENSG00000284874,0.0
ENSG00000102401,0.0
ENSG00000087274,0.0
ENSG00000104852,0.0
ENSG00000122778,0.0
ENSG00000134247,0.0
ENSG00000044115,0.0
ENSG00000128791,0.0
ENSG00000111145,0.0
ENSG00000189060,0.0
ENSG00000117616,0.0
ENSG00000038219,0.0
ENSG00000145794,0.0
ENSG00000180801,0.0
ENSG00000151835,0.0
ENSG00000213977,0.0
ENSG00000121578,0.0
ENSG00000136930,0.0
ENSG00000005379,0.0
ENSG00000101782,0.0
ENSG00000131507,0.0
ENSG00000165801,0.0
ENSG00000112977,0.0
ENSG00000175265,0.0
ENSG00000155366,0.0
ENSG00000120742,0.0
ENSG00000124831,0.0
ENSG00000165949,0.0
ENSG00000131724,0.0
ENSG00000109787,0.0
ENSG00000112983,0.0
ENSG00000157796,0.0
ENSG00000128849,0.0
ENSG00000107438,0.0
ENSG00000132522,0.0
ENSG00000128274,0.0
ENSG00000133858,0.0
ENSG00000049540,0.0
ENSG00000141905,0.0
ENSG00000110958,0.0
ENSG00000139644,0.0
ENSG00000184007,0.0
ENSG00000239264,0.0
ENSG00000089220,0.0
ENSG00000184500,0.0
ENSG00000184216,0.0
ENSG00000114378,0.0
ENSG00000184867,0.0
ENSG00000111667,0.0
ENSG00000071282,0.0
ENSG00000188186,0.0
ENSG00000166226,0.0
ENSG00000092096,0.0
ENSG00000171298,0.0
ENSG00000117450,0.0
ENSG00000124006,0.0
ENSG00000084207,0.0
ENSG00000106991,0.0
ENSG00000124126,0.0
ENSG00000138386,0.0
ENSG00000139343,0.0
ENSG00000101577,0.0
ENSG00000049656,0.0
ENSG00000197496,0.0
ENSG00000062194,0.0
ENSG00000086232,0.0
ENSG00000100731,0.0
ENSG00000160714,0.0
ENSG00000186010,0.0
ENSG00000124486,0.0
ENSG00000175727,0.0
ENSG00000116539,0.0
ENSG00000146457,0.0
ENSG00000178980,0.0
ENSG00000137414,0.0
ENSG00000205302,0.0
ENSG00000169242,0.0
ENSG00000134440,0.0
ENSG00000136238,0.0
ENSG00000130770,0.0
ENSG00000114544,0.0
ENSG00000157625,0.0
ENSG00000285437,0.0
ENSG00000072042,0.0
ENSG00000138172,0.0
ENSG00000134318,0.0
ENSG00000114573,0.0
ENSG00000146122,0.0
ENSG00000136240,0.0
ENSG00000118515,0.0
ENSG00000115419,0.0
ENSG00000113621,0.0
ENSG00000186716,0.0
ENSG00000138071,0.0
ENSG00000144381,0.0
ENSG00000065526,0.0
ENSG00000109107,0.0
ENSG00000168615,0.0
ENSG00000122591,0.0
ENSG00000141580,0.0
ENSG00000085788,0.0
ENSG00000165338,0.0
ENSG00000033122,0.0
ENSG00000165813,0.0
ENSG00000160991,0.0
ENSG00000237651,0.0
ENSG00000211460,0.0
ENSG00000100600,0.0
ENSG00000114023,0.0
ENSG00000188338,0.0
ENSG00000134369,0.0
ENSG00000203747,0.0
ENSG00000119280,0.0
ENSG00000073910,0.0
ENSG00000166508,0.0
ENSG00000090686,0.0
ENSG00000141627,0.0
ENSG00000157259,0.0
ENSG00000165525,0.0
ENSG00000136010,0.0
ENSG00000129933,0.0
ENSG00000185808,0.0
ENSG00000042493,0.0
ENSG00000117318,0.0
ENSG00000166974,0.0
ENSG00000169908,0.0
ENSG00000145555,0.0
ENSG00000174600,0.0
ENSG00000111716,0.0
ENSG00000052802,0.0
ENSG00000104549,0.0
ENSG00000183354,0.0
ENSG00000185585,0.0
ENSG00000060718,0.0
ENSG00000166825,0.0
ENSG00000131018,0.0
ENSG00000176978,0.0
ENSG00000106211,0.0
ENSG00000133110,0.0
ENSG00000090615,0.0
ENSG00000135048,0.0
ENSG00000123838,0.0
ENSG00000133142,0.0
ENSG00000163041,0.0
ENSG00000120708,0.0
ENSG00000270106,0.0
ENSG00000140367,0.0
ENSG00000054148,0.0
ENSG00000177700,0.0
ENSG00000135929,0.0
ENSG00000065518,0.0
ENSG00000188529,0.0
ENSG00000128951,0.0
ENSG00000160801,0.0
ENSG00000137267,0.0
ENSG00000100219,0.0
ENSG00000105202,0.0
ENSG00000136859,0.0
ENSG00000147526,0.0
ENSG00000049449,0.0
ENSG00000263001,0.0
ENSG00000160691,0.0
ENSG00000087460,0.0
ENSG00000069248,0.0
ENSG00000133606,0.0
ENSG00000107779,0.0
ENSG00000010256,0.0
ENSG00000178761,0.0
ENSG00000130638,0.0
ENSG00000137145,0.0
ENSG00000072803,0.0
ENSG00000173457,0.0
ENSG00000182831,0.0
ENSG00000160075,0.0
ENSG00000017797,0.0
ENSG00000164597,0.0
ENSG00000145246,0.0
ENSG00000146416,0.0
ENSG00000117868,0.0
ENSG00000155380,0.0
ENSG00000142227,0.0
ENSG00000134986,0.0
ENSG00000197694,0.0
ENSG00000100307,0.0
ENSG00000143515,0.0
ENSG00000116005,0.0
ENSG00000148730,0.0
ENSG00000178202,0.0
ENSG00000044524,0.0
ENSG00000089159,0.0
ENSG00000015171,0.0
ENSG00000111786,0.0
ENSG00000168255,0.0
ENSG00000137817,0.0
ENSG00000125148,0.0
ENSG00000161021,0.0
ENSG00000011422,0.0
ENSG00000204248,0.0
ENSG00000213853,0.0
ENSG00000198363,0.0
ENSG00000154380,0.0
ENSG00000173482,0.0
ENSG00000161642,0.0
ENSG00000152818,0.0
ENSG00000184471,0.0
ENSG00000116016,0.0
ENSG00000128708,0.0
ENSG00000078747,0.0
ENSG00000050130,0.0
ENSG00000100321,0.0
ENSG00000169251,0.0
ENSG00000150867,0.0
ENSG00000125503,0.0
ENSG00000144649,0.0
ENSG00000054965,0.0
ENSG00000148110,0.0
ENSG00000067445,0.0
ENSG00000133561,0.0
ENSG00000262526,0.0
ENSG00000111269,0.0
ENSG00000104324,0.0
ENSG00000069275,0.0
ENSG00000106261,0.0
ENSG00000162909,0.0
ENSG00000104870,0.0
ENSG00000004455,0.0
ENSG00000135365,0.0
ENSG00000111321,0.0
ENSG00000234857,0.0
ENSG00000105516,0.0
ENSG00000090273,0.0
ENSG00000103145,0.0
ENSG00000112695,0.0
ENSG00000063660,0.0
ENSG00000135940,0.0
ENSG00000103266,0.0
ENSG00000103187,0.0
ENSG00000149499,0.0
ENSG00000143569,0.0
ENSG00000271383,0.0
ENSG00000173486,0.0
ENSG00000096433,0.0
ENSG00000180353,0.0
ENSG00000183426,0.0
ENSG00000068912,0.0
ENSG00000100926,0.0
ENSG00000280614,0.0
ENSG00000174720,0.0
ENSG00000095713,0.0
ENSG00000112761,0.0
ENSG00000092820,0.0
ENSG00000078295,0.0
ENSG00000111885,0.0
ENSG00000141526,0.0
ENSG00000159167,0.0
ENSG00000234456,0.0
ENSG00000113558,0.0
ENSG00000139197,0.0
ENSG00000120690,0.0
ENSG00000119844,0.0
ENSG00000164659,0.0
ENSG00000111906,0.0
ENSG00000173207,0.0
ENSG00000144645,0.0
ENSG00000159128,0.0
ENSG00000075391,0.0
ENSG00000089597,0.0
ENSG00000138162,0.0
ENSG00000162783,0.0
ENSG00000111676,0.0
ENSG00000153113,0.0
ENSG00000104964,0.0
ENSG00000135047,0.0
ENSG00000258818,0.0
ENSG00000125652,0.0
ENSG00000144118,0.0
ENSG00000170160,0.0
ENSG00000135148,0.0
ENSG00000161791,0.0
ENSG00000189058,0.0
ENSG00000164692,0.0
ENSG00000169184,0.0
ENSG00000108821,0.0
ENSG00000126247,0.0
ENSG00000131236,0.0
ENSG00000071054,0.0
ENSG00000211896,0.0
ENSG00000113013,0.0
ENSG00000134533,0.0
ENSG00000112562,0.0
ENSG00000009954,0.0
ENSG00000253797,0.0
ENSG00000055044,0.0
ENSG00000105698,0.0
ENSG00000139433,0.0
ENSG00000125968,0.0
ENSG00000107796,0.0
ENSG00000138821,0.0
ENSG00000135535,0.0
ENSG00000004776,0.0
ENSG00000164104,0.0
ENSG00000132424,0.0
ENSG00000067606,0.0
ENSG00000127184,0.0
ENSG00000243678,0.0
ENSG00000279526,0.0
ENSG00000119917,0.0
ENSG00000164105,0.0
ENSG00000127837,0.0
ENSG00000174851,0.0
ENSG00000187051,0.0
ENSG00000124343,0.0
ENSG00000162521,0.0
ENSG00000198542,0.0
ENSG00000170801,0.0
ENSG00000143933,0.0
ENSG00000144560,0.0
ENSG00000010404,0.0
ENSG00000164323,0.0
ENSG00000174485,0.0
ENSG00000164896,0.0
ENSG00000170581,0.0
ENSG00000006652,0.0
ENSG00000119403,0.0
ENSG00000158615,0.0
ENSG00000134802,0.0
ENSG00000141367,0.0
ENSG00000164626,0.0
ENSG00000106483,0.0
ENSG00000101608,0.0
ENSG00000117394,0.0
ENSG00000214021,0.0
ENSG00000272752,0.0
ENSG00000145349,0.0
ENSG00000189077,0.0
ENSG00000161249,0.0
ENSG00000090520,0.0
ENSG00000004059,0.0
ENSG00000101966,0.0
ENSG00000130035,0.0
ENSG00000140319,0.0
ENSG00000126524,0.0
ENSG00000142864,0.0
ENSG00000196547,0.0
ENSG00000015568,0.0
ENSG00000164402,0.0
ENSG00000138081,0.0
ENSG00000155849,0.0
ENSG00000165650,0.0
ENSG00000173273,0.0
ENSG00000185418,0.0
ENSG00000164764,0.0
ENSG00000116667,0.0
ENSG00000119812,0.0
ENSG00000126803,0.0
ENSG00000111775,0.0
ENSG00000055070,0.0
ENSG00000259024,0.0
ENSG00000076067,0.0
ENSG00000177311,0.0
ENSG00000072501,0.0
ENSG00000175220,0.0
ENSG00000157214,0.0
ENSG00000161281,0.0
ENSG00000103994,0.0
ENSG00000170145,0.0
ENSG00000140092,0.0
ENSG00000162889,0.0
ENSG00000123739,0.0
ENSG00000075213,0.0
ENSG00000069535,0.0
ENSG00000064886,0.0
ENSG00000065154,0.0
ENSG00000105559,0.0
ENSG00000140848,0.0
ENSG00000107290,0.0
ENSG00000158966,0.0
ENSG00000154767,0.0
ENSG00000167635,0.0
ENSG00000103381,0.0
ENSG00000163412,0.0
ENSG00000137038,0.0
ENSG00000146834,0.0
ENSG00000115239,0.0
ENSG00000164307,0.0
ENSG00000104756,0.0
ENSG00000162511,0.0
ENSG00000275023,0.0
ENSG00000216490,0.0
ENSG00000116132,0.0
ENSG00000078808,0.0
ENSG00000156466,0.0
ENSG00000255248,0.0
ENSG00000183963,0.0
ENSG00000149294,0.0
ENSG00000182117,0.0
ENSG00000100722,0.0
ENSG00000163428,0.0
ENSG00000100348,0.0
ENSG00000186654,0.0
ENSG00000168300,0.0
ENSG00000197448,0.0
ENSG00000009335,0.0
ENSG00000163374,0.0
ENSG00000164976,0.0
ENSG00000110090,0.0
ENSG00000132356,0.0
ENSG00000183283,0.0
ENSG00000179403,0.0
ENSG00000143369,0.0
ENSG00000146592,0.0
ENSG00000111678,0.0
ENSG00000124785,0.0
ENSG00000104332,0.0
ENSG00000073921,0.0
ENSG00000112769,0.0
ENSG00000138674,0.0
ENSG00000189403,0.0
ENSG00000123131,0.0
ENSG00000169045,0.0
ENSG00000112473,0.0
ENSG00000160932,0.0
ENSG00000128829,0.0
ENSG00000143799,0.0
ENSG00000008952,0.0
ENSG00000140391,0.0
ENSG00000176658,0.0
ENSG00000184905,0.0
ENSG00000016391,0.0
ENSG00000149090,0.0
ENSG00000126351,0.0
ENSG00000168936,0.0
ENSG00000213088,0.0
ENSG00000101654,0.0
ENSG00000154358,0.0
ENSG00000196465,0.0
ENSG00000124155,0.0
ENSG00000151789,0.0
ENSG00000117906,0.0
ENSG00000010327,0.0
ENSG00000100196,0.0
ENSG00000109332,0.0
ENSG00000100626,0.0
ENSG00000125378,0.0
ENSG00000071189,0.0
ENSG00000101337,0.0
ENSG00000108799,0.0
ENSG00000119314,0.0
ENSG00000140743,0.0
ENSG00000067334,0.0
ENSG00000102024,0.0
ENSG00000144746,0.0
ENSG00000132471,0.0
ENSG00000126545,0.0
ENSG00000129680,0.0
ENSG00000183087,0.0
ENSG00000075151,0.0
ENSG00000081087,0.0
ENSG00000002587,0.0
ENSG00000090054,0.0
ENSG00000139687,0.0
ENSG00000023287,0.0
ENSG00000164070,0.0
ENSG00000164035,0.0
ENSG00000095752,0.0
ENSG00000074201,0.0
ENSG00000188554,0.0
ENSG00000273136,0.0
ENSG00000108774,0.0
ENSG00000137941,0.0
ENSG00000136758,0.0
ENSG00000180964,0.0
ENSG00000138640,0.0
ENSG00000112531,0.0
ENSG00000174282,0.0
ENSG00000132359,0.0
ENSG00000167994,0.0
ENSG00000138385,0.0
ENSG00000119729,0.0
ENSG00000163931,0.0
ENSG00000166444,0.0
ENSG00000124228,0.0
ENSG00000111647,0.0
ENSG00000109846,0.0
ENSG00000123096,0.0
ENSG00000153071,0.0
ENSG00000152601,0.0
ENSG00000102007,0.0
ENSG00000159216,0.0
ENSG00000142168,0.0
ENSG00000138119,0.0
ENSG00000105426,0.0
ENSG00000110237,0.0
ENSG00000162636,0.0
ENSG00000129675,0.0
ENSG00000164904,0.0
ENSG00000101182,0.0
ENSG00000077092,0.0
ENSG00000182580,0.0
ENSG00000112175,0.0
ENSG00000138381,0.0
ENSG00000100902,0.0
ENSG00000187240,0.0
ENSG00000105993,0.0
ENSG00000075142,0.0
ENSG00000114125,0.0
ENSG00000153898,0.0
ENSG00000077147,0.0
ENSG00000115524,0.0
ENSG00000043143,0.0
ENSG00000113583,0.0
ENSG00000116717,0.0
ENSG00000197006,0.0
ENSG00000204231,0.0
ENSG00000131711,0.0
ENSG00000135945,0.0
ENSG00000175274,0.0
ENSG00000033627,0.0
ENSG00000253293,0.0
ENSG00000004399,0.0
ENSG00000156599,0.0
ENSG00000198258,0.0
ENSG00000030582,0.0
ENSG00000186918,0.0
ENSG00000171812,0.0
ENSG00000197081,0.0
ENSG00000020577,0.0
ENSG00000000003,0.0
ENSG00000119655,0.0
ENSG00000182158,0.0
ENSG00000182670,0.0
ENSG00000198862,0.0
ENSG00000113649,0.0
ENSG00000271894,0.0
ENSG00000141551,0.0
ENSG00000179271,0.0
ENSG00000021776,0.0
ENSG00000068001,0.0
ENSG00000102054,0.0
ENSG00000272734,0.0
ENSG00000145860,0.0
ENSG00000134851,0.0
ENSG00000139746,0.0
ENSG00000100647,0.0
ENSG00000080189,0.0
ENSG00000066777,0.0
ENSG00000113360,0.0
ENSG00000160216,0.0
ENSG00000197122,0.0
ENSG00000110328,0.0
ENSG00000204103,0.0
ENSG00000269893,0.0
ENSG00000184110,0.0
ENSG00000164346,0.0
ENSG00000144136,0.0
ENSG00000085063,0.0
ENSG00000196230,0.0
ENSG00000137285,0.0
ENSG00000141750,0.0
ENSG00000164591,0.0
ENSG00000104517,0.0
ENSG00000087494,0.0
ENSG00000219200,0.0
ENSG00000095787,0.0
ENSG00000171314,0.0
ENSG00000167397,0.0
ENSG00000167552,0.0
ENSG00000173372,0.0
ENSG00000211455,0.0
ENSG00000069702,0.0
ENSG00000197892,0.0
ENSG00000183431,0.0
ENSG00000147655,0.0
ENSG00000077157,0.0
ENSG00000276168,0.0
ENSG00000149357,0.0
ENSG00000180488,0.0
ENSG00000055332,0.0
ENSG00000160445,0.0
ENSG00000104341,0.0
ENSG00000182004,0.0
ENSG00000182768,0.0
ENSG00000156011,0.0
ENSG00000206172,0.0
ENSG00000138685,0.0
ENSG00000140564,0.0
ENSG00000146278,0.0
ENSG00000127241,0.0
ENSG00000197461,0.0
ENSG00000138175,0.0
ENSG00000182197,0.0
ENSG00000168090,0.0
ENSG00000117748,0.0
ENSG00000177683,0.0
ENSG00000136636,0.0
ENSG00000112304,0.0
ENSG00000100979,0.0
ENSG00000185432,0.0
ENSG00000096384,0.0
ENSG00000221983,0.0
ENSG00000123349,0.0
ENSG00000138448,0.0
ENSG00000005075,0.0
ENSG00000115825,0.0
ENSG00000204370,0.0
ENSG00000169398,0.0
ENSG00000136868,0.0
ENSG00000109118,0.0
ENSG00000174953,0.0
ENSG00000172340,0.0
ENSG00000173369,0.0
ENSG00000182534,0.0
ENSG00000177575,0.0
ENSG00000103196,0.0
ENSG00000198668,0.0
ENSG00000039123,0.0
ENSG00000169062,0.0
ENSG00000139597,0.0
ENSG00000243509,0.0
ENSG00000105609,0.0
ENSG00000159212,0.0
ENSG00000272021,0.0
ENSG00000092010,0.0
ENSG00000072274,0.0
ENSG00000038945,0.0
ENSG00000006125,0.0
ENSG00000105401,0.0
ENSG00000198898,0.0
ENSG00000166012,0.0
ENSG00000203879,0.0
ENSG00000100284,0.0
ENSG00000085117,0.0
ENSG00000185033,0.0
ENSG00000153147,0.0
ENSG00000115760,0.0
ENSG00000163468,0.0
ENSG00000204219,0.0
ENSG00000139684,0.0
ENSG00000004700,0.0
ENSG00000196616,0.0
ENSG00000177410,0.0
ENSG00000146352,0.0
ENSG00000240972,0.0
ENSG00000115738,0.0
ENSG00000172057,0.0
ENSG00000135968,0.0
ENSG00000060138,0.0
ENSG00000126785,0.0
ENSG00000115540,0.0
ENSG00000154174,0.0
ENSG00000078140,0.0
ENSG00000116984,0.0
ENSG00000100413,0.0
ENSG00000167548,0.0
ENSG00000102858,0.0
ENSG00000173705,0.0
ENSG00000178726,0.0
ENSG00000140937,0.0
ENSG00000080824,0.0
ENSG00000051523,0.0
ENSG00000170275,0.0
ENSG00000135506,0.0
ENSG00000079308,0.0
ENSG00000159335,0.0
ENSG00000102854,0.0
ENSG00000116604,0.0
ENSG00000257594,0.0
ENSG00000182944,0.0
ENSG00000146574,0.0
ENSG00000144028,0.0
ENSG00000179954,0.0
ENSG00000091592,0.0
ENSG00000278962,0.0
ENSG00000103335,0.0
ENSG00000174080,0.0
ENSG00000171819,0.0
ENSG00000115268,0.0
ENSG00000142552,0.0
ENSG00000178950,0.0
ENSG00000273419,0.0
ENSG00000140829,0.0
ENSG00000106070,0.0
ENSG00000177409,0.0
ENSG00000058453,0.0
ENSG00000028203,0.0
ENSG00000125818,0.0
ENSG00000140443,0.0
ENSG00000146247,0.0
ENSG00000164258,0.0
ENSG00000184863,0.0
ENSG00000088930,0.0
ENSG00000073060,0.0
ENSG00000134030,0.0
ENSG00000157557,0.0
ENSG00000064205,0.0
ENSG00000142669,0.0
ENSG00000144711,0.0
ENSG00000111328,0.0
ENSG00000149806,0.0
ENSG00000173376,0.0
ENSG00000171992,0.0
ENSG00000126005,0.0
ENSG00000196367,0.0
ENSG00000205213,0.0
ENSG00000095066,0.0
ENSG00000162601,0.0
ENSG00000076201,0.0
ENSG00000165072,0.0
ENSG00000172809,0.0
ENSG00000169083,0.0
ENSG00000163904,0.0
ENSG00000101160,0.0
ENSG00000162512,0.0
ENSG00000122641,0.0
ENSG00000127022,0.0
ENSG00000134853,0.0
ENSG00000108984,0.0
ENSG00000134294,0.0
ENSG00000100380,0.0
ENSG00000164111,0.0
ENSG00000010278,0.0
ENSG00000166337,0.0
ENSG00000084676,0.0
ENSG00000124201,0.0
ENSG00000136381,0.0
ENSG00000099901,0.0
ENSG00000073464,0.0
ENSG00000073050,0.0
ENSG00000113810,0.0
ENSG00000166912,0.0
ENSG00000115084,0.0
ENSG00000243317,0.0
ENSG00000109536,0.0
ENSG00000084234,0.0
ENSG00000087053,0.0
ENSG00000070081,0.0
ENSG00000104529,0.0
ENSG00000173848,0.0
ENSG00000115484,0.0
ENSG00000152256,0.0
ENSG00000091542,0.0
ENSG00000171310,0.0
ENSG00000090581,0.0
ENSG00000220205,0.0
ENSG00000131389,0.0
ENSG00000154305,0.0
ENSG00000139641,0.0
ENSG00000007202,0.0
ENSG00000129103,0.0
ENSG00000214753,0.0
ENSG00000116649,0.0
ENSG00000166482,0.0
ENSG00000185787,0.0
ENSG00000112414,0.0
ENSG00000116661,0.0
ENSG00000105223,0.0
ENSG00000124207,0.0
ENSG00000054523,0.0
ENSG00000134882,0.0
ENSG00000106615,0.0
ENSG00000008405,0.0
ENSG00000104805,0.0
ENSG00000167978,0.0
ENSG00000167642,0.0
ENSG00000144152,0.0
ENSG00000197956,0.0
ENSG00000115414,0.0
ENSG00000169504,0.0
ENSG00000182871,0.0
ENSG00000129353,0.0
ENSG00000215301,0.0
ENSG00000137809,0.0
ENSG00000132879,0.0
ENSG00000164889,0.0
ENSG00000160113,0.0
ENSG00000105379,0.0
ENSG00000204267,0.0
ENSG00000144476,0.0
ENSG00000129226,0.0
ENSG00000105373,0.0
ENSG00000113721,0.0
ENSG00000169116,0.0
ENSG00000185650,0.0
ENSG00000198734,0.0
ENSG00000156076,0.0
ENSG00000230989,0.0
ENSG00000138449,0.0
ENSG00000226950,0.0
ENSG00000056097,0.0
ENSG00000167797,0.0
ENSG00000165699,0.0
ENSG00000100154,0.0
ENSG00000134453,0.0
ENSG00000119396,0.0
ENSG00000261371,0.0
ENSG00000127418,0.0
ENSG00000115318,0.0
ENSG00000165795,0.0
ENSG00000066468,0.0
ENSG00000044574,0.0
ENSG00000162407,0.0
ENSG00000167123,0.0
ENSG00000085721,0.0
ENSG00000134982,0.0
ENSG00000087263,0.0
ENSG00000048649,0.0
ENSG00000113048,0.0
ENSG00000161847,0.0
ENSG00000184254,0.0
ENSG00000279072,0.0
ENSG00000198815,0.0
ENSG00000161638,0.0
ENSG00000090006,0.0
ENSG00000171858,0.0
ENSG00000177283,0.0
ENSG00000150938,0.0
ENSG00000100129,0.0
ENSG00000089009,0.0
ENSG00000100393,0.0
ENSG00000116641,0.0
ENSG00000152484,0.0
ENSG00000186469,0.0
ENSG00000156261,0.0
ENSG00000183172,0.0
ENSG00000163605,0.0
ENSG00000115947,0.0
ENSG00000115457,0.0
ENSG00000123338,0.0
ENSG00000143158,0.0
ENSG00000132300,0.0
ENSG00000151498,0.0
ENSG00000168259,0.0
ENSG00000274333,0.0
ENSG00000147669,0.0
ENSG00000106460,0.0
ENSG00000108861,0.0
ENSG00000144857,0.0
ENSG00000115875,0.0
ENSG00000151632,0.0
ENSG00000135926,0.0
ENSG00000134198,0.0
ENSG00000184277,0.0
ENSG00000082482,0.0
ENSG00000132676,0.0
ENSG00000108061,0.0
ENSG00000197601,0.0
ENSG00000157110,0.0
ENSG00000143811,0.0
ENSG00000141756,0.0
ENSG00000118482,0.0
ENSG00000107186,0.0
ENSG00000126705,0.0
ENSG00000166333,0.0
ENSG00000154723,0.0
ENSG00000005893,0.0
ENSG00000112159,0.0
ENSG00000126262,0.0
ENSG00000124767,0.0
ENSG00000198053,0.0
ENSG00000115415,0.0
ENSG00000211677,0.0
ENSG00000107719,0.0
ENSG00000260807,0.0
ENSG00000146112,0.0
ENSG00000120948,0.0
ENSG00000083896,0.0
ENSG00000123989,0.0
ENSG00000168679,0.0
ENSG00000134186,0.0
ENSG00000129187,0.0
ENSG00000185745,0.0
ENSG00000109654,0.0
ENSG00000142627,0.0
ENSG00000014641,0.0
ENSG00000083444,0.0
ENSG00000100650,0.0
ENSG00000116251,0.0
ENSG00000140526,0.0
ENSG00000142192,0.0
ENSG00000163659,0.0
ENSG00000196531,0.0
ENSG00000104408,0.0
ENSG00000159200,0.0
ENSG00000166441,0.0
ENSG00000136193,0.0
ENSG00000123908,0.0
ENSG00000179912,0.0
ENSG00000160007,0.0
ENSG00000204381,0.0
ENSG00000114942,0.0
ENSG00000182899,0.0
ENSG00000164694,0.0
ENSG00000113578,0.0
ENSG00000205364,0.0
ENSG00000110700,0.0
ENSG00000254772,0.0
ENSG00000102575,0.0
ENSG00000129538,0.0
ENSG00000234741,0.0
ENSG00000186340,0.0
ENSG00000152661,0.0
ENSG00000126368,0.0
ENSG00000134686,0.0
ENSG00000132669,0.0
ENSG00000172232,0.0
ENSG00000213015,0.0
ENSG00000165912,0.0
ENSG00000176788,0.0
ENSG00000104320,0.0
ENSG00000115504,0.0
ENSG00000110107,0.0
ENSG00000137802,0.0
ENSG00000081307,0.0
ENSG00000215386,0.0
ENSG00000132912,0.0
ENSG00000088827,0.0
ENSG00000064961,0.0
ENSG00000082153,0.0
ENSG00000135919,0.0
ENSG00000186468,0.0
ENSG00000167779,0.0
ENSG00000152894,0.0
ENSG00000214548,0.0
ENSG00000135318,0.0
ENSG00000067048,0.0
ENSG00000184557,0.0
ENSG00000115677,0.0
ENSG00000104219,0.0
ENSG00000247095,0.0
ENSG00000135932,0.0
ENSG00000038002,0.0
ENSG00000172716,0.0
ENSG00000167085,0.0
ENSG00000076924,0.0
ENSG00000171617,0.0
ENSG00000136754,0.0
ENSG00000168453,0.0
ENSG00000160058,0.0
ENSG00000090372,0.0
ENSG00000177576,0.0
ENSG00000127125,0.0
ENSG00000180543,0.0
ENSG00000167645,0.0
ENSG00000213281,0.0
ENSG00000244879,0.0
ENSG00000099385,0.0
ENSG00000154096,0.0
ENSG00000100242,0.0
ENSG00000173432,0.0
ENSG00000134107,0.0
ENSG00000114391,0.0
ENSG00000109472,0.0
ENSG00000106366,0.0
ENSG00000179218,0.0
ENSG00000115884,0.0
ENSG00000132561,0.0
ENSG00000273259,0.0
ENSG00000236287,0.0
ENSG00000133983,0.0
ENSG00000172977,0.0
ENSG00000203812,0.0
ENSG00000067066,0.0
ENSG00000076351,0.0
ENSG00000122705,0.0
ENSG00000173221,0.0
ENSG00000156482,0.0
ENSG00000198242,0.0
ENSG00000109475,0.0
ENSG00000049323,0.0
ENSG00000156535,0.0
ENSG00000083845,0.0
ENSG00000163513,0.0
ENSG00000076053,0.0
ENSG00000171860,0.0
ENSG00000157827,0.0
ENSG00000145715,0.0
ENSG00000151914,0.0
ENSG00000241343,0.0
ENSG00000100243,0.0
ENSG00000187957,0.0
ENSG00000060982,0.0
ENSG00000070756,0.0
ENSG00000162493,0.0
ENSG00000130255,0.0
ENSG00000163848,0.0
ENSG00000204681,0.0
ENSG00000184208,0.0
ENSG00000090266,0.0
ENSG00000225663,0.0
ENSG00000166402,0.0
ENSG00000135931,0.0
ENSG00000166987,0.0
ENSG00000141469,0.0
ENSG00000111199,0.0
ENSG00000134602,0.0
ENSG00000198502,0.0
ENSG00000177119,0.0
ENSG00000126012,0.0
ENSG00000187595,0.0
ENSG00000136997,0.0
ENSG00000141279,0.0
ENSG00000116489,0.0
ENSG00000097033,0.0
ENSG00000135272,0.0
ENSG00000096746,0.0
ENSG00000090060,0.0
ENSG00000013016,0.0
ENSG00000137491,0.0
ENSG00000127540,0.0
ENSG00000126267,0.0
ENSG00000162733,0.0
ENSG00000125144,0.0
ENSG00000101230,0.0
ENSG00000168710,0.0
ENSG00000166233,0.0
ENSG00000136521,0.0
ENSG00000170906,0.0
ENSG00000133121,0.0
ENSG00000160695,0.0
ENSG00000159069,0.0
ENSG00000142937,0.0
ENSG00000105640,0.0
ENSG00000095739,0.0
ENSG00000102359,0.0
ENSG00000184009,0.0
ENSG00000149273,0.0
ENSG00000196628,0.0
ENSG00000213145,0.0
ENSG00000136280,0.0
ENSG00000152061,0.0
ENSG00000166454,0.0
ENSG00000177971,0.0
ENSG00000088882,0.0
ENSG00000198816,0.0
ENSG00000206503,0.0
ENSG00000265681,0.0
ENSG00000054118,0.0
ENSG00000107372,0.0
ENSG00000166147,0.0
ENSG00000082781,0.0
ENSG00000178209,0.0
ENSG00000197756,0.0
ENSG00000145592,0.0
ENSG00000103489,0.0
ENSG00000180447,0.0
ENSG00000013573,0.0
ENSG00000213465,0.0
ENSG00000028137,0.0
ENSG00000105221,0.0
ENSG00000166016,0.0
ENSG00000169439,0.0
ENSG00000116133,0.0
ENSG00000174748,0.0
ENSG00000169604,0.0
ENSG00000225339,0.0
ENSG00000115380,0.0
ENSG00000197958,0.0
ENSG00000162692,0.0
ENSG00000166562,0.0
ENSG00000169139,0.0
ENSG00000146433,0.0
ENSG00000163539,0.0
ENSG00000117533,0.0
ENSG00000175115,0.0
ENSG00000198707,0.0
ENSG00000205571,0.0
ENSG00000106638,0.0
ENSG00000074800,0.0
ENSG00000100316,0.0
ENSG00000159713,0.0
ENSG00000162618,0.0
ENSG00000143222,0.0
ENSG00000164188,0.0
ENSG00000125753,0.0
ENSG00000185608,0.0
ENSG00000129657,0.0
ENSG00000158859,0.0
ENSG00000085662,0.0
ENSG00000174373,0.0
ENSG00000204304,0.0
ENSG00000211456,0.0
ENSG00000230606,0.0
ENSG00000152223,0.0
ENSG00000102805,0.0
ENSG00000167491,0.0
ENSG00000147050,0.0
ENSG00000170921,0.0
ENSG00000111640,0.0
ENSG00000144713,0.0
ENSG00000101439,0.0
ENSG00000137818,0.0
ENSG00000067225,0.0
ENSG00000008988,0.0
ENSG00000251562,0.0
ENSG00000167658,0.0
ENSG00000166579,0.0
ENSG00000196405,0.0
ENSG00000091317,0.0
ENSG00000125633,0.0
ENSG00000071794,0.0
ENSG00000116580,0.0
ENSG00000178607,0.0
ENSG00000198768,0.0
ENSG00000128185,0.0
ENSG00000174903,0.0
ENSG00000145730,0.0
ENSG00000142534,0.0
ENSG00000143878,0.0
ENSG00000156508,0.0
ENSG00000067900,0.0
ENSG00000210082,0.0
ENSG00000047457,0.0
ENSG00000143776,0.0
ENSG00000035862,0.0
ENSG00000198736,0.0
ENSG00000184828,0.0
ENSG00000160752,0.0
ENSG00000172775,0.0
ENSG00000184226,0.0
ENSG00000109265,0.0
ENSG00000115808,0.0
ENSG00000117118,0.0
ENSG00000017427,0.0
ENSG00000167110,0.0
ENSG00000089248,0.0
ENSG00000173276,0.0
ENSG00000164687,0.0
ENSG00000171530,0.0
ENSG00000196199,0.0
ENSG00000112308,0.0
ENSG00000198561,0.0
ENSG00000205581,0.0
ENSG00000166311,0.0
ENSG00000132613,0.0
ENSG00000107819,0.0
ENSG00000163785,0.0
ENSG00000111726,0.0
ENSG00000128989,0.0
ENSG00000065320,0.0
ENSG00000078596,0.0
ENSG00000142676,0.0
ENSG00000068697,0.0
ENSG00000143387,0.0
ENSG00000120885,0.0
ENSG00000079950,0.0
ENSG00000183098,0.0
ENSG00000223561,0.0
ENSG00000129824,0.0
ENSG00000178057,0.0
ENSG00000176871,0.0
ENSG00000258315,0.0
ENSG00000164318,0.0
ENSG00000159202,0.0
ENSG00000066027,0.0
ENSG00000156966,0.0
ENSG00000141404,0.0
ENSG00000040933,0.0
ENSG00000120137,0.0
ENSG00000051596,0.0
ENSG00000148296,0.0
ENSG00000123384,0.0
ENSG00000158747,0.0
ENSG00000127954,0.0
ENSG00000140988,0.0
ENSG00000137573,0.0
ENSG00000177954,0.0
ENSG00000159307,0.0
ENSG00000229117,0.0
ENSG00000026025,0.0
ENSG00000105664,0.0
ENSG00000180347,0.0
ENSG00000087086,0.0
ENSG00000084636,0.0
ENSG00000166710,0.0
ENSG00000152952,0.0
ENSG00000198373,0.0
ENSG00000156650,0.0
ENSG00000275385,0.0
ENSG00000157869,0.0
ENSG00000179950,0.0
ENSG00000241945,0.0
ENSG00000117000,0.0
ENSG00000185721,0.0
ENSG00000152556,0.0
ENSG00000132670,0.0
ENSG00000110274,0.0
ENSG00000055483,0.0
ENSG00000137054,0.0
ENSG00000110330,0.0
ENSG00000242485,0.0
ENSG00000145425,0.0
ENSG00000160213,0.0
ENSG00000105835,0.0
ENSG00000167526,0.0
ENSG00000136110,0.0
ENSG00000198732,0.0
ENSG00000198840,0.0
ENSG00000147113,0.0
ENSG00000128606,0.0
ENSG00000141258,0.0
ENSG00000249915,0.0
ENSG00000113758,0.0
ENSG00000133574,0.0
ENSG00000120727,0.0
ENSG00000106333,0.0
ENSG00000196352,0.0
ENSG00000231500,0.0
ENSG00000176971,0.0
ENSG00000173546,0.0
ENSG00000102804,0.0
ENSG00000167244,0.0
ENSG00000168056,0.0
ENSG00000111799,0.0
ENSG00000113296,0.0
ENSG00000182600,0.0
ENSG00000165507,0.0
ENSG00000163430,0.0
ENSG00000123500,0.0
ENSG00000000971,0.0
ENSG00000117505,0.0
ENSG00000171703,0.0
ENSG00000001497,0.0
ENSG00000132254,0.0
ENSG00000130816,0.0
ENSG00000188257,0.0
ENSG00000137441,0.0
ENSG00000142156,0.0
ENSG00000091986,0.0
ENSG00000139329,0.0
ENSG00000100234,0.0
ENSG00000138459,0.0
ENSG00000129128,0.0
ENSG00000154262,0.0
ENSG00000136717,0.0
ENSG00000137815,0.0
ENSG00000100612,0.0
ENSG00000131263,0.0
ENSG00000171566,0.0
ENSG00000087245,0.0
ENSG00000164106,0.0
ENSG00000154175,0.0
ENSG00000197249,0.0
ENSG00000266524,0.0
ENSG00000111341,0.0
ENSG00000204713,0.0
ENSG00000154783,0.0
ENSG00000125995,0.0
ENSG00000102898,0.0
ENSG00000108100,0.0
ENSG00000198752,0.0
ENSG00000137801,0.0
ENSG00000283907,0.0
ENSG00000145681,0.0
ENSG00000160161,0.0
ENSG00000149968,0.0
ENSG00000162736,0.0
ENSG00000165655,0.0
ENSG00000140943,0.0
ENSG00000111843,0.0
ENSG00000092108,0.0
ENSG00000164754,0.0
ENSG00000003056,0.0
ENSG00000175356,0.0
ENSG00000129351,0.0
ENSG00000105875,0.0
ENSG00000005486,0.0
ENSG00000103353,0.0
ENSG00000141456,0.0
ENSG00000102878,0.0
ENSG00000109180,0.0
ENSG00000158292,0.0
ENSG00000157764,0.0
ENSG00000117500,0.0
ENSG00000179144,0.0
ENSG00000138639,0.0
ENSG00000203804,0.0
ENSG00000165417,0.0
ENSG00000165609,0.0
ENSG00000141698,0.0
ENSG00000181191,0.0
ENSG00000117298,0.0
ENSG00000089053,0.0
ENSG00000143442,0.0
ENSG00000153207,0.0
ENSG00000166503,0.0
ENSG00000166509,0.0
