gene,importance
ENSG00000214753,0.008503489601844863
ENSG00000007312,0.00557653702333387
ENSG00000138600,0.005500335525763781
ENSG00000168092,0.004942401960784312
ENSG00000175197,0.00484681036480786
ENSG00000151468,0.004355565633742644
ENSG00000173432,0.0043315289105157724
ENSG00000090339,0.0037339159473621566
ENSG00000156261,0.0036482885518669046
ENSG00000171451,0.003633625325339415
ENSG00000083444,0.003606995982088338
ENSG00000100504,0.0035972182351526587
ENSG00000233251,0.003568115104497488
ENSG00000119138,0.0035467806076912465
ENSG00000174080,0.00350196937339007
ENSG00000067066,0.0033921568627450966
ENSG00000146426,0.003381454284782893
ENSG00000131016,0.003279936511538946
ENSG00000067646,0.00323076923076923
ENSG00000276345,0.003213914182069314
ENSG00000114354,0.0031316483753928413
ENSG00000101230,0.0030437869705963877
ENSG00000159399,0.003038461538461537
ENSG00000134452,0.0029991127293758843
ENSG00000182218,0.0029787655971479504
ENSG00000134644,0.002967938501721559
ENSG00000167470,0.0029670498084291195
ENSG00000143344,0.0029109865850035434
ENSG00000188487,0.0029059515137259584
ENSG00000118971,0.0028906313708293896
ENSG00000126262,0.002869882734846141
ENSG00000276023,0.0028604657128386917
ENSG00000095066,0.0028280829051317916
ENSG00000118418,0.00277971970989129
ENSG00000197989,0.0027585359707554408
ENSG00000163659,0.0027424019607843134
ENSG00000165272,0.0027387960107642362
ENSG00000114737,0.0026843042122509393
ENSG00000135317,0.002669554894430716
ENSG00000122862,0.002623942208462333
ENSG00000152952,0.002599904438648504
ENSG00000185950,0.0025803504640621315
ENSG00000267272,0.002568982996955617
ENSG00000129675,0.002547099509147702
ENSG00000120158,0.002510052985928632
ENSG00000164684,0.0024716139498336524
ENSG00000166598,0.0023609020102431356
ENSG00000108861,0.002304834905660378
ENSG00000034713,0.002285004072800313
ENSG00000176971,0.0022761330888591757
ENSG00000173848,0.002213915470494416
ENSG00000187514,0.002188933954784256
ENSG00000114126,0.0021509023915067273
ENSG00000149294,0.0021463276510250364
ENSG00000265972,0.0021435109707783552
ENSG00000149182,0.0021307649570214975
ENSG00000130035,0.0021158605976988516
ENSG00000141750,0.0020861015677199404
ENSG00000215252,0.002075738294320821
ENSG00000138363,0.0020617667730246977
ENSG00000155366,0.002036407079441342
ENSG00000010256,0.002033972934885714
ENSG00000107099,0.002
ENSG00000091137,0.0019999999999999996
ENSG00000175567,0.0019999999999999987
ENSG00000126934,0.0019979764204709656
ENSG00000187193,0.0019790991459562733
ENSG00000112562,0.0019697099892588598
ENSG00000102755,0.001959987287828692
ENSG00000016864,0.00195670760611937
ENSG00000124762,0.0019477838969695234
ENSG00000123689,0.0019434123404449455
ENSG00000115526,0.0019411946021770153
ENSG00000100906,0.0019401439820099689
ENSG00000240801,0.0019136458207212655
ENSG00000112096,0.001910809327198774
ENSG00000145358,0.0018901706061328692
ENSG00000187210,0.0018854545454545458
ENSG00000165637,0.0018828652981303165
ENSG00000148175,0.0018802129547471154
ENSG00000179218,0.0018729495081816064
ENSG00000122641,0.0018654684427916054
ENSG00000161642,0.0018630921332357304
ENSG00000117533,0.0018583754601220125
ENSG00000198756,0.001858096092034828
ENSG00000138615,0.0018553689937513456
ENSG00000113578,0.0018533950617283948
ENSG00000109906,0.0018407329712539621
ENSG00000065911,0.0018361356035269073
ENSG00000110492,0.0018291613649508384
ENSG00000242247,0.0018186230590620783
ENSG00000133606,0.001804493647773357
ENSG00000138131,0.0017876588021778588
ENSG00000120820,0.0017833632282815055
ENSG00000263155,0.0017815844269042675
ENSG00000108799,0.0017809897243720768
ENSG00000014914,0.0017768391159402382
ENSG00000154229,0.0017725869809203133
ENSG00000142910,0.001771071679264691
ENSG00000131503,0.0017692307692307682
ENSG00000139644,0.0017531236743819534
ENSG00000133687,0.0017238808298795773
ENSG00000136938,0.0017172364814629871
ENSG00000117594,0.0017128205128205136
ENSG00000076554,0.0017116627654504431
ENSG00000033800,0.001709164245620963
ENSG00000136999,0.0017083418023999895
ENSG00000119917,0.0017080325335042308
ENSG00000254772,0.0016949152542372877
ENSG00000109971,0.0016817172013347435
ENSG00000165507,0.00168097883757994
ENSG00000196196,0.0016789923105418123
ENSG00000170382,0.0016708133971291856
ENSG00000155265,0.001664308310901088
ENSG00000138279,0.0016381031565826456
ENSG00000180398,0.00163573883161512
ENSG00000110841,0.001627610947601517
ENSG00000163975,0.0016223511656427972
ENSG00000163297,0.0016133484819283235
ENSG00000168056,0.0016130952380952405
ENSG00000125827,0.001612788199205553
ENSG00000106799,0.0016098538011695906
ENSG00000147454,0.0016022004650649308
ENSG00000148671,0.001599976374040728
ENSG00000149968,0.0015995760643712806
ENSG00000205352,0.001591016633926296
ENSG00000124107,0.001588744588744589
ENSG00000166734,0.0015871491579791494
ENSG00000153823,0.001583445657765362
ENSG00000206538,0.0015825743751133586
ENSG00000198888,0.0015629662132514257
ENSG00000151893,0.0015398598950069535
ENSG00000074416,0.0015298680053587685
ENSG00000179542,0.0015087719298245612
ENSG00000163359,0.0015000000000000011
ENSG00000011422,0.0014513403467346917
ENSG00000172061,0.0014493620495878371
ENSG00000165475,0.00144366818237082
ENSG00000188783,0.0014339366626562526
ENSG00000166509,0.0014315470880637005
ENSG00000111481,0.0014023660390206933
ENSG00000115760,0.0013961785565289955
ENSG00000111540,0.0013928571428571419
ENSG00000127603,0.00138234517945109
ENSG00000156103,0.0013639004154498214
ENSG00000272734,0.0013566252587991713
ENSG00000174059,0.0013538465289943177
ENSG00000095739,0.0013417009756061756
ENSG00000166833,0.0013365551503344692
ENSG00000164761,0.0013320721831360132
ENSG00000119812,0.0013225806451612897
ENSG00000127804,0.0013172366399870636
ENSG00000163605,0.001316820452888731
ENSG00000114779,0.0013143793859470036
ENSG00000006704,0.0013096947766718138
ENSG00000148303,0.0012973823643169626
ENSG00000166250,0.001294025974025974
ENSG00000134817,0.0012906188028792372
ENSG00000096384,0.0012780784864111238
ENSG00000205978,0.001277419354838709
ENSG00000157617,0.0012766373411534698
ENSG00000113732,0.0012755882621027631
ENSG00000177409,0.0012717972769972206
ENSG00000188706,0.0012658730588032258
ENSG00000177606,0.0012656555967896644
ENSG00000127990,0.001261939428365819
ENSG00000013288,0.0012563429998913873
ENSG00000133112,0.0012537431048069334
ENSG00000127951,0.0012446606750259716
ENSG00000196923,0.0012407017543859644
ENSG00000198938,0.001236116204450446
ENSG00000083520,0.0012333491035105507
ENSG00000265681,0.0012259699249150087
ENSG00000116161,0.0012168568510141542
ENSG00000173372,0.0012105263157894742
ENSG00000198417,0.0012063983488132092
ENSG00000161203,0.0011989087002558204
ENSG00000138663,0.0011966898992429255
ENSG00000099622,0.0011960784313725492
ENSG00000165417,0.0011952394701597298
ENSG00000071575,0.0011921663442940034
ENSG00000204304,0.001181383867704621
ENSG00000005486,0.0011784169515406827
ENSG00000143153,0.001176803936030173
ENSG00000241553,0.0011698115218888457
ENSG00000170961,0.0011684210526315803
ENSG00000118985,0.0011627696744495584
ENSG00000117228,0.0011625781625781621
ENSG00000088826,0.0011602623955565114
ENSG00000153064,0.0011600338589043873
ENSG00000134313,0.0011554944635357013
ENSG00000144331,0.00115498139287613
ENSG00000134531,0.001151552801877296
ENSG00000183779,0.001150943396226415
ENSG00000136859,0.0011495109634753037
ENSG00000147113,0.0011421064395639297
ENSG00000104067,0.001132219244640353
ENSG00000007171,0.0011213317142602882
ENSG00000129422,0.0011206533854852766
ENSG00000171067,0.00112
ENSG00000103495,0.00112
ENSG00000152409,0.001101790562600955
ENSG00000173221,0.001097331240188383
ENSG00000120705,0.001093812648077274
ENSG00000108055,0.0010882569717806892
ENSG00000197256,0.0010847947034885916
ENSG00000186318,0.0010845773542013085
ENSG00000153904,0.0010800344259862165
ENSG00000021776,0.0010795454545454546
ENSG00000047315,0.0010734269836190258
ENSG00000114735,0.0010727272727272723
ENSG00000165527,0.0010721743304552714
ENSG00000084652,0.0010707949055775157
ENSG00000251537,0.0010699778624937352
ENSG00000132002,0.001068486097431931
ENSG00000047457,0.0010611790378999388
ENSG00000124588,0.0010605939913375512
ENSG00000166848,0.0010604217554144276
ENSG00000066056,0.0010598186528419753
ENSG00000211677,0.0010589406099518457
ENSG00000099875,0.0010520964360586998
ENSG00000160201,0.0010497577487223735
ENSG00000143127,0.001042553191489362
ENSG00000165494,0.001042553191489361
ENSG00000112715,0.0010423623160465275
ENSG00000103257,0.001038314176245211
ENSG00000119862,0.0010369301636866033
ENSG00000168268,0.0010368617683686168
ENSG00000141338,0.0010312871004525888
ENSG00000187957,0.0010285914693209533
ENSG00000169385,0.001026951909027381
ENSG00000203875,0.0010235880649900613
ENSG00000120725,0.0010185772731067888
ENSG00000085224,0.00101676792191082
ENSG00000178343,0.001014304812834225
ENSG00000137054,0.001013546202225447
ENSG00000138081,0.0010127410385492523
ENSG00000184575,0.0010108889289217149
ENSG00000006125,0.00100238124523382
ENSG00000282961,0.0010001817199679194
ENSG00000106624,0.0010000000000000005
ENSG00000154736,0.0010000000000000005
ENSG00000118515,0.0010000000000000005
ENSG00000172086,0.0010000000000000005
ENSG00000187391,0.0010000000000000005
ENSG00000158560,0.0010000000000000005
ENSG00000160447,0.0010000000000000005
ENSG00000166923,0.0010000000000000002
ENSG00000151748,0.0010000000000000002
ENSG00000155508,0.0010000000000000002
ENSG00000171621,0.0010000000000000002
ENSG00000145050,0.0010000000000000002
ENSG00000121075,0.001
ENSG00000149547,0.001
ENSG00000198408,0.001
ENSG00000074181,0.001
ENSG00000150347,0.001
ENSG00000109180,0.001
ENSG00000210144,0.001
ENSG00000171603,0.001
ENSG00000079482,0.0009999999999999998
ENSG00000077684,0.0009999999999999998
ENSG00000156411,0.0009999999999999998
ENSG00000166987,0.0009999999999999998
ENSG00000182809,0.0009999999999999998
ENSG00000092531,0.0009999999999999998
ENSG00000146112,0.0009999999999999998
ENSG00000113448,0.0009999999999999996
ENSG00000204619,0.0009999999999999996
ENSG00000124207,0.0009999999999999996
ENSG00000154783,0.0009999999999999996
ENSG00000135148,0.0009999999999999996
ENSG00000130508,0.0009999999999999996
ENSG00000173334,0.0009999999999999996
ENSG00000165006,0.0009999999999999996
ENSG00000213923,0.0009999999999999996
ENSG00000140577,0.0009999999999999996
ENSG00000101361,0.0009999999999999996
ENSG00000108091,0.0009999999999999996
ENSG00000197965,0.0009999999999999994
ENSG00000136167,0.0009999999999999994
ENSG00000241837,0.0009999999999999994
ENSG00000211592,0.0009999999999999994
ENSG00000115380,0.0009999999999999992
ENSG00000138207,0.0009999999999999992
ENSG00000182871,0.0009999999999999992
ENSG00000113845,0.0009999999999999992
ENSG00000083857,0.0009999999999999992
ENSG00000198848,0.0009999999999999992
ENSG00000196735,0.000999999999999999
ENSG00000116288,0.000999999999999999
ENSG00000115310,0.000999999999999999
ENSG00000114019,0.000999999999999999
ENSG00000126804,0.0009999999999999985
ENSG00000148110,0.000994596346001087
ENSG00000169100,0.0009904872840225194
ENSG00000070214,0.0009896333017423635
ENSG00000114686,0.0009879141311697095
ENSG00000184205,0.0009840950621057682
ENSG00000106392,0.0009782608695652168
ENSG00000184304,0.0009765873015873002
ENSG00000110328,0.0009725888190603262
ENSG00000085117,0.000971972888807474
ENSG00000260822,0.0009719728888074738
ENSG00000169020,0.0009719728888074728
ENSG00000160294,0.0009714394516374713
ENSG00000204642,0.0009697099892588618
ENSG00000003402,0.0009697099892588618
ENSG00000093167,0.0009697099892588617
ENSG00000104723,0.0009697099892588616
ENSG00000076928,0.0009697099892588614
ENSG00000144136,0.0009697099892588612
ENSG00000156482,0.0009690860215053764
ENSG00000143776,0.0009684358194996484
ENSG00000164597,0.0009677576941866154
ENSG00000197321,0.0009677576941866147
ENSG00000158270,0.0009628275742115015
ENSG00000180964,0.0009622910962539873
ENSG00000058668,0.000961134453781512
ENSG00000091164,0.0009605379188712517
ENSG00000164929,0.0009589120698309272
ENSG00000198804,0.0009562776723592661
ENSG00000117862,0.0009549755799755801
ENSG00000101310,0.0009538169610275881
ENSG00000134049,0.0009529394583226529
ENSG00000135956,0.0009507557747219499
ENSG00000104412,0.0009478917378917379
ENSG00000152592,0.0009478135270887445
ENSG00000113369,0.0009474393530997299
ENSG00000110911,0.0009455337690631811
ENSG00000166333,0.0009445283018867928
ENSG00000107372,0.0009445283018867923
ENSG00000135919,0.0009445283018867923
ENSG00000115307,0.000943485086342229
ENSG00000088387,0.0009434850863422283
ENSG00000163884,0.0009424019607843138
ENSG00000022267,0.0009424019607843137
ENSG00000110711,0.0009424019607843136
ENSG00000174600,0.0009424019607843135
ENSG00000007202,0.0009412765957446812
ENSG00000002933,0.0009412765957446811
ENSG00000113269,0.0009412765957446806
ENSG00000121749,0.0009412765957446799
ENSG00000128881,0.0009401064773735577
ENSG00000205542,0.0009401064773735575
ENSG00000083782,0.0009388888888888888
ENSG00000108829,0.0009365851262402977
ENSG00000173698,0.0009362992922143579
ENSG00000167994,0.0009357101110461717
ENSG00000203804,0.0009276872256484449
ENSG00000121904,0.0009255007725610042
ENSG00000254999,0.0009231292517006793
ENSG00000162512,0.0009221113170110807
ENSG00000049089,0.0009219833564493756
ENSG00000137267,0.0009206120612061203
ENSG00000072110,0.0009177202878817356
ENSG00000101474,0.0009177202878817351
ENSG00000064309,0.0009177202878817341
ENSG00000110318,0.0009165313367780942
ENSG00000185591,0.0009161943319838063
ENSG00000139219,0.0009161943319838062
ENSG00000104131,0.0009161943319838058
ENSG00000167881,0.0009161943319838058
ENSG00000065150,0.0009142857142857144
ENSG00000021300,0.0009112588855767032
ENSG00000197859,0.0009107102541064799
ENSG00000109705,0.0009102272656108103
ENSG00000113558,0.0009097035040431269
ENSG00000129824,0.00090948275862069
ENSG00000183172,0.000906410818463385
ENSG00000061676,0.0009038738528801447
ENSG00000213694,0.0008971428571428571
ENSG00000116717,0.0008971428571428568
ENSG00000002822,0.0008966026036755379
ENSG00000159200,0.0008935185185185185
ENSG00000164104,0.0008935185185185183
ENSG00000111275,0.0008916097952629469
ENSG00000000971,0.0008876623376623371
ENSG00000135390,0.0008875816993464043
ENSG00000144711,0.0008859137233002932
ENSG00000189058,0.0008854545454545454
ENSG00000120690,0.0008825830503728068
ENSG00000174197,0.0008821601104209789
ENSG00000157216,0.0008809523809523814
ENSG00000244731,0.0008794005290138341
ENSG00000112759,0.0008769507803121248
ENSG00000232112,0.0008736263736263739
ENSG00000198369,0.0008713719512520548
ENSG00000147548,0.0008708133971291876
ENSG00000122068,0.0008708133971291872
ENSG00000064042,0.000870813397129186
ENSG00000175356,0.000870618832730108
ENSG00000170876,0.0008685782556750299
ENSG00000074696,0.0008685782556750296
ENSG00000259976,0.0008685782556750295
ENSG00000137817,0.0008662658096620357
ENSG00000137496,0.0008662658096620352
ENSG00000155090,0.0008660826032540679
ENSG00000149573,0.0008638720829732061
ENSG00000204370,0.0008613928329952686
ENSG00000205213,0.000861392832995267
ENSG00000185215,0.0008608082337439461
ENSG00000058091,0.000859871534820825
ENSG00000052795,0.0008588235294117644
ENSG00000135829,0.0008574076244297736
ENSG00000189241,0.0008573809523809526
ENSG00000250644,0.0008571428571428569
ENSG00000048828,0.0008545454545454554
ENSG00000114315,0.0008543279380717798
ENSG00000167703,0.0008519736842105267
ENSG00000124731,0.0008518518518518524
ENSG00000149273,0.0008495440729483282
ENSG00000133065,0.0008470355731225296
ENSG00000249751,0.0008466165413533811
ENSG00000140262,0.0008455843469063986
ENSG00000153201,0.0008438262741333675
ENSG00000093010,0.0008430263729894217
ENSG00000117450,0.0008405172413793108
ENSG00000127184,0.0008400664251207743
ENSG00000130402,0.0008398433810787493
ENSG00000009413,0.0008389982110912346
ENSG00000049860,0.0008388746803069055
ENSG00000179241,0.0008366369479577028
ENSG00000260916,0.0008362661303837776
ENSG00000140992,0.0008356275303643722
ENSG00000127054,0.0008347008826413865
ENSG00000130707,0.0008326797385620917
ENSG00000119326,0.0008324744951961444
ENSG00000171988,0.0008305084745762712
ENSG00000107341,0.000830358605745091
ENSG00000100934,0.0008296547821165823
ENSG00000197892,0.0008285782845563854
ENSG00000198768,0.0008245614035087723
ENSG00000004799,0.0008241062308478041
ENSG00000060718,0.0008241062308478037
ENSG00000140332,0.0008235294117647057
ENSG00000185432,0.0008214285714285722
ENSG00000140299,0.0008203389830508467
ENSG00000113580,0.0008166666666666678
ENSG00000073578,0.0008151065801668207
ENSG00000102081,0.0008130000226254586
ENSG00000158966,0.0008123544903299402
ENSG00000156427,0.0008118829250231867
ENSG00000140526,0.0008113207547169805
ENSG00000092108,0.0008107388724490585
ENSG00000119729,0.0008065034122842228
ENSG00000104415,0.0008059777102330289
ENSG00000136819,0.0008057567533015788
ENSG00000113739,0.0008051948051948055
ENSG00000138764,0.0008051948051948048
ENSG00000196712,0.0008049535603715177
ENSG00000143061,0.0008025442114259413
ENSG00000125868,0.000802114164904862
ENSG00000262526,0.0008007944389275066
ENSG00000275993,0.000800000000000001
ENSG00000168264,0.0007999999999999999
ENSG00000028528,0.0007984599933043171
ENSG00000067167,0.0007966101694915254
ENSG00000145833,0.0007954956421162883
ENSG00000134824,0.0007941043765979848
ENSG00000156030,0.0007935416071616478
ENSG00000066777,0.0007935170606955421
ENSG00000134363,0.0007926410420551641
ENSG00000115902,0.000791530851372739
ENSG00000141424,0.000791386336974574
ENSG00000131374,0.0007909426585831505
ENSG00000136381,0.0007907787679194108
ENSG00000155760,0.0007905844155844155
ENSG00000152291,0.000787658802177858
ENSG00000046653,0.0007859856479527228
ENSG00000137802,0.0007847505443201495
ENSG00000138814,0.0007822741956485344
ENSG00000134109,0.0007816196292017392
ENSG00000075391,0.0007811829150936418
ENSG00000111678,0.0007777777777777778
ENSG00000118689,0.0007777777777777775
ENSG00000117899,0.0007762711864406779
ENSG00000064205,0.0007735849056603765
ENSG00000205339,0.0007716658744452627
ENSG00000172236,0.0007706080614588969
ENSG00000143870,0.0007692307692307699
ENSG00000154096,0.0007692307692307696
ENSG00000181195,0.0007692307692307689
ENSG00000177106,0.00076831541218638
ENSG00000164932,0.0007682969739619982
ENSG00000138821,0.0007681704260651628
ENSG00000125991,0.0007675663439900932
ENSG00000091436,0.0007660404112017017
ENSG00000134955,0.0007653061224489809
ENSG00000155846,0.0007648403870562923
ENSG00000105355,0.0007627118644067797
ENSG00000120694,0.0007619731757217547
ENSG00000004478,0.0007609848484848483
ENSG00000180817,0.0007591706539074965
ENSG00000132507,0.0007588661907841819
ENSG00000078618,0.0007565304087736788
ENSG00000198793,0.000753219775654341
ENSG00000265241,0.0007532197756543408
ENSG00000149380,0.0007499999999999996
ENSG00000165650,0.0007494396727927655
ENSG00000182473,0.0007492668621700881
ENSG00000116001,0.000748842306782529
ENSG00000134339,0.0007483330229092936
ENSG00000130985,0.0007463833634719709
ENSG00000135624,0.000746257077254382
ENSG00000049656,0.0007458220651985047
ENSG00000115884,0.0007449749130421402
ENSG00000166033,0.0007440476190476201
ENSG00000027697,0.0007419354838709676
ENSG00000151276,0.0007395104895104884
ENSG00000125651,0.0007386206896551715
ENSG00000074527,0.0007331291937542167
ENSG00000162244,0.000732793522267207
ENSG00000091513,0.0007327935222672066
ENSG00000161281,0.0007288135593220344
ENSG00000132824,0.0007288135593220341
ENSG00000075223,0.0007280547409579671
ENSG00000138434,0.0007272727272727272
ENSG00000125347,0.0007272727272727272
ENSG00000162511,0.0007230675593426655
ENSG00000159307,0.0007213675322932171
ENSG00000065308,0.0007196838111720832
ENSG00000137509,0.0007184210526315786
ENSG00000132386,0.0007174964438122334
ENSG00000198682,0.0007140369209334737
ENSG00000266302,0.0007096774193548389
ENSG00000134590,0.0007037702572293764
ENSG00000163468,0.0007021791767554475
ENSG00000168003,0.0007008850406543065
ENSG00000166130,0.0007000000000000006
ENSG00000102144,0.0007000000000000001
ENSG00000225470,0.0006981093970535265
ENSG00000106263,0.0006973565905412695
ENSG00000163644,0.0006971916971916966
ENSG00000144749,0.0006963012477718374
ENSG00000104763,0.0006952092949228072
ENSG00000084234,0.0006948407709431485
ENSG00000130300,0.00069340909090909
ENSG00000136457,0.000689655172413793
ENSG00000008294,0.0006875878108839454
ENSG00000129636,0.0006875699888017911
ENSG00000113615,0.0006859396348279725
ENSG00000150540,0.0006857011282523602
ENSG00000197756,0.0006807796772647391
ENSG00000169715,0.0006807524895185689
ENSG00000183722,0.0006790112596762833
ENSG00000109756,0.0006788315850815856
ENSG00000120438,0.0006761238761238763
ENSG00000121486,0.0006761124156647567
ENSG00000122420,0.0006759259259259256
ENSG00000111666,0.000675371843652715
ENSG00000131620,0.0006742734890354789
ENSG00000125755,0.0006742734890354785
ENSG00000215301,0.000673527730131504
ENSG00000066455,0.0006721311475409838
ENSG00000074755,0.0006687258687258689
ENSG00000181555,0.0006678743961352655
ENSG00000187689,0.0006666666666666674
ENSG00000174640,0.0006666666666666669
ENSG00000110958,0.000664918032786884
ENSG00000205795,0.0006645703586847708
ENSG00000267645,0.0006639740376582473
ENSG00000112144,0.000661987717759118
ENSG00000089289,0.0006618863761720897
ENSG00000100226,0.0006610169491525428
ENSG00000135766,0.0006598698966671706
ENSG00000116016,0.0006586104951958607
ENSG00000119596,0.0006585755514326944
ENSG00000163435,0.0006584999830468251
ENSG00000148120,0.000656435895036561
ENSG00000105953,0.0006562499999999995
ENSG00000131473,0.0006551724137931024
ENSG00000105875,0.0006469002695417798
ENSG00000196683,0.0006465035121471077
ENSG00000185009,0.0006462324393358872
ENSG00000034971,0.0006460637014635923
ENSG00000111907,0.0006446460980036306
ENSG00000145715,0.0006444074099659205
ENSG00000117410,0.0006439393939393947
ENSG00000038002,0.0006424242424242426
ENSG00000116473,0.000632946079809722
ENSG00000206503,0.0006318681318681315
ENSG00000092068,0.000630829205045165
ENSG00000144642,0.0006307692307692297
ENSG00000103978,0.0006296296296296304
ENSG00000135924,0.0006294380017841217
ENSG00000196262,0.0006276702160573932
ENSG00000170801,0.000626666666666667
ENSG00000100097,0.0006249534873812333
ENSG00000077147,0.0006246575342465752
ENSG00000196954,0.0006235632183908045
ENSG00000090861,0.0006223916532905291
ENSG00000047932,0.0006213592233009716
ENSG00000182600,0.0006207404168581872
ENSG00000095787,0.0006205013477088947
ENSG00000204852,0.0006197870452528836
ENSG00000111011,0.0006133786491221476
ENSG00000125965,0.0006130186548768265
ENSG00000119771,0.0006129032258064518
ENSG00000177189,0.0006129032258064513
ENSG00000198805,0.000612903225806451
ENSG00000176915,0.0006059491978609618
ENSG00000145675,0.0006030460767302876
ENSG00000139641,0.0006029411764705872
ENSG00000181396,0.0006018680199352471
ENSG00000139921,0.0006003247303717181
ENSG00000179144,0.0005982767855152684
ENSG00000147471,0.0005980066445182726
ENSG00000133030,0.0005979075330080632
ENSG00000198732,0.0005969570566188873
ENSG00000170035,0.0005952380952380951
ENSG00000169045,0.0005950113378684815
ENSG00000107798,0.0005948605795516689
ENSG00000167468,0.0005932203389830496
ENSG00000232653,0.0005929430317366446
ENSG00000182957,0.00059123683846625
ENSG00000147475,0.0005907925362898243
ENSG00000173801,0.0005898520084566598
ENSG00000215717,0.0005894736842105257
ENSG00000182551,0.0005894736842105253
ENSG00000134986,0.0005889807792715791
ENSG00000100600,0.0005885860266384346
ENSG00000161011,0.000588109660340108
ENSG00000205581,0.0005877994686944016
ENSG00000155957,0.0005867783010640163
ENSG00000170604,0.0005833333333333331
ENSG00000113575,0.0005817040102754383
ENSG00000049323,0.0005803272225507592
ENSG00000129521,0.0005795698924731186
ENSG00000186063,0.0005774891774891787
ENSG00000210194,0.0005772357723577226
ENSG00000105609,0.0005755840586349059
ENSG00000101384,0.000575333872361781
ENSG00000198840,0.000573770491803277
ENSG00000103381,0.0005735050888629676
ENSG00000170248,0.0005723076923076917
ENSG00000138185,0.0005714118341508969
ENSG00000067082,0.0005710363761153057
ENSG00000122218,0.0005701984827931043
ENSG00000150991,0.0005672762677283509
ENSG00000006747,0.0005665573770491804
ENSG00000117385,0.0005641889615203186
ENSG00000188313,0.000562606516290727
ENSG00000088448,0.0005611859838274944
ENSG00000204628,0.0005601196410767704
ENSG00000145817,0.0005589790868067353
ENSG00000166265,0.0005563929443420195
ENSG00000162654,0.0005555555555555553
ENSG00000170962,0.0005544751370795544
ENSG00000049192,0.0005523809523809524
ENSG00000077097,0.0005519355136733204
ENSG00000010278,0.0005481866684676167
ENSG00000112761,0.0005474599533164359
ENSG00000160161,0.0005470140961132686
ENSG00000141429,0.0005446388101630261
ENSG00000187479,0.0005445161290322571
ENSG00000174851,0.0005438133874239359
ENSG00000253293,0.0005436636283446051
ENSG00000186918,0.0005432825903104988
ENSG00000110880,0.0005426647085633262
ENSG00000176435,0.0005425820999074924
ENSG00000186919,0.0005420918367346954
ENSG00000120675,0.000540652400431354
ENSG00000263001,0.0005396825396825386
ENSG00000022277,0.0005384615384615388
ENSG00000157827,0.0005375825292026412
ENSG00000151789,0.0005317695461833137
ENSG00000115677,0.0005307839306315364
ENSG00000185567,0.0005303030303030306
ENSG00000164463,0.0005302144249512673
ENSG00000115970,0.000530034014371635
ENSG00000148344,0.0005300038714672866
ENSG00000178950,0.0005296870133324195
ENSG00000147996,0.0005294532627865961
ENSG00000125835,0.0005275840202916936
ENSG00000162687,0.0005271909116648819
ENSG00000043143,0.0005271105010295131
ENSG00000177731,0.0005268817204301082
ENSG00000143196,0.0005267326732673266
ENSG00000243279,0.0005238095238095246
ENSG00000114378,0.0005201627820939701
ENSG00000117143,0.0005187969924812031
ENSG00000115548,0.0005182549335007264
ENSG00000181704,0.0005179211469534045
ENSG00000115738,0.0005169208838203847
ENSG00000142541,0.0005146262188515711
ENSG00000157227,0.0005124870696024829
ENSG00000119655,0.0005120327700972866
ENSG00000123908,0.0005104166666666674
ENSG00000138433,0.0005104166666666662
ENSG00000164190,0.0005096590909090908
ENSG00000175147,0.0005087964666912037
ENSG00000141232,0.000508235294117646
ENSG00000106541,0.0005080165735903451
ENSG00000168283,0.0005076923076923078
ENSG00000142798,0.0005071056704657383
ENSG00000089335,0.0005057879353638025
ENSG00000185624,0.0005054337815435627
ENSG00000183793,0.0005050505050505054
ENSG00000162889,0.0005046206178247797
ENSG00000165973,0.000502388059701493
ENSG00000198815,0.0005019692087361254
ENSG00000127241,0.000499999999999999
ENSG00000198763,0.000499708794408853
ENSG00000168209,0.0004996710526315783
ENSG00000130600,0.0004990712074303406
ENSG00000116641,0.0004985078249549042
ENSG00000095752,0.0004978097417456681
ENSG00000118816,0.0004977068793619137
ENSG00000141456,0.000497222502276049
ENSG00000100030,0.0004964702539414141
ENSG00000143013,0.0004941427017659055
ENSG00000122679,0.0004939855653568557
ENSG00000079246,0.0004929006085192709
ENSG00000134247,0.0004927374301675979
ENSG00000106052,0.0004920634920634923
ENSG00000153066,0.0004907563025210086
ENSG00000240583,0.000490488448016073
ENSG00000155849,0.0004896608767576499
ENSG00000101236,0.0004885631801021537
ENSG00000173660,0.0004872448979591835
ENSG00000109606,0.0004861124823654085
ENSG00000125354,0.00048250395639177124
ENSG00000131966,0.0004824363033318254
ENSG00000131435,0.0004822605965463109
ENSG00000153113,0.00048201243780160815
ENSG00000116679,0.00047833373330133545
ENSG00000002587,0.0004760570592010851
ENSG00000244754,0.0004758620689655171
ENSG00000182004,0.00047540983606557467
ENSG00000081087,0.0004754098360655745
ENSG00000142892,0.0004743754063341687
ENSG00000173598,0.0004719405003380662
ENSG00000115053,0.00047111508141376086
ENSG00000100731,0.00047058823529411836
ENSG00000136842,0.00046962233169129704
ENSG00000197958,0.00046910463861920225
ENSG00000066629,0.0004668754377536067
ENSG00000133835,0.00046639676113360243
ENSG00000170412,0.00046637360001476163
ENSG00000109107,0.00046621985811488956
ENSG00000145860,0.00046517424794491596
ENSG00000145390,0.00046333817737119677
ENSG00000165168,0.0004618530437114509
ENSG00000134802,0.0004589341294543607
ENSG00000257594,0.0004586484005075463
ENSG00000116459,0.00045714285714285746
ENSG00000187735,0.000457142857142856
ENSG00000138078,0.00045612980769230783
ENSG00000124788,0.0004544459878925068
ENSG00000169714,0.000453928866832092
ENSG00000177697,0.0004532967032967048
ENSG00000109519,0.0004528342245989313
ENSG00000204356,0.00045257022471910136
ENSG00000180447,0.0004513761467889905
ENSG00000143333,0.00045072545694366
ENSG00000167863,0.00044370206559073876
ENSG00000162576,0.00044338869784414306
ENSG00000188612,0.0004419929907895492
ENSG00000228474,0.00044021164021163894
ENSG00000183160,0.00043983656999082833
ENSG00000168610,0.00043837838563697603
ENSG00000182580,0.0004378109452736338
ENSG00000139318,0.0004374999999999998
ENSG00000164022,0.0004355555555555553
ENSG00000124422,0.00043537414965986304
ENSG00000134954,0.0004334448160535109
ENSG00000196372,0.00043321937568518797
ENSG00000138639,0.00043307169021454685
ENSG00000118596,0.00043223647518125964
ENSG00000163412,0.0004315337763012185
ENSG00000140675,0.0004312144212523722
ENSG00000159658,0.00042886719905353433
ENSG00000112964,0.0004285714285714293
ENSG00000162430,0.00042672413793103537
ENSG00000184905,0.0004265109890109906
ENSG00000104368,0.00042639970337411925
ENSG00000129657,0.00042508925739199695
ENSG00000062194,0.00042165242165242045
ENSG00000061936,0.00042071802543006636
ENSG00000136960,0.00041963109354413897
ENSG00000095713,0.0004186162269785953
ENSG00000112851,0.0004148936170212768
ENSG00000270580,0.00041333333333333326
ENSG00000154240,0.00041285557127141283
ENSG00000164825,0.00040845348607545
ENSG00000104774,0.0004083333333333335
ENSG00000106771,0.0004081911262798633
ENSG00000138604,0.00040788013318534877
ENSG00000108510,0.00040675844806007516
ENSG00000127837,0.00040640333463789184
ENSG00000180353,0.0004047273715376651
ENSG00000167191,0.00040468589234389843
ENSG00000143512,0.00040419287211740016
ENSG00000205403,0.00040342928576977554
ENSG00000163683,0.00040298507462686493
ENSG00000116251,0.00040261929460580915
ENSG00000189320,0.000401960784313727
ENSG00000082641,0.00040063520871143376
ENSG00000137955,0.0003999999999999995
ENSG00000087460,0.0003996397381677314
ENSG00000106772,0.00039870044214280315
ENSG00000168288,0.00039862327909887397
ENSG00000126456,0.00039806536516874547
ENSG00000077312,0.00039641839641839653
ENSG00000116984,0.0003961722488038274
ENSG00000155850,0.0003959307572401345
ENSG00000184007,0.00039589872358233917
ENSG00000104824,0.0003943169092945128
ENSG00000164106,0.0003936016128435555
ENSG00000169116,0.00039344262295081965
ENSG00000047849,0.0003933294775400037
ENSG00000198315,0.0003926016001148711
ENSG00000171812,0.00039187503389922433
ENSG00000100219,0.0003911111111111111
ENSG00000159199,0.00039031862745098056
ENSG00000069122,0.0003903186274509803
ENSG00000100926,0.00039012386556898344
ENSG00000124145,0.0003900284900284899
ENSG00000005810,0.0003893604980192417
ENSG00000072840,0.00038793650793650836
ENSG00000151693,0.00038758935012131923
ENSG00000023318,0.0003865909705325762
ENSG00000101782,0.0003846153846153838
ENSG00000105185,0.0003823529411764704
ENSG00000031698,0.0003812636165577341
ENSG00000102547,0.000380986937590711
ENSG00000169139,0.00038051349572086856
ENSG00000066739,0.00038028169014084524
ENSG00000075426,0.000379310344827586
ENSG00000005339,0.00037735849056603826
ENSG00000148672,0.0003769152196118466
ENSG00000019582,0.0003768079823516919
ENSG00000051108,0.0003750307068389311
ENSG00000169908,0.00037386443046820493
ENSG00000118217,0.00037288135593220383
ENSG00000168675,0.00037288135593220334
ENSG00000166825,0.0003728368017524643
ENSG00000169239,0.0003716049382716045
ENSG00000206560,0.00037126450251962964
ENSG00000026508,0.0003712399119589138
ENSG00000197323,0.00037073623253419853
ENSG00000162923,0.0003703703703703704
ENSG00000169231,0.0003701447067783699
ENSG00000139793,0.0003682415519399246
ENSG00000174485,0.0003676516595851636
ENSG00000243317,0.0003667614370638395
ENSG00000111674,0.00036586776540836524
ENSG00000104823,0.0003651129943502825
ENSG00000151176,0.00036428571428571353
ENSG00000185585,0.00036420811892509994
ENSG00000198959,0.0003614973262032078
ENSG00000187151,0.00036132485781197683
ENSG00000267532,0.0003606557377049179
ENSG00000272398,0.0003591836734693885
ENSG00000171867,0.0003591836734693877
ENSG00000197043,0.00035906976744185995
ENSG00000184232,0.0003589743589743595
ENSG00000187323,0.0003585434173669468
ENSG00000137478,0.0003580419580419598
ENSG00000188643,0.0003571741992101796
ENSG00000122705,0.0003568196509372984
ENSG00000115524,0.0003552944322941608
ENSG00000110075,0.0003550990462215702
ENSG00000127946,0.0003550237650887626
ENSG00000108828,0.00035483870967741905
ENSG00000177954,0.00035406171128470233
ENSG00000023734,0.0003533653846153849
ENSG00000133742,0.0003515631698993324
ENSG00000140285,0.0003508771929824561
ENSG00000116685,0.00035087719298245606
ENSG00000273259,0.00034957627118644075
ENSG00000131979,0.00034957627118643983
ENSG00000052802,0.000349409906142553
ENSG00000150593,0.0003491714163344642
ENSG00000133561,0.0003487258433913574
ENSG00000189091,0.0003478810879190385
ENSG00000153395,0.0003478810879190382
ENSG00000196562,0.00034615384615384646
ENSG00000136888,0.0003461538461538455
ENSG00000147872,0.000345935260686929
ENSG00000168488,0.0003451347575764284
ENSG00000165916,0.00034421768707483026
ENSG00000150403,0.00034374999999999965
ENSG00000144152,0.0003434117207913398
ENSG00000066322,0.0003434117207913398
ENSG00000164309,0.00034323824513082834
ENSG00000160285,0.00034319009747973224
ENSG00000189067,0.000342490842490842
ENSG00000163512,0.00034200391308825107
ENSG00000109111,0.0003410138248847926
ENSG00000241839,0.00034092346616065785
ENSG00000126351,0.000338670284938942
ENSG00000115694,0.00033840052875082685
ENSG00000112514,0.00033764367816091983
ENSG00000156976,0.0003374279824585298
ENSG00000036257,0.00033699701937406877
ENSG00000121769,0.00033582887700534767
ENSG00000127528,0.0003357753357753348
ENSG00000080371,0.00033566209231865963
ENSG00000122512,0.00033333333333333256
ENSG00000159176,0.00033246753246753233
ENSG00000198648,0.000332193732193732
ENSG00000162601,0.0003318032786885245
ENSG00000269713,0.0003311355311355305
ENSG00000164096,0.00033108108108108
ENSG00000085733,0.0003293518076126781
ENSG00000133142,0.0003278688524590163
ENSG00000082153,0.00032773109243697436
ENSG00000124126,0.0003275261324041816
ENSG00000177889,0.00032743105950653174
ENSG00000108100,0.00032727272727272716
ENSG00000180347,0.0003272727272727268
ENSG00000224389,0.0003270082226438968
ENSG00000157613,0.000326954382664689
ENSG00000123094,0.0003256445047489824
ENSG00000127616,0.00032539682539682504
ENSG00000151348,0.00032432432432432474
ENSG00000182013,0.0003233142934441685
ENSG00000159674,0.0003232758620689654
ENSG00000090686,0.0003219834710743801
ENSG00000134107,0.0003214285714285712
ENSG00000104549,0.00032000000000000013
ENSG00000105402,0.00031999999999999997
ENSG00000167671,0.00031944444444444446
ENSG00000099998,0.000317806603773585
ENSG00000055044,0.00031780294892034297
ENSG00000133872,0.00031770026547760623
ENSG00000153989,0.0003174603174603174
ENSG00000063244,0.00031714285714285747
ENSG00000133048,0.0003169213355970572
ENSG00000171617,0.00031578947368421015
ENSG00000196821,0.00031458966565349537
ENSG00000143847,0.00031372549019607833
ENSG00000074219,0.00031333333333333294
ENSG00000231389,0.0003114705001497455
ENSG00000134825,0.00031111111111111107
ENSG00000100201,0.00031017369727047146
ENSG00000135940,0.00030921052631578943
ENSG00000210127,0.0003076923076923079
ENSG00000099991,0.0003070047271164596
ENSG00000197766,0.0003061058344640453
ENSG00000112414,0.00030519567412381473
ENSG00000132481,0.00030508474576271185
ENSG00000131018,0.0003030219780219784
ENSG00000136826,0.00030263157894736746
ENSG00000162645,0.0003017408123791099
ENSG00000115318,0.00030147783251231584
ENSG00000156218,0.00030000000000000003
ENSG00000213366,0.0002999999999999998
ENSG00000137393,0.00029985058010078484
ENSG00000198121,0.0002996253396253403
ENSG00000144674,0.00029898305084745776
ENSG00000162692,0.00029898305084745744
ENSG00000138246,0.0002987400890626696
ENSG00000157045,0.0002976342710997446
ENSG00000163931,0.00029761904761904775
ENSG00000130770,0.00029700519699956464
ENSG00000273489,0.0002967032967032963
ENSG00000120659,0.0002965116279069767
ENSG00000134830,0.00029517819706498927
ENSG00000111961,0.0002951781970649887
ENSG00000179954,0.00029411764705882323
ENSG00000165678,0.0002928813559322037
ENSG00000153162,0.0002914424732505225
ENSG00000144366,0.00029108322725344087
ENSG00000120129,0.00029090909090909113
ENSG00000153250,0.0002906088751289984
ENSG00000165733,0.0002903225806451616
ENSG00000065882,0.0002903225806451612
ENSG00000111077,0.00028907503118873635
ENSG00000090054,0.00028846153846153843
ENSG00000166974,0.0002883632473552821
ENSG00000092969,0.0002873181753989549
ENSG00000122545,0.00028717948717948635
ENSG00000141959,0.0002857142857142847
ENSG00000169439,0.0002851282051282055
ENSG00000100284,0.0002849084154762626
ENSG00000095139,0.0002848447961046865
ENSG00000099956,0.0002848407643312105
ENSG00000074590,0.0002847195357833653
ENSG00000070413,0.0002843986998916573
ENSG00000126267,0.00028424242424242334
ENSG00000149485,0.0002831858407079636
ENSG00000122359,0.0002830188679245277
ENSG00000186174,0.0002822085889570539
ENSG00000100266,0.0002818805488297006
ENSG00000074657,0.00028070175438596484
ENSG00000168175,0.00028032786885245914
ENSG00000165246,0.00027976190476190483
ENSG00000188042,0.0002797434171579637
ENSG00000141756,0.00027950310559006285
ENSG00000064886,0.000279367011564211
ENSG00000081154,0.0002785299806576403
ENSG00000189223,0.0002777777777777779
ENSG00000011201,0.00027687102126690337
ENSG00000152223,0.0002768166089965404
ENSG00000182050,0.00027572866984631696
ENSG00000172638,0.00027530364372469645
ENSG00000169515,0.0002750929368029762
ENSG00000149633,0.000274509803921569
ENSG00000145012,0.0002738892270237369
ENSG00000197629,0.00027303754266211594
ENSG00000210196,0.00027238335435056756
ENSG00000198162,0.00027234042553191476
ENSG00000204054,0.00027118644067796604
ENSG00000091527,0.00027118644067796604
ENSG00000102805,0.000270670162488935
ENSG00000177239,0.0002703791823135276
ENSG00000125503,0.00027034482758620735
ENSG00000169398,0.00027034482758620665
ENSG00000092621,0.00027031189834424195
ENSG00000198420,0.00026976284584980144
ENSG00000112531,0.0002693711967545638
ENSG00000180357,0.00026923076923076797
ENSG00000117616,0.0002678571428571425
ENSG00000166503,0.00026666666666666527
ENSG00000165457,0.0002651933701657464
ENSG00000168079,0.00026505050505050567
ENSG00000116044,0.00026482758620689594
ENSG00000123572,0.0002648275862068959
ENSG00000187134,0.0002635159326888652
ENSG00000125124,0.0002634508348794041
ENSG00000041357,0.00026229508196721287
ENSG00000108465,0.00026203208556149754
ENSG00000180801,0.0002615384615384615
ENSG00000074201,0.0002614058956916099
ENSG00000169375,0.000261070465922218
ENSG00000095637,0.0002605516782984381
ENSG00000115107,0.00026055167829843807
ENSG00000134201,0.00026055167829843796
ENSG00000198792,0.000259259259259259
ENSG00000196367,0.00025891231964483895
ENSG00000070087,0.00025840853158326483
ENSG00000150753,0.0002581818181818184
ENSG00000178252,0.00025806451612903243
ENSG00000116539,0.00025568181818181815
ENSG00000023608,0.0002548531607765066
ENSG00000179271,0.00025454545454545467
ENSG00000080189,0.0002527075812274371
ENSG00000101966,0.00025217085862257643
ENSG00000185658,0.0002506773140804759
ENSG00000134874,0.00025060532687651256
ENSG00000120594,0.00025
ENSG00000167202,0.0002499999999999999
ENSG00000164402,0.00024999999999999973
ENSG00000107562,0.00024999999999999957
ENSG00000166326,0.0002488038277511956
ENSG00000129538,0.00024741824440619456
ENSG00000115268,0.0002473895218464738
ENSG00000282508,0.0002456140350877194
ENSG00000100422,0.00024501424501424516
ENSG00000244038,0.000244897959183674
ENSG00000165124,0.00024489795918367373
ENSG00000160789,0.000244318181818181
ENSG00000015676,0.0002441860465116261
ENSG00000152953,0.00024390243902438986
ENSG00000166794,0.0002423076923076925
ENSG00000150316,0.00024125874125873923
ENSG00000257923,0.0002407407407407414
ENSG00000123989,0.00024070175438596487
ENSG00000158828,0.00023999999999999995
ENSG00000049618,0.00023999999999999992
ENSG00000197226,0.00023999999999999936
ENSG00000106803,0.00023999999999999898
ENSG00000107331,0.00023981728207080337
ENSG00000145216,0.0002392821535393817
ENSG00000134013,0.00023728813559322067
ENSG00000153814,0.00023660714285714257
ENSG00000188846,0.00023655913978494687
ENSG00000213463,0.00023616236162361752
ENSG00000204590,0.00023578947368421046
ENSG00000138459,0.00023350735643094459
ENSG00000126545,0.0002331236897274626
ENSG00000123144,0.00023263549915030515
ENSG00000065054,0.00023214285714285738
ENSG00000113658,0.0002306410256410255
ENSG00000137801,0.00023007542930508713
ENSG00000090905,0.0002293178519593616
ENSG00000255717,0.00022764227642276382
ENSG00000135446,0.0002271805273833656
ENSG00000002549,0.0002269299023957406
ENSG00000172380,0.00022641509433962223
ENSG00000104133,0.0002251866028708133
ENSG00000120805,0.00022360248447205
ENSG00000153487,0.0002234971524994726
ENSG00000173915,0.00022227070101709333
ENSG00000161955,0.0002222222222222216
ENSG00000163785,0.00022159775190686473
ENSG00000130066,0.0002181818181818185
ENSG00000115419,0.00021818181818181832
ENSG00000142192,0.0002181818181818182
ENSG00000130429,0.0002181818181818181
ENSG00000101337,0.0002180648908804249
ENSG00000125107,0.00021759259259259312
ENSG00000198700,0.00021759259259259296
ENSG00000161999,0.00021759259259259274
ENSG00000050426,0.000217345872518287
ENSG00000134851,0.00021666666666666592
ENSG00000187595,0.00021646931015752312
ENSG00000285444,0.0002160587116064148
ENSG00000126461,0.00021511627906976738
ENSG00000167613,0.00021492537313432973
ENSG00000285410,0.00021449275362318766
ENSG00000099204,0.00021428571428571484
ENSG00000100441,0.0002138446538836529
ENSG00000157601,0.00021372912801484234
ENSG00000152377,0.00021341463414634182
ENSG00000196305,0.0002130947920569501
ENSG00000196924,0.00021296296296296303
ENSG00000175061,0.00021238938053097357
ENSG00000121057,0.00021183800623052944
ENSG00000111348,0.00021145374449339227
ENSG00000134324,0.00021126760563380286
ENSG00000116574,0.00021052631578947378
ENSG00000123838,0.00021052631578947332
ENSG00000127483,0.00021009880584348648
ENSG00000135930,0.00021000000000000006
ENSG00000056097,0.00020999999999999974
ENSG00000140464,0.0002099802371541492
ENSG00000166135,0.0002098468159229467
ENSG00000273709,0.0002087912087912088
ENSG00000164346,0.00020833333333333356
ENSG00000117151,0.00020833333333333253
ENSG00000117394,0.00020792099620649834
ENSG00000186660,0.00020656239655743143
ENSG00000174231,0.00020639834881320981
ENSG00000132199,0.00020639834881320827
ENSG00000152558,0.00020618556701030877
ENSG00000233927,0.00020602578268876488
ENSG00000159189,0.00020567458019687298
ENSG00000018510,0.00020338983050847455
ENSG00000142676,0.00020270270270270302
ENSG00000277791,0.00020228153892036977
ENSG00000175970,0.00020081632653061189
ENSG00000179604,0.00020037105751391488
ENSG00000164548,0.00019999999999999998
ENSG00000128606,0.000199867746734998
ENSG00000099817,0.00019955228653661668
ENSG00000259171,0.00019937205651491334
ENSG00000124357,0.00019831393014853522
ENSG00000185728,0.00019828106016289357
ENSG00000115904,0.00019815668202765005
ENSG00000125845,0.00019790696469585952
ENSG00000131504,0.00019743589743589763
ENSG00000110696,0.00019607843137254912
ENSG00000103264,0.00019607843137254912
ENSG00000100413,0.0001960784313725491
ENSG00000107625,0.00019607843137254907
ENSG00000088827,0.00019607843137254823
ENSG00000115806,0.00019571474256475864
ENSG00000013364,0.00019565217391304202
ENSG00000006652,0.00019525065963060557
ENSG00000066027,0.00019477401690409126
ENSG00000144566,0.00019473684210526382
ENSG00000144381,0.00019459459459459402
ENSG00000177683,0.0001940700808625341
ENSG00000117523,0.00019354838709677543
ENSG00000175334,0.0001935483870967741
ENSG00000139722,0.00019337016574585644
ENSG00000102359,0.00019230769230769212
ENSG00000241973,0.000192307692307692
ENSG00000140937,0.000192307692307692
ENSG00000154767,0.00019230769230769196
ENSG00000204525,0.0001921318723305541
ENSG00000197622,0.0001918976545842219
ENSG00000066468,0.00019187719859290077
ENSG00000183255,0.00019181585677749332
ENSG00000165476,0.00019101123595505572
ENSG00000034677,0.00019078947368421112
ENSG00000186566,0.00018890593047034745
ENSG00000186594,0.00018867924528301889
ENSG00000106682,0.00018867924528301867
ENSG00000113721,0.0001882160392798691
ENSG00000120063,0.0001877934272300466
ENSG00000179262,0.00018616483862090655
ENSG00000121413,0.00018575851393188848
ENSG00000117411,0.00018556701030927875
ENSG00000055211,0.0001851851851851856
ENSG00000197561,0.00018518518518518518
ENSG00000114850,0.00018474842767295674
ENSG00000164111,0.00018474842767295647
ENSG00000069011,0.00018474842767295633
ENSG00000111229,0.00018474842767295574
ENSG00000163220,0.00018436365227282662
ENSG00000114978,0.00018333333333333355
ENSG00000119630,0.00018320610687022867
ENSG00000163191,0.00018290406868234422
ENSG00000174695,0.000181818181818182
ENSG00000064666,0.0001818181818181819
ENSG00000179950,0.00018181818181818178
ENSG00000137642,0.00018181818181818178
ENSG00000136280,0.00018181818181818162
ENSG00000156052,0.00018181818181818137
ENSG00000148484,0.0001818181818181812
ENSG00000169230,0.00018181818181818118
ENSG00000169992,0.00018140589569160985
ENSG00000170271,0.00018099547511312225
ENSG00000184887,0.00018058690744921014
ENSG00000095564,0.00018003273322422182
ENSG00000147044,0.00017857142857142873
ENSG00000132842,0.0001785714285714286
ENSG00000159388,0.00017831325301204722
ENSG00000079739,0.00017788461538461534
ENSG00000178764,0.0001777777777777783
ENSG00000177674,0.00017777777777777779
ENSG00000276409,0.00017762660619803473
ENSG00000119537,0.00017680250783699063
ENSG00000147853,0.00017543859649122792
ENSG00000132963,0.00017543859649122787
ENSG00000142208,0.00017507002801120424
ENSG00000102595,0.00017507002801120383
ENSG00000115464,0.00017494407158836554
ENSG00000266524,0.0001746478873239422
ENSG00000177628,0.00017454545454545446
ENSG00000054523,0.00017363344051446908
ENSG00000145425,0.00017361111111111123
ENSG00000113583,0.00017021276595744693
ENSG00000156508,0.0001691607026675353
ENSG00000206190,0.00016806722689075617
ENSG00000073849,0.00016736401673640196
ENSG00000196371,0.00016705336426914142
ENSG00000101161,0.00016666666666666674
ENSG00000132300,0.00016666666666666593
ENSG00000266074,0.00016590761223162024
ENSG00000146278,0.00016590761223161986
ENSG00000243678,0.00016470588235294127
ENSG00000274049,0.00016436688311688332
ENSG00000086544,0.00016414686825053893
ENSG00000138722,0.00016400288523594423
ENSG00000033122,0.00016393442622950825
ENSG00000103145,0.0001634615384615384
ENSG00000169919,0.00016326530612244893
ENSG00000163848,0.00016326530612244887
ENSG00000157916,0.0001628787878787878
ENSG00000109265,0.0001608579088471858
ENSG00000096968,0.0001600357089718792
ENSG00000156256,0.00016000000000000026
ENSG00000171862,0.0001600000000000001
ENSG00000148926,0.00016000000000000004
ENSG00000186564,0.00015999999999999988
ENSG00000124614,0.0001568627450980392
ENSG00000162599,0.00015686274509803917
ENSG00000157554,0.00015686274509803868
ENSG00000127083,0.00015686274509803854
ENSG00000112245,0.0001568456278190016
ENSG00000143149,0.0001554404145077723
ENSG00000189129,0.00015538847117794446
ENSG00000259605,0.00015535444947209647
ENSG00000182379,0.00015533980582524293
ENSG00000149932,0.00015533980582524274
ENSG00000186716,0.00015444015444015445
ENSG00000127954,0.00015384615384615447
ENSG00000177565,0.00015384615384615407
ENSG00000138448,0.00015384615384615404
ENSG00000171298,0.00015384615384615401
ENSG00000138061,0.0001538461538461538
ENSG00000101972,0.00015384615384615366
ENSG00000147650,0.0001538461538461535
ENSG00000113657,0.00015384615384615328
ENSG00000101182,0.00015384615384615312
ENSG00000084754,0.0001537232735315801
ENSG00000154582,0.0001519507186858318
ENSG00000181090,0.0001509433962264159
ENSG00000174373,0.0001509433962264155
ENSG00000164035,0.0001509433962264152
ENSG00000171408,0.00015094339622641505
ENSG00000110274,0.00015094339622641502
ENSG00000020577,0.00015094339622641494
ENSG00000124216,0.00015094339622641478
ENSG00000187555,0.00015064102564102546
ENSG00000135164,0.000150375939849624
ENSG00000147274,0.00015037593984962386
ENSG00000135535,0.00014999999999999912
ENSG00000213465,0.0001499348109517603
ENSG00000147459,0.0001486988847583646
ENSG00000158109,0.0001481481481481481
ENSG00000160075,0.00014814814814814777
ENSG00000010322,0.00014814814814814763
ENSG00000008513,0.00014786291875240617
ENSG00000117868,0.0001478629187524058
ENSG00000210082,0.00014743589743589756
ENSG00000067445,0.00014545454545454622
ENSG00000171858,0.00014545454545454524
ENSG00000139218,0.0001454545454545448
ENSG00000120889,0.0001452991452991452
ENSG00000114698,0.00014285714285714298
ENSG00000164576,0.00014285714285714298
ENSG00000003137,0.0001428571428571429
ENSG00000173905,0.0001428571428571428
ENSG00000198355,0.00014285714285714254
ENSG00000205358,0.0001406844106463875
ENSG00000107651,0.0001403508771929825
ENSG00000280071,0.00014
ENSG00000102854,0.00013925925925925957
ENSG00000161016,0.00013725490196078434
ENSG00000163660,0.00013725490196078423
ENSG00000204257,0.00013698630136986303
ENSG00000100994,0.00013637336758724048
ENSG00000136869,0.00013636363636363537
ENSG00000128052,0.00013483146067415724
ENSG00000211456,0.0001336302895322941
ENSG00000253352,0.00013333333333333307
ENSG00000154723,0.00013333333333333274
ENSG00000146223,0.00013312788906009256
ENSG00000049239,0.0001304347826086949
ENSG00000129562,0.00012987012987012976
ENSG00000149136,0.00012765957446808518
ENSG00000103335,0.00012744343543173814
ENSG00000175215,0.00012711864406779675
ENSG00000090530,0.00012681159420289758
ENSG00000135218,0.00012607709750566887
ENSG00000205726,0.00012545454545454557
ENSG00000188338,0.00012510638297872273
ENSG00000110077,0.00012500000000000027
ENSG00000258818,0.0001250000000000002
ENSG00000196666,0.000125
ENSG00000112159,0.00012499999999999995
ENSG00000182195,0.00012499999999999992
ENSG00000054267,0.0001249999999999999
ENSG00000111962,0.00012499999999999935
ENSG00000116132,0.00012475822050290143
ENSG00000125691,0.0001224489795918371
ENSG00000139990,0.00012244897959183695
ENSG00000171566,0.00012244897959183695
ENSG00000184828,0.00012244897959183686
ENSG00000148396,0.00012173913043478231
ENSG00000127922,0.0001216666666666661
ENSG00000160408,0.00012151898734177237
ENSG00000012660,0.00012138728323699437
ENSG00000110092,0.00012000000000000025
ENSG00000120727,0.00012000000000000022
ENSG00000253738,0.0001199999999999999
ENSG00000178209,0.00011999999999999988
ENSG00000173821,0.00011999999999999988
ENSG00000137818,0.00011999999999999984
ENSG00000132823,0.00011999999999999983
ENSG00000005483,0.00011999999999999954
ENSG00000164828,0.00011999999999999896
ENSG00000162604,0.0001197870452528835
ENSG00000241468,0.0001188118811881189
ENSG00000161202,0.00011822660098522184
ENSG00000215021,0.00011764705882353008
ENSG00000142534,0.00011764705882352975
ENSG00000084636,0.00011764705882352946
ENSG00000104969,0.00011764705882352944
ENSG00000128951,0.00011764705882352925
ENSG00000165269,0.00011764705882352923
ENSG00000125356,0.0001176470588235288
ENSG00000173757,0.00011745576279292203
ENSG00000118200,0.00011744680851063828
ENSG00000167491,0.0001167883211678835
ENSG00000146067,0.00011650485436893203
ENSG00000115825,0.00011627906976744202
ENSG00000079819,0.00011627906976744093
ENSG00000125144,0.00011538461538461573
ENSG00000169733,0.00011538461538461544
ENSG00000179010,0.00011538461538461542
ENSG00000134001,0.00011538461538461542
ENSG00000168453,0.00011538461538461541
ENSG00000172260,0.00011538461538461541
ENSG00000135931,0.00011538461538461538
ENSG00000008405,0.00011538461538461538
ENSG00000161956,0.00011538461538461534
ENSG00000128185,0.00011538461538461519
ENSG00000179776,0.00011538461538461435
ENSG00000124155,0.0001151960784313737
ENSG00000175866,0.00011489361702127614
ENSG00000168000,0.0001145584725536992
ENSG00000115091,0.00011428571428571431
ENSG00000075415,0.00011320754716981143
ENSG00000126432,0.00011320754716981132
ENSG00000165757,0.00011320754716981104
ENSG00000169223,0.00011320754716981097
ENSG00000182899,0.00011263736263736287
ENSG00000178988,0.00011194029850746253
ENSG00000274012,0.00011122956645344711
ENSG00000116514,0.0001111859838274932
ENSG00000177879,0.00011111111111111018
ENSG00000143727,0.00010909090909090915
ENSG00000151414,0.00010909090909090904
ENSG00000106266,0.00010909090909090902
ENSG00000134108,0.000109090909090909
ENSG00000133131,0.00010861293670010322
ENSG00000123200,0.00010714285714285703
ENSG00000136536,0.00010714285714285669
ENSG00000143947,0.00010714285714285665
ENSG00000076201,0.00010526315789473698
ENSG00000114353,0.00010526315789473675
ENSG00000134871,0.00010256410256410256
ENSG00000109158,0.00010084033613445376
ENSG00000149532,0.00010000000000000006
ENSG00000124767,9.999999999999999e-05
ENSG00000172232,9.836065573770487e-05
ENSG00000038219,9.4890510948905e-05
ENSG00000143418,9.37500000000002e-05
ENSG00000152767,9.374999999999999e-05
ENSG00000144908,9.374999999999991e-05
ENSG00000173230,9.090909090909094e-05
ENSG00000103429,9.039548022598869e-05
ENSG00000143442,8.888888888888895e-05
ENSG00000111328,8.823529411764725e-05
ENSG00000087074,8.695652173913051e-05
ENSG00000189060,8.695652173912978e-05
ENSG00000175264,8.514492753623166e-05
ENSG00000126603,8.51063829787238e-05
ENSG00000149212,8.510638297872341e-05
ENSG00000281649,8.510638297872341e-05
ENSG00000162298,8.510638297872334e-05
ENSG00000125971,8.510638297872304e-05
ENSG00000198899,8.510638297872249e-05
ENSG00000146833,8.450704225352111e-05
ENSG00000112320,8.45070422535211e-05
ENSG00000181163,8.391608391608388e-05
ENSG00000118873,8.333333333333345e-05
ENSG00000164626,8.333333333333345e-05
ENSG00000107736,8.333333333333341e-05
ENSG00000110079,8.33333333333334e-05
ENSG00000175274,8.333333333333338e-05
ENSG00000107679,8.333333333333338e-05
ENSG00000162191,8.333333333333337e-05
ENSG00000112378,8.333333333333336e-05
ENSG00000074935,8.321513002364065e-05
ENSG00000055208,8.29015544041444e-05
ENSG00000180616,8.264462809917378e-05
ENSG00000132155,8.264462809917332e-05
ENSG00000186432,8.24742268041237e-05
ENSG00000204389,8.163265306122463e-05
ENSG00000158195,8.163265306122452e-05
ENSG00000132912,8.163265306122444e-05
ENSG00000162433,8.163265306122442e-05
ENSG00000126785,8.163265306122438e-05
ENSG00000143537,8.163265306122437e-05
ENSG00000072310,8.163265306122387e-05
ENSG00000198680,8.163265306122381e-05
ENSG00000065978,8.163265306122362e-05
ENSG00000103811,8.152173913043525e-05
ENSG00000185359,8.152173913043505e-05
ENSG00000213088,8.121827411167529e-05
ENSG00000104341,8.101472995090016e-05
ENSG00000237424,8.000000000000097e-05
ENSG00000140694,8.00000000000004e-05
ENSG00000132334,8.00000000000003e-05
ENSG00000109610,8.000000000000021e-05
ENSG00000138028,8.000000000000017e-05
ENSG00000205302,8.000000000000002e-05
ENSG00000131871,8.000000000000002e-05
ENSG00000122756,8e-05
ENSG00000164944,8e-05
ENSG00000281344,8e-05
ENSG00000172115,7.999999999999999e-05
ENSG00000127507,7.999999999999998e-05
ENSG00000145794,7.999999999999997e-05
ENSG00000137207,7.999999999999994e-05
ENSG00000140521,7.99999999999998e-05
ENSG00000198198,7.99999999999998e-05
ENSG00000145349,7.999999999999975e-05
ENSG00000175387,7.999999999999963e-05
ENSG00000119383,7.960199004975146e-05
ENSG00000089063,7.954545454545378e-05
ENSG00000089157,7.936507936507954e-05
ENSG00000104979,7.936507936507935e-05
ENSG00000082805,7.920792079207918e-05
ENSG00000142230,7.909604519774042e-05
ENSG00000183054,7.843137254901969e-05
ENSG00000101150,7.843137254901964e-05
ENSG00000135862,7.843137254901961e-05
ENSG00000149823,7.843137254901961e-05
ENSG00000034510,7.84313725490196e-05
ENSG00000105698,7.84313725490196e-05
ENSG00000008441,7.84313725490196e-05
ENSG00000143401,7.843137254901958e-05
ENSG00000055955,7.843137254901958e-05
ENSG00000117748,7.843137254901958e-05
ENSG00000124486,7.843137254901957e-05
ENSG00000228253,7.843137254901956e-05
ENSG00000067113,7.843137254901952e-05
ENSG00000165521,7.843137254901942e-05
ENSG00000116962,7.843137254901923e-05
ENSG00000136003,7.799442896935922e-05
ENSG00000100034,7.799442896935922e-05
ENSG00000084463,7.743714326543967e-05
ENSG00000120451,7.722007722007759e-05
ENSG00000103194,7.692307692307713e-05
ENSG00000160058,7.692307692307709e-05
ENSG00000116604,7.692307692307706e-05
ENSG00000104613,7.692307692307705e-05
ENSG00000182196,7.692307692307705e-05
ENSG00000214717,7.692307692307703e-05
ENSG00000177706,7.692307692307703e-05
ENSG00000242485,7.692307692307702e-05
ENSG00000115239,7.69230769230769e-05
ENSG00000187079,7.692307692307684e-05
ENSG00000162368,7.692307692307679e-05
ENSG00000087077,7.692307692307676e-05
ENSG00000143158,7.692307692307664e-05
ENSG00000105323,7.692307692307655e-05
ENSG00000148346,7.692307692307649e-05
ENSG00000067182,7.692307692307611e-05
ENSG00000214940,7.683073229291758e-05
ENSG00000102189,7.643312101910849e-05
ENSG00000134318,7.547169811320828e-05
ENSG00000100292,7.547169811320758e-05
ENSG00000162734,7.547169811320752e-05
ENSG00000164405,7.547169811320672e-05
ENSG00000126705,7.407407407407368e-05
ENSG00000126883,7.407407407407367e-05
ENSG00000134153,7.407407407407365e-05
ENSG00000132294,7.407407407407356e-05
ENSG00000153774,7.352941176470536e-05
ENSG00000184347,7.317073170731712e-05
ENSG00000105372,7.306158482754441e-05
ENSG00000133466,7.27272727272738e-05
ENSG00000096746,7.272727272727284e-05
ENSG00000113013,7.272727272727281e-05
ENSG00000126773,7.272727272727277e-05
ENSG00000141580,7.272727272727271e-05
ENSG00000125304,7.142857142857177e-05
ENSG00000164924,7.142857142857147e-05
ENSG00000106538,7.142857142857146e-05
ENSG00000105856,7.142857142857142e-05
ENSG00000113648,7.14285714285714e-05
ENSG00000063046,7.142857142857138e-05
ENSG00000184840,7.065435568044929e-05
ENSG00000165238,7.017543859649103e-05
ENSG00000134759,7.017543859649075e-05
ENSG00000076108,6.666666666666723e-05
ENSG00000134198,6.666666666666671e-05
ENSG00000125743,6.557377049180328e-05
ENSG00000114166,6.349206349206368e-05
ENSG00000153902,5.970149253731352e-05
ENSG00000132341,4.74934036939314e-05
ENSG00000196504,4.6511627906976735e-05
ENSG00000010610,4.629629629629593e-05
ENSG00000142669,4.5454545454545885e-05
ENSG00000171703,4.5454545454544876e-05
ENSG00000126945,4.530744336569589e-05
ENSG00000086232,4.524886877828021e-05
ENSG00000135926,4.444444444444645e-05
ENSG00000196739,4.444444444444453e-05
ENSG00000105974,4.44444444444445e-05
ENSG00000108061,4.4444444444444494e-05
ENSG00000140939,4.444444444444409e-05
ENSG00000117691,4.4397463002113186e-05
ENSG00000163145,4.432132963988899e-05
ENSG00000154380,4.432132963988851e-05
ENSG00000154978,4.43037974683543e-05
ENSG00000158290,4.422604422604439e-05
ENSG00000160991,4.4226044226044146e-05
ENSG00000259494,4.4198895027624375e-05
ENSG00000198856,4.416403785488945e-05
ENSG00000006042,4.395604395604462e-05
ENSG00000109046,4.3668122270742375e-05
ENSG00000273018,4.347826086956707e-05
ENSG00000113594,4.3478260869565884e-05
ENSG00000086061,4.3478260869565844e-05
ENSG00000071537,4.347826086956563e-05
ENSG00000116649,4.347826086956524e-05
ENSG00000151914,4.347826086956523e-05
ENSG00000159459,4.347826086956523e-05
ENSG00000164161,4.3478260869565214e-05
ENSG00000254692,4.347826086956521e-05
ENSG00000092758,4.347826086956519e-05
ENSG00000136828,4.3478260869565186e-05
ENSG00000170088,4.347826086956455e-05
ENSG00000134533,4.3478260869564224e-05
ENSG00000273554,4.3383947939262426e-05
ENSG00000096696,4.3373493975903963e-05
ENSG00000172493,4.3373493975903625e-05
ENSG00000132432,4.3343653250774744e-05
ENSG00000134853,4.255319148936235e-05
ENSG00000127511,4.255319148936205e-05
ENSG00000099995,4.2553191489361786e-05
ENSG00000214248,4.255319148936178e-05
ENSG00000039523,4.255319148936177e-05
ENSG00000126777,4.255319148936175e-05
ENSG00000054965,4.255319148936175e-05
ENSG00000050130,4.2553191489361745e-05
ENSG00000101752,4.2553191489361745e-05
ENSG00000198832,4.2553191489361745e-05
ENSG00000198585,4.255319148936174e-05
ENSG00000189306,4.255319148936174e-05
ENSG00000166925,4.2553191489361704e-05
ENSG00000160271,4.255319148936139e-05
ENSG00000169567,4.244031830238736e-05
ENSG00000184277,4.242424242424204e-05
ENSG00000124785,4.240282685512372e-05
ENSG00000166436,4.2372881355932084e-05
ENSG00000170653,4.237288135593208e-05
ENSG00000071967,4.166666666666747e-05
ENSG00000008282,4.1666666666667234e-05
ENSG00000272752,4.1666666666667214e-05
ENSG00000118363,4.166666666666706e-05
ENSG00000146574,4.166666666666705e-05
ENSG00000103196,4.1666666666666984e-05
ENSG00000128016,4.1666666666666936e-05
ENSG00000185222,4.166666666666671e-05
ENSG00000264364,4.1666666666666706e-05
ENSG00000140988,4.16666666666667e-05
ENSG00000155463,4.166666666666669e-05
ENSG00000169564,4.166666666666669e-05
ENSG00000152492,4.166666666666667e-05
ENSG00000213585,4.1666666666666455e-05
ENSG00000164031,4.1666666666666394e-05
ENSG00000170921,4.166666666666637e-05
ENSG00000081189,4.166666666666635e-05
ENSG00000204256,4.15430267062314e-05
ENSG00000069849,4.1379310344827587e-05
ENSG00000115944,4.137931034482741e-05
ENSG00000204843,4.1332388377037544e-05
ENSG00000163710,4.1237113402062234e-05
ENSG00000196547,4.08163265306125e-05
ENSG00000076043,4.081632653061241e-05
ENSG00000197635,4.0816326530612394e-05
ENSG00000103275,4.0816326530612394e-05
ENSG00000156076,4.0816326530612394e-05
ENSG00000129009,4.0816326530612394e-05
ENSG00000073464,4.0816326530612394e-05
ENSG00000230606,4.081632653061239e-05
ENSG00000188001,4.081632653061238e-05
ENSG00000105516,4.0816326530612353e-05
ENSG00000145423,4.081632653061218e-05
ENSG00000138594,4.081632653061215e-05
ENSG00000103550,4.081632653061215e-05
ENSG00000166986,4.081632653061215e-05
ENSG00000126261,4.081632653061214e-05
ENSG00000106638,4.081632653061205e-05
ENSG00000141367,4.081632653061187e-05
ENSG00000138430,4.05797101449273e-05
ENSG00000204569,4.0485829959513594e-05
ENSG00000182768,4.0000000000000376e-05
ENSG00000092607,4.0000000000000295e-05
ENSG00000134419,4.00000000000002e-05
ENSG00000162607,4.0000000000000146e-05
ENSG00000147655,4.000000000000012e-05
ENSG00000096433,4.000000000000007e-05
ENSG00000086758,4.000000000000007e-05
ENSG00000114541,4.000000000000007e-05
ENSG00000126458,4.000000000000007e-05
ENSG00000078114,4.0000000000000064e-05
ENSG00000138744,4.0000000000000064e-05
ENSG00000107779,4.000000000000006e-05
ENSG00000127418,4.000000000000006e-05
ENSG00000072501,4.000000000000006e-05
ENSG00000159140,4.000000000000006e-05
ENSG00000163320,4.0000000000000044e-05
ENSG00000150961,3.9999999999999956e-05
ENSG00000102580,3.999999999999951e-05
ENSG00000183196,3.9886039886039896e-05
ENSG00000154734,3.988603988603988e-05
ENSG00000117505,3.973509933774827e-05
ENSG00000131711,3.921568627451075e-05
ENSG00000138834,3.92156862745102e-05
ENSG00000113070,3.921568627451007e-05
ENSG00000178573,3.92156862745098e-05
ENSG00000157593,3.921568627450977e-05
ENSG00000166557,3.921568627450977e-05
ENSG00000059122,3.9215686274509764e-05
ENSG00000166508,3.921568627450976e-05
ENSG00000143569,3.921568627450975e-05
ENSG00000189403,3.921568627450966e-05
ENSG00000070010,3.921568627450952e-05
ENSG00000134186,3.911980440097789e-05
ENSG00000185033,3.908794788273619e-05
ENSG00000068885,3.846153846153878e-05
ENSG00000170871,3.846153846153876e-05
ENSG00000146963,3.846153846153876e-05
ENSG00000150687,3.846153846153849e-05
ENSG00000138326,3.846153846153843e-05
ENSG00000152818,3.846153846153842e-05
ENSG00000117984,3.8461538461538415e-05
ENSG00000172869,3.846153846153835e-05
ENSG00000113282,3.827751196172326e-05
ENSG00000106028,3.773584905660447e-05
ENSG00000248905,3.7735849056604176e-05
ENSG00000188763,3.7735849056603755e-05
ENSG00000101347,3.773584905660375e-05
ENSG00000170381,3.773584905660369e-05
ENSG00000123338,3.773584905660364e-05
ENSG00000158301,3.7735849056603633e-05
ENSG00000211460,3.773584905660298e-05
ENSG00000132780,3.70370370370371e-05
ENSG00000213015,3.703703703703709e-05
ENSG00000136699,3.7037037037037084e-05
ENSG00000164258,3.6866359447004966e-05
ENSG00000257103,3.636363636363642e-05
ENSG00000113387,3.636363636363638e-05
ENSG00000275023,3.636363636363636e-05
ENSG00000163823,3.5714285714285724e-05
ENSG00000162551,3.5714285714285703e-05
ENSG00000141551,3.508771929824561e-05
ENSG00000156515,3.5087719298245605e-05
ENSG00000102119,3.0094130497286156e-18
ENSG00000104164,2.590520390792031e-18
ENSG00000162736,2.4286128663675305e-18
ENSG00000179335,2.1259589833247682e-18
ENSG00000094916,2.0747292772682604e-18
ENSG00000101266,2.0298228506825964e-18
ENSG00000159403,1.9653309712513403e-18
ENSG00000239779,1.93555863161065e-18
ENSG00000087502,1.838273123465885e-18
ENSG00000143614,1.831867990631508e-18
ENSG00000157404,1.8117894891223276e-18
ENSG00000188536,1.734723475976808e-18
ENSG00000163913,1.6653345369377315e-18
ENSG00000075151,1.6157288273268226e-18
ENSG00000148737,1.5238116019305716e-18
ENSG00000075711,1.4663322966747353e-18
ENSG00000196154,1.4634996655578882e-18
ENSG00000235750,1.4362034020682867e-18
ENSG00000106105,1.3825418797218929e-18
ENSG00000133104,1.1463698207757425e-18
ENSG00000128050,1.1338447911065424e-18
ENSG00000180304,1.1173095545695723e-18
ENSG00000164713,1.1165073058966189e-18
ENSG00000182670,1.1076411106143995e-18
ENSG00000099377,1.0829911391154819e-18
ENSG00000076067,1.0808963786916614e-18
ENSG00000173517,1.0523989087592626e-18
ENSG00000136238,1.0204603119958877e-18
ENSG00000094963,1.0047124676749638e-18
ENSG00000198692,9.066821367772103e-19
ENSG00000257315,8.905405963482632e-19
ENSG00000185561,8.797993780048404e-19
ENSG00000117592,8.650487733537681e-19
ENSG00000039560,8.53483950180589e-19
ENSG00000106819,8.127670444425671e-19
ENSG00000028137,7.729665963899674e-19
ENSG00000163520,7.729665963899674e-19
ENSG00000035928,7.719922892160969e-19
ENSG00000197442,7.668284611945847e-19
ENSG00000162733,7.61295788314393e-19
ENSG00000152661,7.558965274043616e-19
ENSG00000147669,7.558965274043612e-19
ENSG00000049246,7.37355669185009e-19
ENSG00000112473,7.229359230117296e-19
ENSG00000050405,7.228260543304204e-19
ENSG00000135631,7.216449660063513e-19
ENSG00000081760,7.015664644971728e-19
ENSG00000123500,6.938893903907226e-19
ENSG00000198242,6.661338147750941e-19
ENSG00000140807,6.66133814775094e-19
ENSG00000165280,6.661338147750934e-19
ENSG00000115084,6.661338147750934e-19
ENSG00000083896,6.575936376625925e-19
ENSG00000215386,6.522560269672793e-19
ENSG00000171385,6.253501118296797e-19
ENSG00000116237,6.245004513516511e-19
ENSG00000148337,6.2259565694665635e-19
ENSG00000112697,6.106226635438359e-19
ENSG00000136205,5.783487384093838e-19
ENSG00000133961,5.716467488495482e-19
ENSG00000167325,5.433006290718847e-19
ENSG00000169871,5.412337245047637e-19
ENSG00000135048,5.412337245047636e-19
ENSG00000134352,5.2912756918305295e-19
ENSG00000107816,5.241285441835038e-19
ENSG00000174306,5.228305711074447e-19
ENSG00000198604,5.125923326460826e-19
ENSG00000101199,5.124106267500723e-19
ENSG00000087116,5.102301559979443e-19
ENSG00000103549,4.741577501003272e-19
ENSG00000174807,4.706380213084904e-19
ENSG00000143570,4.69531820831056e-19
ENSG00000128245,4.647445219361117e-19
ENSG00000103035,4.615293082623399e-19
ENSG00000173273,4.561568514220752e-19
ENSG00000132383,4.535379164426167e-19
ENSG00000100330,4.529709940470638e-19
ENSG00000182220,4.529709940470633e-19
ENSG00000198961,4.44089209850063e-19
ENSG00000065135,4.44089209850063e-19
ENSG00000203667,4.440892098500629e-19
ENSG00000173207,4.440892098500629e-19
ENSG00000108523,4.440892098500628e-19
ENSG00000107758,4.440892098500628e-19
ENSG00000272980,4.440892098500628e-19
ENSG00000213719,4.440892098500628e-19
ENSG00000109861,4.440892098500628e-19
ENSG00000166454,4.440892098500628e-19
ENSG00000131386,4.440892098500628e-19
ENSG00000153234,4.440892098500628e-19
ENSG00000100711,4.440892098500628e-19
ENSG00000141696,4.440892098500627e-19
ENSG00000153147,4.440892098500627e-19
ENSG00000120708,4.440892098500627e-19
ENSG00000069399,4.440892098500626e-19
ENSG00000164754,4.440892098500626e-19
ENSG00000127920,4.440892098500626e-19
ENSG00000159348,4.440892098500626e-19
ENSG00000126709,4.440892098500625e-19
ENSG00000070614,4.440892098500625e-19
ENSG00000071189,4.440892098500625e-19
ENSG00000072274,4.440892098500625e-19
ENSG00000198728,4.440892098500625e-19
ENSG00000135090,4.440892098500624e-19
ENSG00000088986,4.440892098500624e-19
ENSG00000085721,4.440892098500624e-19
ENSG00000129038,4.440892098500624e-19
ENSG00000179632,4.440892098500624e-19
ENSG00000196961,4.440892098500624e-19
ENSG00000114331,4.440892098500624e-19
ENSG00000198898,4.440892098500623e-19
ENSG00000072201,4.440892098500622e-19
ENSG00000115866,4.440892098500622e-19
ENSG00000173918,4.440892098500622e-19
ENSG00000106333,4.440892098500622e-19
ENSG00000139437,4.440892098500621e-19
ENSG00000165813,4.440892098500621e-19
ENSG00000125398,4.389253818285501e-19
ENSG00000104960,4.3021142204224825e-19
ENSG00000185989,4.299161499612306e-19
ENSG00000072195,3.9650822308041304e-19
ENSG00000107854,3.9650822308041294e-19
ENSG00000115808,3.955169525227122e-19
ENSG00000060656,3.9263985017231186e-19
ENSG00000213741,3.700743415417187e-19
ENSG00000065526,3.6867783459250466e-19
ENSG00000094975,3.6867783459250456e-19
ENSG00000136213,3.684995571096264e-19
ENSG00000065534,3.668563037891825e-19
ENSG00000152527,3.657205257588747e-19
ENSG00000120733,3.6377520381334897e-19
ENSG00000136868,3.637752038133488e-19
ENSG00000135636,3.629575272813004e-19
ENSG00000173198,3.614679615058651e-19
ENSG00000162694,3.5388358909926896e-19
ENSG00000116786,3.5388358909926867e-19
ENSG00000065000,3.538835890992685e-19
ENSG00000136770,3.538835890992685e-19
ENSG00000170955,3.5388358909926805e-19
ENSG00000130638,3.5114030546284007e-19
ENSG00000181929,3.4892723631076355e-19
ENSG00000172037,3.4694469519536153e-19
ENSG00000164308,3.425156139801012e-19
ENSG00000189077,3.3935118865901e-19
ENSG00000278962,3.375077994860476e-19
ENSG00000091542,3.33066907387547e-19
ENSG00000146701,3.3306690738754673e-19
ENSG00000078295,3.304849933767908e-19
ENSG00000164039,3.304849933767905e-19
ENSG00000172216,3.2452673027504577e-19
ENSG00000173442,3.238150488490042e-19
ENSG00000108848,3.1720657846433044e-19
ENSG00000184787,3.1225022567582536e-19
ENSG00000127022,3.1180731755429908e-19
ENSG00000110619,3.1180731755429893e-19
ENSG00000185721,3.0982968129074127e-19
ENSG00000108671,3.047207876098833e-19
ENSG00000136717,3.047207876098833e-19
ENSG00000113971,3.0472078760988325e-19
ENSG00000169926,3.0346096006420964e-19
ENSG00000141985,3.032804359951648e-19
ENSG00000146674,2.96059473233375e-19
ENSG00000129187,2.938825653419532e-19
ENSG00000198363,2.914335439641036e-19
ENSG00000134762,2.9067657372004064e-19
ENSG00000075420,2.8823097754691573e-19
ENSG00000140941,2.8823097754691564e-19
ENSG00000138162,2.854859206178976e-19
ENSG00000148908,2.854859206178975e-19
ENSG00000231500,2.8548592061789743e-19
ENSG00000109686,2.711009711293985e-19
ENSG00000125970,2.6830389761774613e-19
ENSG00000197969,2.6122894697062514e-19
ENSG00000090621,2.590520390792033e-19
ENSG00000244879,2.590520390792032e-19
ENSG00000124491,2.59052039079203e-19
ENSG00000003056,2.55115077998972e-19
ENSG00000050165,2.4868995751603485e-19
ENSG00000140948,2.4786374503259302e-19
ENSG00000174903,2.3169871818264183e-19
ENSG00000112308,2.312964634635744e-19
ENSG00000169184,2.312964634635744e-19
ENSG00000115762,2.3129646346357437e-19
ENSG00000099795,2.3129646346357437e-19
ENSG00000284874,2.312964634635743e-19
ENSG00000272084,2.3129646346357423e-19
ENSG00000178904,2.3129646346357423e-19
ENSG00000137331,2.3129646346357423e-19
ENSG00000272391,2.312964634635742e-19
ENSG00000243147,2.312964634635742e-19
ENSG00000172602,2.3129646346357413e-19
ENSG00000140931,2.3110765002401207e-19
ENSG00000102313,2.2898349882893855e-19
ENSG00000128849,2.2676895822130856e-19
ENSG00000166173,2.264854970235317e-19
ENSG00000136383,2.243103661997766e-19
ENSG00000162804,2.220446049250313e-19
ENSG00000105640,2.220446049250313e-19
ENSG00000104219,2.220446049250312e-19
ENSG00000170145,2.2204460492503117e-19
ENSG00000124749,2.1968242827689255e-19
ENSG00000139926,2.177745163687806e-19
ENSG00000196159,2.1732025162875387e-19
ENSG00000183741,2.1732025162875387e-19
ENSG00000141503,2.1732025162875387e-19
ENSG00000134308,2.1732025162875387e-19
ENSG00000106153,2.1366556322974697e-19
ENSG00000082497,2.1366556322974697e-19
ENSG00000168734,2.125958983324767e-19
ENSG00000163602,2.0816681711721692e-19
ENSG00000163762,2.0816681711721692e-19
ENSG00000155304,2.0816681711721682e-19
ENSG00000189266,2.0354088784794536e-19
ENSG00000242616,2.0078501509178344e-19
ENSG00000161544,1.9133630849922924e-19
ENSG00000071859,1.8897413185109047e-19
ENSG00000115365,1.8897413185109033e-19
ENSG00000185532,1.8897413185109026e-19
ENSG00000197448,1.8413455042563571e-19
ENSG00000172661,1.8188760190667458e-19
ENSG00000198786,1.77635683940025e-19
ENSG00000126860,1.7377403863698118e-19
ENSG00000106571,1.7293858652814938e-19
ENSG00000183010,1.700767186659815e-19
ENSG00000118855,1.6894698200817602e-19
ENSG00000146247,1.6894698200817597e-19
ENSG00000223953,1.6129655263422075e-19
ENSG00000173706,1.5673736818237503e-19
ENSG00000167797,1.5117930548087222e-19
ENSG00000054938,1.511793054808722e-19
ENSG00000164659,1.4954024413318422e-19
ENSG00000104529,1.4571677198205188e-19
ENSG00000173705,1.4571677198205176e-19
ENSG00000129968,1.3825418797218915e-19
ENSG00000135842,1.3810091281922684e-19
ENSG00000174348,1.351575856065409e-19
ENSG00000166068,1.351575856065408e-19
ENSG00000124225,1.303305289777358e-19
ENSG00000151692,1.2688263138573223e-19
ENSG00000105612,1.2434497875801743e-19
ENSG00000099783,1.1914588556952903e-19
ENSG00000170540,1.1338447911065423e-19
ENSG00000140740,1.133844791106542e-19
ENSG00000121691,1.133844791106542e-19
ENSG00000090382,1.1102230246251563e-19
ENSG00000142875,1.110223024625156e-19
ENSG00000112210,1.0449157878825005e-19
ENSG00000114861,9.714451465470121e-20
ENSG00000088367,9.516197353929913e-20
ENSG00000157259,9.325873406851323e-20
ENSG00000125844,9.325873406851318e-20
ENSG00000167792,9.325873406851308e-20
ENSG00000225663,9.251858538542969e-20
ENSG00000105429,8.88178419700125e-20
ENSG00000163655,8.688701931849058e-20
ENSG00000166233,8.688701931849052e-20
ENSG00000108557,8.447349100408804e-20
ENSG00000143621,8.447349100408804e-20
ENSG00000167635,8.447349100408798e-20
ENSG00000006327,8.379041695284193e-20
ENSG00000183853,8.326672684688671e-20
ENSG00000173744,7.240584943207544e-20
ENSG00000120616,5.905441620346574e-20
ENSG00000189043,5.792467954566031e-20
ENSG00000168172,5.55111512312578e-20
ENSG00000142627,4.344350965924527e-20
ENSG00000055070,4.1895208476420975e-20
ENSG00000174953,3.3789396401635196e-20
ENSG00000185022,0.0
ENSG00000087303,0.0
ENSG00000170004,0.0
ENSG00000131759,0.0
ENSG00000187231,0.0
ENSG00000145907,0.0
ENSG00000112081,0.0
ENSG00000180776,0.0
ENSG00000089693,0.0
ENSG00000124198,0.0
ENSG00000237172,0.0
ENSG00000184640,0.0
ENSG00000116194,0.0
ENSG00000198873,0.0
ENSG00000256043,0.0
ENSG00000149311,0.0
ENSG00000168906,0.0
ENSG00000102158,0.0
ENSG00000129250,0.0
ENSG00000173674,0.0
ENSG00000143162,0.0
ENSG00000143612,0.0
ENSG00000164125,0.0
ENSG00000148053,0.0
ENSG00000118762,0.0
ENSG00000147027,0.0
ENSG00000204469,0.0
ENSG00000173039,0.0
ENSG00000005700,0.0
ENSG00000170759,0.0
ENSG00000106080,0.0
ENSG00000143575,0.0
ENSG00000101335,0.0
ENSG00000108582,0.0
ENSG00000132485,0.0
ENSG00000180155,0.0
ENSG00000182095,0.0
ENSG00000135387,0.0
ENSG00000060237,0.0
ENSG00000131238,0.0
ENSG00000087302,0.0
ENSG00000145495,0.0
ENSG00000162704,0.0
ENSG00000158417,0.0
ENSG00000162434,0.0
ENSG00000258289,0.0
ENSG00000113141,0.0
ENSG00000196507,0.0
ENSG00000171791,0.0
ENSG00000163703,0.0
ENSG00000138593,0.0
ENSG00000143382,0.0
ENSG00000168159,0.0
ENSG00000159899,0.0
ENSG00000175390,0.0
ENSG00000163001,0.0
ENSG00000148516,0.0
ENSG00000125944,0.0
ENSG00000139112,0.0
ENSG00000136527,0.0
ENSG00000018408,0.0
ENSG00000164294,0.0
ENSG00000262160,0.0
ENSG00000166278,0.0
ENSG00000196776,0.0
ENSG00000138758,0.0
ENSG00000162496,0.0
ENSG00000116406,0.0
ENSG00000166913,0.0
ENSG00000136158,0.0
ENSG00000121064,0.0
ENSG00000100320,0.0
ENSG00000109171,0.0
ENSG00000167553,0.0
ENSG00000137693,0.0
ENSG00000168137,0.0
ENSG00000102572,0.0
ENSG00000123933,0.0
ENSG00000163714,0.0
ENSG00000197702,0.0
ENSG00000132716,0.0
ENSG00000134243,0.0
ENSG00000197879,0.0
ENSG00000158604,0.0
ENSG00000180354,0.0
ENSG00000117614,0.0
ENSG00000146373,0.0
ENSG00000019144,0.0
ENSG00000277443,0.0
ENSG00000134970,0.0
ENSG00000123066,0.0
ENSG00000079432,0.0
ENSG00000109814,0.0
ENSG00000215817,0.0
ENSG00000266964,0.0
ENSG00000080573,0.0
ENSG00000143742,0.0
ENSG00000163466,0.0
ENSG00000071553,0.0
ENSG00000087266,0.0
ENSG00000079332,0.0
ENSG00000157240,0.0
ENSG00000185262,0.0
ENSG00000177830,0.0
ENSG00000155755,0.0
ENSG00000144867,0.0
ENSG00000214253,0.0
ENSG00000131873,0.0
ENSG00000100813,0.0
ENSG00000149084,0.0
ENSG00000086015,0.0
ENSG00000176845,0.0
ENSG00000173575,0.0
ENSG00000033100,0.0
ENSG00000183049,0.0
ENSG00000133800,0.0
ENSG00000076706,0.0
ENSG00000117519,0.0
ENSG00000139178,0.0
ENSG00000117335,0.0
ENSG00000141522,0.0
ENSG00000138801,0.0
ENSG00000163479,0.0
ENSG00000157106,0.0
ENSG00000182054,0.0
ENSG00000205730,0.0
ENSG00000188070,0.0
ENSG00000198300,0.0
ENSG00000134202,0.0
ENSG00000075790,0.0
ENSG00000213064,0.0
ENSG00000012171,0.0
ENSG00000170323,0.0
ENSG00000128731,0.0
ENSG00000198795,0.0
ENSG00000108924,0.0
ENSG00000035403,0.0
ENSG00000102226,0.0
ENSG00000065613,0.0
ENSG00000243244,0.0
ENSG00000164038,0.0
ENSG00000105404,0.0
ENSG00000069667,0.0
ENSG00000164985,0.0
ENSG00000130203,0.0
ENSG00000262621,0.0
ENSG00000166681,0.0
ENSG00000071894,0.0
ENSG00000048052,0.0
ENSG00000148834,0.0
ENSG00000196542,0.0
ENSG00000131668,0.0
ENSG00000168913,0.0
ENSG00000006459,0.0
ENSG00000213949,0.0
ENSG00000127481,0.0
ENSG00000144063,0.0
ENSG00000130309,0.0
ENSG00000181404,0.0
ENSG00000241399,0.0
ENSG00000131634,0.0
ENSG00000057608,0.0
ENSG00000178913,0.0
ENSG00000102109,0.0
ENSG00000128567,0.0
ENSG00000154556,0.0
ENSG00000153914,0.0
ENSG00000182087,0.0
ENSG00000072364,0.0
ENSG00000129116,0.0
ENSG00000091409,0.0
ENSG00000113719,0.0
ENSG00000247556,0.0
ENSG00000164615,0.0
ENSG00000102882,0.0
ENSG00000130396,0.0
ENSG00000103657,0.0
ENSG00000159840,0.0
ENSG00000163171,0.0
ENSG00000107863,0.0
ENSG00000184014,0.0
ENSG00000078369,0.0
ENSG00000152102,0.0
ENSG00000139263,0.0
ENSG00000133789,0.0
ENSG00000107957,0.0
ENSG00000172901,0.0
ENSG00000138835,0.0
ENSG00000145901,0.0
ENSG00000204706,0.0
ENSG00000110799,0.0
ENSG00000166888,0.0
ENSG00000166340,0.0
ENSG00000118495,0.0
ENSG00000167778,0.0
ENSG00000124212,0.0
ENSG00000166165,0.0
ENSG00000101346,0.0
ENSG00000102531,0.0
ENSG00000182168,0.0
ENSG00000178719,0.0
ENSG00000136731,0.0
ENSG00000197930,0.0
ENSG00000103363,0.0
ENSG00000144724,0.0
ENSG00000131446,0.0
ENSG00000143761,0.0
ENSG00000198743,0.0
ENSG00000153944,0.0
ENSG00000078674,0.0
ENSG00000165169,0.0
ENSG00000110367,0.0
ENSG00000122299,0.0
ENSG00000185760,0.0
ENSG00000272325,0.0
ENSG00000100632,0.0
ENSG00000102908,0.0
ENSG00000176014,0.0
ENSG00000111832,0.0
ENSG00000257727,0.0
ENSG00000168546,0.0
ENSG00000170099,0.0
ENSG00000143545,0.0
ENSG00000102409,0.0
ENSG00000110422,0.0
ENSG00000004534,0.0
ENSG00000198467,0.0
ENSG00000245748,0.0
ENSG00000077274,0.0
ENSG00000137312,0.0
ENSG00000106992,0.0
ENSG00000120896,0.0
ENSG00000145685,0.0
ENSG00000182253,0.0
ENSG00000177666,0.0
ENSG00000099260,0.0
ENSG00000253276,0.0
ENSG00000111144,0.0
ENSG00000100836,0.0
ENSG00000114416,0.0
ENSG00000119669,0.0
ENSG00000156966,0.0
ENSG00000163956,0.0
ENSG00000168487,0.0
ENSG00000121671,0.0
ENSG00000082397,0.0
ENSG00000169302,0.0
ENSG00000107959,0.0
ENSG00000160551,0.0
ENSG00000138768,0.0
ENSG00000185088,0.0
ENSG00000124181,0.0
ENSG00000129128,0.0
ENSG00000160213,0.0
ENSG00000073712,0.0
ENSG00000110330,0.0
ENSG00000107731,0.0
ENSG00000114120,0.0
ENSG00000056972,0.0
ENSG00000124795,0.0
ENSG00000104331,0.0
ENSG00000100528,0.0
ENSG00000100664,0.0
ENSG00000167283,0.0
ENSG00000170144,0.0
ENSG00000210140,0.0
ENSG00000152795,0.0
ENSG00000149100,0.0
ENSG00000047410,0.0
ENSG00000130827,0.0
ENSG00000269113,0.0
ENSG00000198843,0.0
ENSG00000132670,0.0
ENSG00000116584,0.0
ENSG00000140416,0.0
ENSG00000153827,0.0
ENSG00000170027,0.0
ENSG00000088882,0.0
ENSG00000204463,0.0
ENSG00000206047,0.0
ENSG00000029363,0.0
ENSG00000131669,0.0
ENSG00000244486,0.0
ENSG00000173166,0.0
ENSG00000059804,0.0
ENSG00000152104,0.0
ENSG00000089737,0.0
ENSG00000072210,0.0
ENSG00000087365,0.0
ENSG00000176788,0.0
ENSG00000132669,0.0
ENSG00000184743,0.0
ENSG00000100888,0.0
ENSG00000014641,0.0
ENSG00000056736,0.0
ENSG00000177951,0.0
ENSG00000107719,0.0
ENSG00000121957,0.0
ENSG00000139613,0.0
ENSG00000157020,0.0
ENSG00000107186,0.0
ENSG00000118482,0.0
ENSG00000179295,0.0
ENSG00000108424,0.0
ENSG00000115875,0.0
ENSG00000106460,0.0
ENSG00000131242,0.0
ENSG00000182578,0.0
ENSG00000085719,0.0
ENSG00000167986,0.0
ENSG00000210151,0.0
ENSG00000230989,0.0
ENSG00000011600,0.0
ENSG00000164889,0.0
ENSG00000159346,0.0
ENSG00000024422,0.0
ENSG00000196914,0.0
ENSG00000059573,0.0
ENSG00000178035,0.0
ENSG00000068305,0.0
ENSG00000165617,0.0
ENSG00000197555,0.0
ENSG00000134910,0.0
ENSG00000137166,0.0
ENSG00000163110,0.0
ENSG00000106615,0.0
ENSG00000166482,0.0
ENSG00000152256,0.0
ENSG00000087053,0.0
ENSG00000105559,0.0
ENSG00000144028,0.0
ENSG00000182944,0.0
ENSG00000138668,0.0
ENSG00000065427,0.0
ENSG00000166295,0.0
ENSG00000223561,0.0
ENSG00000160932,0.0
ENSG00000183283,0.0
ENSG00000183963,0.0
ENSG00000255248,0.0
ENSG00000243716,0.0
ENSG00000086598,0.0
ENSG00000196975,0.0
ENSG00000058262,0.0
ENSG00000184371,0.0
ENSG00000245910,0.0
ENSG00000067141,0.0
ENSG00000179889,0.0
ENSG00000167074,0.0
ENSG00000067369,0.0
ENSG00000275110,0.0
ENSG00000219200,0.0
ENSG00000104517,0.0
ENSG00000079150,0.0
ENSG00000257337,0.0
ENSG00000125089,0.0
ENSG00000115355,0.0
ENSG00000148848,0.0
ENSG00000256235,0.0
ENSG00000198563,0.0
ENSG00000196576,0.0
ENSG00000006576,0.0
ENSG00000198258,0.0
ENSG00000004399,0.0
ENSG00000164318,0.0
ENSG00000109625,0.0
ENSG00000074319,0.0
ENSG00000135744,0.0
ENSG00000143624,0.0
ENSG00000267100,0.0
ENSG00000138688,0.0
ENSG00000122565,0.0
ENSG00000055917,0.0
ENSG00000198887,0.0
ENSG00000280211,0.0
ENSG00000135324,0.0
ENSG00000182704,0.0
ENSG00000165915,0.0
ENSG00000172935,0.0
ENSG00000184588,0.0
ENSG00000105568,0.0
ENSG00000140612,0.0
ENSG00000128791,0.0
ENSG00000044115,0.0
ENSG00000211895,0.0
ENSG00000122778,0.0
ENSG00000130723,0.0
ENSG00000185100,0.0
ENSG00000112335,0.0
ENSG00000080503,0.0
ENSG00000003756,0.0
ENSG00000167815,0.0
ENSG00000165633,0.0
ENSG00000214655,0.0
ENSG00000173692,0.0
ENSG00000164244,0.0
ENSG00000097007,0.0
ENSG00000130726,0.0
ENSG00000128609,0.0
ENSG00000103260,0.0
ENSG00000070961,0.0
ENSG00000136436,0.0
ENSG00000186298,0.0
ENSG00000121741,0.0
ENSG00000100376,0.0
ENSG00000155506,0.0
ENSG00000099246,0.0
ENSG00000008018,0.0
ENSG00000155096,0.0
ENSG00000108784,0.0
ENSG00000140400,0.0
ENSG00000002834,0.0
ENSG00000100403,0.0
ENSG00000164619,0.0
ENSG00000143321,0.0
ENSG00000136542,0.0
ENSG00000149499,0.0
ENSG00000049245,0.0
ENSG00000103187,0.0
ENSG00000103226,0.0
ENSG00000137414,0.0
ENSG00000178980,0.0
ENSG00000146457,0.0
ENSG00000120742,0.0
ENSG00000108953,0.0
ENSG00000175265,0.0
ENSG00000155657,0.0
ENSG00000164949,0.0
ENSG00000123104,0.0
ENSG00000019169,0.0
ENSG00000138760,0.0
ENSG00000075292,0.0
ENSG00000127947,0.0
ENSG00000111145,0.0
ENSG00000175727,0.0
ENSG00000162337,0.0
ENSG00000111775,0.0
ENSG00000126803,0.0
ENSG00000186010,0.0
ENSG00000074842,0.0
ENSG00000160714,0.0
ENSG00000239264,0.0
ENSG00000104852,0.0
ENSG00000087274,0.0
ENSG00000125810,0.0
ENSG00000131724,0.0
ENSG00000165949,0.0
ENSG00000124831,0.0
ENSG00000107223,0.0
ENSG00000173486,0.0
ENSG00000271383,0.0
ENSG00000204219,0.0
ENSG00000210135,0.0
ENSG00000066294,0.0
ENSG00000175220,0.0
ENSG00000177311,0.0
ENSG00000102038,0.0
ENSG00000179344,0.0
ENSG00000184702,0.0
ENSG00000197283,0.0
ENSG00000136758,0.0
ENSG00000137941,0.0
ENSG00000108774,0.0
ENSG00000144747,0.0
ENSG00000273136,0.0
ENSG00000161381,0.0
ENSG00000188554,0.0
ENSG00000196616,0.0
ENSG00000004700,0.0
ENSG00000139684,0.0
ENSG00000127540,0.0
ENSG00000137491,0.0
ENSG00000173889,0.0
ENSG00000013016,0.0
ENSG00000154305,0.0
ENSG00000131389,0.0
ENSG00000220205,0.0
ENSG00000130733,0.0
ENSG00000175467,0.0
ENSG00000162413,0.0
ENSG00000090581,0.0
ENSG00000171310,0.0
ENSG00000166311,0.0
ENSG00000177733,0.0
ENSG00000198561,0.0
ENSG00000005893,0.0
ENSG00000106991,0.0
ENSG00000153187,0.0
ENSG00000084207,0.0
ENSG00000156642,0.0
ENSG00000124006,0.0
ENSG00000152931,0.0
ENSG00000112977,0.0
ENSG00000165801,0.0
ENSG00000131507,0.0
ENSG00000184500,0.0
ENSG00000174738,0.0
ENSG00000089220,0.0
ENSG00000240184,0.0
ENSG00000157933,0.0
ENSG00000185883,0.0
ENSG00000073756,0.0
ENSG00000089053,0.0
ENSG00000117298,0.0
ENSG00000126012,0.0
ENSG00000177119,0.0
ENSG00000113441,0.0
ENSG00000138071,0.0
ENSG00000115306,0.0
ENSG00000169738,0.0
ENSG00000113621,0.0
ENSG00000141905,0.0
ENSG00000181222,0.0
ENSG00000049540,0.0
ENSG00000075785,0.0
ENSG00000116560,0.0
ENSG00000198502,0.0
ENSG00000107819,0.0
ENSG00000132613,0.0
ENSG00000181061,0.0
ENSG00000165655,0.0
ENSG00000133103,0.0
ENSG00000143198,0.0
ENSG00000103222,0.0
ENSG00000151090,0.0
ENSG00000134184,0.0
ENSG00000114439,0.0
ENSG00000153207,0.0
ENSG00000129625,0.0
ENSG00000069329,0.0
ENSG00000089248,0.0
ENSG00000167110,0.0
ENSG00000017427,0.0
ENSG00000129351,0.0
ENSG00000181789,0.0
ENSG00000013441,0.0
ENSG00000118094,0.0
ENSG00000166025,0.0
ENSG00000213626,0.0
ENSG00000092096,0.0
ENSG00000168615,0.0
ENSG00000172270,0.0
ENSG00000265808,0.0
ENSG00000111843,0.0
ENSG00000140943,0.0
ENSG00000116489,0.0
ENSG00000186184,0.0
ENSG00000141279,0.0
ENSG00000136997,0.0
ENSG00000196199,0.0
ENSG00000115993,0.0
ENSG00000266028,0.0
ENSG00000033327,0.0
ENSG00000171530,0.0
ENSG00000183878,0.0
ENSG00000061273,0.0
ENSG00000164687,0.0
ENSG00000164032,0.0
ENSG00000198053,0.0
ENSG00000119698,0.0
ENSG00000182240,0.0
ENSG00000090060,0.0
ENSG00000011304,0.0
ENSG00000170385,0.0
ENSG00000089154,0.0
ENSG00000136810,0.0
ENSG00000135272,0.0
ENSG00000097033,0.0
ENSG00000111642,0.0
ENSG00000178882,0.0
ENSG00000129103,0.0
ENSG00000119699,0.0
ENSG00000115484,0.0
ENSG00000120948,0.0
ENSG00000077232,0.0
ENSG00000168374,0.0
ENSG00000136240,0.0
ENSG00000146122,0.0
ENSG00000186480,0.0
ENSG00000073910,0.0
ENSG00000119280,0.0
ENSG00000203747,0.0
ENSG00000134369,0.0
ENSG00000163536,0.0
ENSG00000260807,0.0
ENSG00000110108,0.0
ENSG00000136861,0.0
ENSG00000115415,0.0
ENSG00000203879,0.0
ENSG00000166012,0.0
ENSG00000023191,0.0
ENSG00000105401,0.0
ENSG00000038945,0.0
ENSG00000140044,0.0
ENSG00000148358,0.0
ENSG00000176485,0.0
ENSG00000172201,0.0
ENSG00000138640,0.0
ENSG00000136732,0.0
ENSG00000051620,0.0
ENSG00000143365,0.0
ENSG00000271254,0.0
ENSG00000077549,0.0
ENSG00000090615,0.0
ENSG00000088812,0.0
ENSG00000106211,0.0
ENSG00000114023,0.0
ENSG00000111716,0.0
ENSG00000105329,0.0
ENSG00000145555,0.0
ENSG00000184432,0.0
ENSG00000071655,0.0
ENSG00000241978,0.0
ENSG00000203485,0.0
ENSG00000157214,0.0
ENSG00000044090,0.0
ENSG00000197535,0.0
ENSG00000166444,0.0
ENSG00000138385,0.0
ENSG00000010818,0.0
ENSG00000105202,0.0
ENSG00000117318,0.0
ENSG00000042493,0.0
ENSG00000116774,0.0
ENSG00000163041,0.0
ENSG00000255302,0.0
ENSG00000132359,0.0
ENSG00000105887,0.0
ENSG00000174282,0.0
ENSG00000137834,0.0
ENSG00000135365,0.0
ENSG00000004455,0.0
ENSG00000143546,0.0
ENSG00000113384,0.0
ENSG00000153048,0.0
ENSG00000140092,0.0
ENSG00000103994,0.0
ENSG00000100764,0.0
ENSG00000169242,0.0
ENSG00000165672,0.0
ENSG00000103266,0.0
ENSG00000140350,0.0
ENSG00000063660,0.0
ENSG00000112695,0.0
ENSG00000090273,0.0
ENSG00000234857,0.0
ENSG00000111321,0.0
ENSG00000198380,0.0
ENSG00000135720,0.0
ENSG00000225190,0.0
ENSG00000169967,0.0
ENSG00000176142,0.0
ENSG00000114544,0.0
ENSG00000144567,0.0
ENSG00000100591,0.0
ENSG00000224032,0.0
ENSG00000186417,0.0
ENSG00000197694,0.0
ENSG00000142227,0.0
ENSG00000104213,0.0
ENSG00000176978,0.0
ENSG00000128641,0.0
ENSG00000160691,0.0
ENSG00000049449,0.0
ENSG00000147526,0.0
ENSG00000173530,0.0
ENSG00000134440,0.0
ENSG00000196843,0.0
ENSG00000105438,0.0
ENSG00000261713,0.0
ENSG00000130254,0.0
ENSG00000123983,0.0
ENSG00000180818,0.0
ENSG00000173402,0.0
ENSG00000198142,0.0
ENSG00000137845,0.0
ENSG00000173599,0.0
ENSG00000065809,0.0
ENSG00000187720,0.0
ENSG00000179399,0.0
ENSG00000273749,0.0
ENSG00000244462,0.0
ENSG00000171928,0.0
ENSG00000176438,0.0
ENSG00000138413,0.0
ENSG00000144115,0.0
ENSG00000266714,0.0
ENSG00000164040,0.0
ENSG00000187601,0.0
ENSG00000066933,0.0
ENSG00000168216,0.0
ENSG00000108468,0.0
ENSG00000138757,0.0
ENSG00000205609,0.0
ENSG00000173366,0.0
ENSG00000143252,0.0
ENSG00000131174,0.0
ENSG00000134884,0.0
ENSG00000198690,0.0
ENSG00000184471,0.0
ENSG00000145362,0.0
ENSG00000169554,0.0
ENSG00000160801,0.0
ENSG00000198830,0.0
ENSG00000178202,0.0
ENSG00000148730,0.0
ENSG00000116005,0.0
ENSG00000143515,0.0
ENSG00000100307,0.0
ENSG00000099219,0.0
ENSG00000109920,0.0
ENSG00000082196,0.0
ENSG00000227051,0.0
ENSG00000231925,0.0
ENSG00000153130,0.0
ENSG00000235823,0.0
ENSG00000071051,0.0
ENSG00000013375,0.0
ENSG00000164741,0.0
ENSG00000105576,0.0
ENSG00000095951,0.0
ENSG00000198911,0.0
ENSG00000116030,0.0
ENSG00000106565,0.0
ENSG00000162613,0.0
ENSG00000115234,0.0
ENSG00000153815,0.0
ENSG00000077380,0.0
ENSG00000114993,0.0
ENSG00000168214,0.0
ENSG00000091039,0.0
ENSG00000129515,0.0
ENSG00000012061,0.0
ENSG00000115541,0.0
ENSG00000128284,0.0
ENSG00000144579,0.0
ENSG00000131100,0.0
ENSG00000084073,0.0
ENSG00000198231,0.0
ENSG00000143222,0.0
ENSG00000162618,0.0
ENSG00000225733,0.0
ENSG00000155876,0.0
ENSG00000107104,0.0
ENSG00000134046,0.0
ENSG00000125734,0.0
ENSG00000124159,0.0
ENSG00000146731,0.0
ENSG00000105137,0.0
ENSG00000124098,0.0
ENSG00000108588,0.0
ENSG00000130340,0.0
ENSG00000110713,0.0
ENSG00000183431,0.0
ENSG00000143753,0.0
ENSG00000079950,0.0
ENSG00000128989,0.0
ENSG00000173276,0.0
ENSG00000163346,0.0
ENSG00000104870,0.0
ENSG00000162909,0.0
ENSG00000108946,0.0
ENSG00000072778,0.0
ENSG00000155380,0.0
ENSG00000116754,0.0
ENSG00000170624,0.0
ENSG00000144895,0.0
ENSG00000007237,0.0
ENSG00000124783,0.0
ENSG00000100814,0.0
ENSG00000187634,0.0
ENSG00000067900,0.0
ENSG00000166579,0.0
ENSG00000154358,0.0
ENSG00000083312,0.0
ENSG00000051523,0.0
ENSG00000170899,0.0
ENSG00000100852,0.0
ENSG00000119638,0.0
ENSG00000167548,0.0
ENSG00000135968,0.0
ENSG00000136295,0.0
ENSG00000012983,0.0
ENSG00000146352,0.0
ENSG00000134291,0.0
ENSG00000273419,0.0
ENSG00000112078,0.0
ENSG00000110237,0.0
ENSG00000026652,0.0
ENSG00000084733,0.0
ENSG00000164070,0.0
ENSG00000089006,0.0
ENSG00000109113,0.0
ENSG00000163904,0.0
ENSG00000169083,0.0
ENSG00000143543,0.0
ENSG00000099341,0.0
ENSG00000133433,0.0
ENSG00000005513,0.0
ENSG00000136068,0.0
ENSG00000172757,0.0
ENSG00000111885,0.0
ENSG00000173482,0.0
ENSG00000213853,0.0
ENSG00000145824,0.0
ENSG00000068912,0.0
ENSG00000183426,0.0
ENSG00000152217,0.0
ENSG00000148841,0.0
ENSG00000126005,0.0
ENSG00000211893,0.0
ENSG00000188994,0.0
ENSG00000125818,0.0
ENSG00000148429,0.0
ENSG00000151458,0.0
ENSG00000177963,0.0
ENSG00000152894,0.0
ENSG00000125817,0.0
ENSG00000100393,0.0
ENSG00000048649,0.0
ENSG00000147416,0.0
ENSG00000100106,0.0
ENSG00000161547,0.0
ENSG00000165775,0.0
ENSG00000274276,0.0
ENSG00000198791,0.0
ENSG00000013588,0.0
ENSG00000076356,0.0
ENSG00000054118,0.0
ENSG00000175224,0.0
ENSG00000198816,0.0
ENSG00000055609,0.0
ENSG00000111676,0.0
ENSG00000147649,0.0
ENSG00000162783,0.0
ENSG00000106261,0.0
ENSG00000069275,0.0
ENSG00000104324,0.0
ENSG00000012822,0.0
ENSG00000234456,0.0
ENSG00000159167,0.0
ENSG00000141526,0.0
ENSG00000143183,0.0
ENSG00000177576,0.0
ENSG00000113407,0.0
ENSG00000247095,0.0
ENSG00000092148,0.0
ENSG00000163539,0.0
ENSG00000146433,0.0
ENSG00000102910,0.0
ENSG00000116133,0.0
ENSG00000105221,0.0
ENSG00000164054,0.0
ENSG00000170379,0.0
ENSG00000130779,0.0
ENSG00000173548,0.0
ENSG00000278311,0.0
ENSG00000029364,0.0
ENSG00000101294,0.0
ENSG00000162231,0.0
ENSG00000197381,0.0
ENSG00000142186,0.0
ENSG00000105894,0.0
ENSG00000124226,0.0
ENSG00000198752,0.0
ENSG00000087087,0.0
ENSG00000111530,0.0
ENSG00000214736,0.0
ENSG00000046604,0.0
ENSG00000104853,0.0
ENSG00000139168,0.0
ENSG00000117122,0.0
ENSG00000144224,0.0
ENSG00000005007,0.0
ENSG00000189056,0.0
ENSG00000168461,0.0
ENSG00000089280,0.0
ENSG00000126247,0.0
ENSG00000114480,0.0
ENSG00000180879,0.0
ENSG00000092820,0.0
ENSG00000163131,0.0
ENSG00000135047,0.0
ENSG00000197406,0.0
ENSG00000074695,0.0
ENSG00000104964,0.0
ENSG00000166272,0.0
ENSG00000052841,0.0
ENSG00000180628,0.0
ENSG00000179134,0.0
ENSG00000106588,0.0
ENSG00000128487,0.0
ENSG00000119048,0.0
ENSG00000137962,0.0
ENSG00000112701,0.0
ENSG00000092439,0.0
ENSG00000159352,0.0
ENSG00000127463,0.0
ENSG00000196704,0.0
ENSG00000106628,0.0
ENSG00000107862,0.0
ENSG00000025708,0.0
ENSG00000174705,0.0
ENSG00000198663,0.0
ENSG00000164808,0.0
ENSG00000272888,0.0
ENSG00000168938,0.0
ENSG00000004776,0.0
ENSG00000137076,0.0
ENSG00000089597,0.0
ENSG00000211896,0.0
ENSG00000071054,0.0
ENSG00000131236,0.0
ENSG00000088247,0.0
ENSG00000169047,0.0
ENSG00000167005,0.0
ENSG00000242252,0.0
ENSG00000120265,0.0
ENSG00000165629,0.0
ENSG00000153246,0.0
ENSG00000135473,0.0
ENSG00000269604,0.0
ENSG00000058673,0.0
ENSG00000116337,0.0
ENSG00000204071,0.0
ENSG00000165895,0.0
ENSG00000168653,0.0
ENSG00000109458,0.0
ENSG00000254870,0.0
ENSG00000171206,0.0
ENSG00000117448,0.0
ENSG00000126698,0.0
ENSG00000144560,0.0
ENSG00000143933,0.0
ENSG00000158321,0.0
ENSG00000183889,0.0
ENSG00000154265,0.0
ENSG00000067606,0.0
ENSG00000132424,0.0
ENSG00000092203,0.0
ENSG00000144455,0.0
ENSG00000166927,0.0
ENSG00000076685,0.0
ENSG00000275832,0.0
ENSG00000130724,0.0
ENSG00000088888,0.0
ENSG00000165102,0.0
ENSG00000120254,0.0
ENSG00000091136,0.0
ENSG00000092199,0.0
ENSG00000107796,0.0
ENSG00000125968,0.0
ENSG00000010404,0.0
ENSG00000066248,0.0
ENSG00000105472,0.0
ENSG00000136026,0.0
ENSG00000122042,0.0
ENSG00000101745,0.0
ENSG00000125977,0.0
ENSG00000121766,0.0
ENSG00000198825,0.0
ENSG00000270647,0.0
ENSG00000242086,0.0
ENSG00000163938,0.0
ENSG00000142694,0.0
ENSG00000153976,0.0
ENSG00000105968,0.0
ENSG00000120071,0.0
ENSG00000182636,0.0
ENSG00000115652,0.0
ENSG00000120833,0.0
ENSG00000123064,0.0
ENSG00000204217,0.0
ENSG00000158869,0.0
ENSG00000213639,0.0
ENSG00000139278,0.0
ENSG00000140319,0.0
ENSG00000143549,0.0
ENSG00000198542,0.0
ENSG00000090863,0.0
ENSG00000128918,0.0
ENSG00000170458,0.0
ENSG00000101608,0.0
ENSG00000196937,0.0
ENSG00000106483,0.0
ENSG00000129559,0.0
ENSG00000137177,0.0
ENSG00000224078,0.0
ENSG00000185043,0.0
ENSG00000186652,0.0
ENSG00000205710,0.0
ENSG00000154127,0.0
ENSG00000165424,0.0
ENSG00000198218,0.0
ENSG00000038274,0.0
ENSG00000008130,0.0
ENSG00000102974,0.0
ENSG00000173120,0.0
ENSG00000143420,0.0
ENSG00000146830,0.0
ENSG00000022840,0.0
ENSG00000085365,0.0
ENSG00000143641,0.0
ENSG00000155659,0.0
ENSG00000122642,0.0
ENSG00000116667,0.0
ENSG00000104904,0.0
ENSG00000128602,0.0
ENSG00000163399,0.0
ENSG00000142864,0.0
ENSG00000126524,0.0
ENSG00000067560,0.0
ENSG00000104447,0.0
ENSG00000073584,0.0
ENSG00000124766,0.0
ENSG00000106723,0.0
ENSG00000124214,0.0
ENSG00000090857,0.0
ENSG00000182175,0.0
ENSG00000164919,0.0
ENSG00000115170,0.0
ENSG00000134287,0.0
ENSG00000108349,0.0
ENSG00000214063,0.0
ENSG00000157954,0.0
ENSG00000078246,0.0
ENSG00000050820,0.0
ENSG00000144320,0.0
ENSG00000204472,0.0
ENSG00000107404,0.0
ENSG00000120686,0.0
ENSG00000216490,0.0
ENSG00000149591,0.0
ENSG00000160360,0.0
ENSG00000025796,0.0
ENSG00000172819,0.0
ENSG00000065154,0.0
ENSG00000069535,0.0
ENSG00000075213,0.0
ENSG00000166997,0.0
ENSG00000106546,0.0
ENSG00000186635,0.0
ENSG00000136603,0.0
ENSG00000166432,0.0
ENSG00000105669,0.0
ENSG00000125629,0.0
ENSG00000100280,0.0
ENSG00000188483,0.0
ENSG00000164880,0.0
ENSG00000167617,0.0
ENSG00000197530,0.0
ENSG00000197451,0.0
ENSG00000198517,0.0
ENSG00000111615,0.0
ENSG00000138398,0.0
ENSG00000126756,0.0
ENSG00000143369,0.0
ENSG00000103888,0.0
ENSG00000179403,0.0
ENSG00000168066,0.0
ENSG00000164764,0.0
ENSG00000155254,0.0
ENSG00000100399,0.0
ENSG00000178695,0.0
ENSG00000156466,0.0
ENSG00000136830,0.0
ENSG00000078808,0.0
ENSG00000197982,0.0
ENSG00000185236,0.0
ENSG00000133026,0.0
ENSG00000144043,0.0
ENSG00000178567,0.0
ENSG00000170485,0.0
ENSG00000173113,0.0
ENSG00000111276,0.0
ENSG00000103855,0.0
ENSG00000169057,0.0
ENSG00000134532,0.0
ENSG00000123131,0.0
ENSG00000111319,0.0
ENSG00000123562,0.0
ENSG00000146592,0.0
ENSG00000162745,0.0
ENSG00000159692,0.0
ENSG00000196535,0.0
ENSG00000063245,0.0
ENSG00000112699,0.0
ENSG00000187678,0.0
ENSG00000187837,0.0
ENSG00000141447,0.0
ENSG00000106609,0.0
ENSG00000142166,0.0
ENSG00000196141,0.0
ENSG00000123240,0.0
ENSG00000117859,0.0
ENSG00000116199,0.0
ENSG00000171634,0.0
ENSG00000054219,0.0
ENSG00000038382,0.0
ENSG00000140497,0.0
ENSG00000116791,0.0
ENSG00000105877,0.0
ENSG00000113712,0.0
ENSG00000119185,0.0
ENSG00000177426,0.0
ENSG00000119900,0.0
ENSG00000156639,0.0
ENSG00000007168,0.0
ENSG00000136877,0.0
ENSG00000185924,0.0
ENSG00000163625,0.0
ENSG00000054392,0.0
ENSG00000137776,0.0
ENSG00000164023,0.0
ENSG00000243927,0.0
ENSG00000123146,0.0
ENSG00000138107,0.0
ENSG00000108021,0.0
ENSG00000146007,0.0
ENSG00000158042,0.0
ENSG00000064989,0.0
ENSG00000135541,0.0
ENSG00000188026,0.0
ENSG00000159377,0.0
ENSG00000166783,0.0
ENSG00000176720,0.0
ENSG00000064932,0.0
ENSG00000189171,0.0
ENSG00000144810,0.0
ENSG00000184897,0.0
ENSG00000089327,0.0
ENSG00000172348,0.0
ENSG00000170296,0.0
ENSG00000144655,0.0
ENSG00000102802,0.0
ENSG00000105701,0.0
ENSG00000236882,0.0
ENSG00000150764,0.0
ENSG00000137876,0.0
ENSG00000139289,0.0
ENSG00000197912,0.0
ENSG00000146540,0.0
ENSG00000198586,0.0
ENSG00000239672,0.0
ENSG00000072135,0.0
ENSG00000116171,0.0
ENSG00000115963,0.0
ENSG00000116871,0.0
ENSG00000102978,0.0
ENSG00000182022,0.0
ENSG00000175455,0.0
ENSG00000188895,0.0
ENSG00000147862,0.0
ENSG00000152270,0.0
ENSG00000118579,0.0
ENSG00000010327,0.0
ENSG00000157637,0.0
ENSG00000114857,0.0
ENSG00000149428,0.0
ENSG00000138674,0.0
ENSG00000112769,0.0
ENSG00000073921,0.0
ENSG00000104332,0.0
ENSG00000261054,0.0
ENSG00000099194,0.0
ENSG00000176658,0.0
ENSG00000197872,0.0
ENSG00000102931,0.0
ENSG00000163637,0.0
ENSG00000101558,0.0
ENSG00000088256,0.0
ENSG00000005812,0.0
ENSG00000167740,0.0
ENSG00000186522,0.0
ENSG00000077235,0.0
ENSG00000143416,0.0
ENSG00000119801,0.0
ENSG00000148700,0.0
ENSG00000174886,0.0
ENSG00000135837,0.0
ENSG00000145725,0.0
ENSG00000100599,0.0
ENSG00000148154,0.0
ENSG00000125733,0.0
ENSG00000103710,0.0
ENSG00000189339,0.0
ENSG00000162402,0.0
ENSG00000114127,0.0
ENSG00000134899,0.0
ENSG00000184990,0.0
ENSG00000144218,0.0
ENSG00000213676,0.0
ENSG00000187474,0.0
ENSG00000172458,0.0
ENSG00000100227,0.0
ENSG00000104231,0.0
ENSG00000055813,0.0
ENSG00000129680,0.0
ENSG00000168385,0.0
ENSG00000170315,0.0
ENSG00000132471,0.0
ENSG00000140391,0.0
ENSG00000123358,0.0
ENSG00000105220,0.0
ENSG00000008952,0.0
ENSG00000100626,0.0
ENSG00000109332,0.0
ENSG00000100196,0.0
ENSG00000132000,0.0
ENSG00000154153,0.0
ENSG00000157483,0.0
ENSG00000105643,0.0
ENSG00000115486,0.0
ENSG00000087191,0.0
ENSG00000131408,0.0
ENSG00000158863,0.0
ENSG00000142949,0.0
ENSG00000164574,0.0
ENSG00000142168,0.0
ENSG00000159216,0.0
ENSG00000102007,0.0
ENSG00000152601,0.0
ENSG00000105855,0.0
ENSG00000117906,0.0
ENSG00000106976,0.0
ENSG00000166341,0.0
ENSG00000183087,0.0
ENSG00000153214,0.0
ENSG00000166123,0.0
ENSG00000119318,0.0
ENSG00000149577,0.0
ENSG00000172053,0.0
ENSG00000106636,0.0
ENSG00000197858,0.0
ENSG00000156860,0.0
ENSG00000185129,0.0
ENSG00000167522,0.0
ENSG00000079459,0.0
ENSG00000272636,0.0
ENSG00000171824,0.0
ENSG00000166086,0.0
ENSG00000170421,0.0
ENSG00000167461,0.0
ENSG00000177463,0.0
ENSG00000122674,0.0
ENSG00000283787,0.0
ENSG00000111639,0.0
ENSG00000188641,0.0
ENSG00000141027,0.0
ENSG00000130024,0.0
ENSG00000171604,0.0
ENSG00000181904,0.0
ENSG00000083642,0.0
ENSG00000167766,0.0
ENSG00000100938,0.0
ENSG00000069974,0.0
ENSG00000011405,0.0
ENSG00000118564,0.0
ENSG00000160221,0.0
ENSG00000196569,0.0
ENSG00000104047,0.0
ENSG00000168807,0.0
ENSG00000085449,0.0
ENSG00000072422,0.0
ENSG00000129988,0.0
ENSG00000085265,0.0
ENSG00000005022,0.0
ENSG00000170606,0.0
ENSG00000124172,0.0
ENSG00000121898,0.0
ENSG00000244242,0.0
ENSG00000144746,0.0
ENSG00000111817,0.0
ENSG00000168036,0.0
ENSG00000102024,0.0
ENSG00000009307,0.0
ENSG00000105426,0.0
ENSG00000100353,0.0
ENSG00000147140,0.0
ENSG00000138119,0.0
ENSG00000111142,0.0
ENSG00000109390,0.0
ENSG00000180730,0.0
ENSG00000056558,0.0
ENSG00000196693,0.0
ENSG00000058272,0.0
ENSG00000164609,0.0
ENSG00000214078,0.0
ENSG00000159461,0.0
ENSG00000168522,0.0
ENSG00000175216,0.0
ENSG00000263465,0.0
ENSG00000272668,0.0
ENSG00000239839,0.0
ENSG00000091831,0.0
ENSG00000102225,0.0
ENSG00000196639,0.0
ENSG00000198677,0.0
ENSG00000138080,0.0
ENSG00000181656,0.0
ENSG00000030582,0.0
ENSG00000155368,0.0
ENSG00000153071,0.0
ENSG00000123096,0.0
ENSG00000109846,0.0
ENSG00000072682,0.0
ENSG00000102316,0.0
ENSG00000147677,0.0
ENSG00000173726,0.0
ENSG00000165119,0.0
ENSG00000100364,0.0
ENSG00000115216,0.0
ENSG00000116521,0.0
ENSG00000112972,0.0
ENSG00000263244,0.0
ENSG00000229807,0.0
ENSG00000123143,0.0
ENSG00000100258,0.0
ENSG00000168542,0.0
ENSG00000163807,0.0
ENSG00000101596,0.0
ENSG00000123342,0.0
ENSG00000080603,0.0
ENSG00000196642,0.0
ENSG00000116704,0.0
ENSG00000145431,0.0
ENSG00000133318,0.0
ENSG00000126214,0.0
ENSG00000164647,0.0
ENSG00000119820,0.0
ENSG00000164692,0.0
ENSG00000163820,0.0
ENSG00000101000,0.0
ENSG00000078687,0.0
ENSG00000109099,0.0
ENSG00000111897,0.0
ENSG00000000003,0.0
ENSG00000197081,0.0
ENSG00000158008,0.0
ENSG00000140105,0.0
ENSG00000075568,0.0
ENSG00000179104,0.0
ENSG00000184384,0.0
ENSG00000162729,0.0
ENSG00000092201,0.0
ENSG00000108691,0.0
ENSG00000121281,0.0
ENSG00000163597,0.0
ENSG00000143226,0.0
ENSG00000136928,0.0
ENSG00000198146,0.0
ENSG00000123091,0.0
ENSG00000169071,0.0
ENSG00000023516,0.0
ENSG00000183726,0.0
ENSG00000169902,0.0
ENSG00000277203,0.0
ENSG00000064115,0.0
ENSG00000048707,0.0
ENSG00000157764,0.0
ENSG00000141646,0.0
ENSG00000112893,0.0
ENSG00000131149,0.0
ENSG00000171490,0.0
ENSG00000184110,0.0
ENSG00000167615,0.0
ENSG00000269893,0.0
ENSG00000125534,0.0
ENSG00000149480,0.0
ENSG00000147065,0.0
ENSG00000177469,0.0
ENSG00000151491,0.0
ENSG00000112773,0.0
ENSG00000185122,0.0
ENSG00000185808,0.0
ENSG00000014216,0.0
ENSG00000100138,0.0
ENSG00000063180,0.0
ENSG00000065485,0.0
ENSG00000183114,0.0
ENSG00000102241,0.0
ENSG00000095321,0.0
ENSG00000187446,0.0
ENSG00000101856,0.0
ENSG00000196968,0.0
ENSG00000219481,0.0
ENSG00000079805,0.0
ENSG00000127526,0.0
ENSG00000164830,0.0
ENSG00000158292,0.0
ENSG00000088038,0.0
ENSG00000234754,0.0
ENSG00000136279,0.0
ENSG00000145740,0.0
ENSG00000132326,0.0
ENSG00000175166,0.0
ENSG00000175602,0.0
ENSG00000019549,0.0
ENSG00000167552,0.0
ENSG00000117500,0.0
ENSG00000167397,0.0
ENSG00000182158,0.0
ENSG00000122566,0.0
ENSG00000137285,0.0
ENSG00000196230,0.0
ENSG00000110811,0.0
ENSG00000085063,0.0
ENSG00000077942,0.0
ENSG00000163463,0.0
ENSG00000133110,0.0
ENSG00000177045,0.0
ENSG00000130635,0.0
ENSG00000204498,0.0
ENSG00000204262,0.0
ENSG00000124570,0.0
ENSG00000068323,0.0
ENSG00000101444,0.0
ENSG00000126001,0.0
ENSG00000103769,0.0
ENSG00000109062,0.0
ENSG00000163872,0.0
ENSG00000131480,0.0
ENSG00000101940,0.0
ENSG00000185634,0.0
ENSG00000100503,0.0
ENSG00000001630,0.0
ENSG00000156113,0.0
ENSG00000161960,0.0
ENSG00000123610,0.0
ENSG00000243649,0.0
ENSG00000164292,0.0
ENSG00000131459,0.0
ENSG00000149925,0.0
ENSG00000204103,0.0
ENSG00000137497,0.0
ENSG00000069702,0.0
ENSG00000170348,0.0
ENSG00000211455,0.0
ENSG00000151327,0.0
ENSG00000147535,0.0
ENSG00000169756,0.0
ENSG00000183955,0.0
ENSG00000167157,0.0
ENSG00000160633,0.0
ENSG00000121005,0.0
ENSG00000062716,0.0
ENSG00000146648,0.0
ENSG00000141867,0.0
ENSG00000205937,0.0
ENSG00000154518,0.0
ENSG00000136051,0.0
ENSG00000143486,0.0
ENSG00000100439,0.0
ENSG00000162623,0.0
ENSG00000008256,0.0
ENSG00000162944,0.0
ENSG00000114450,0.0
ENSG00000164105,0.0
ENSG00000275052,0.0
ENSG00000124702,0.0
ENSG00000107829,0.0
ENSG00000141002,0.0
ENSG00000185825,0.0
ENSG00000021355,0.0
ENSG00000005381,0.0
ENSG00000185112,0.0
ENSG00000168439,0.0
ENSG00000184983,0.0
ENSG00000170891,0.0
ENSG00000128585,0.0
ENSG00000100804,0.0
ENSG00000125148,0.0
ENSG00000171148,0.0
ENSG00000253719,0.0
ENSG00000140564,0.0
ENSG00000137831,0.0
ENSG00000138685,0.0
ENSG00000134250,0.0
ENSG00000171314,0.0
ENSG00000176046,0.0
ENSG00000108821,0.0
ENSG00000075035,0.0
ENSG00000147162,0.0
ENSG00000135052,0.0
ENSG00000140945,0.0
ENSG00000149792,0.0
ENSG00000240303,0.0
ENSG00000132470,0.0
ENSG00000135709,0.0
ENSG00000186111,0.0
ENSG00000203706,0.0
ENSG00000100462,0.0
ENSG00000150459,0.0
ENSG00000100815,0.0
ENSG00000179833,0.0
ENSG00000196187,0.0
ENSG00000123505,0.0
ENSG00000196611,0.0
ENSG00000114902,0.0
ENSG00000108840,0.0
ENSG00000196419,0.0
ENSG00000105583,0.0
ENSG00000165410,0.0
ENSG00000130821,0.0
ENSG00000174099,0.0
ENSG00000157500,0.0
ENSG00000221983,0.0
ENSG00000160683,0.0
ENSG00000113083,0.0
ENSG00000128272,0.0
ENSG00000069188,0.0
ENSG00000176171,0.0
ENSG00000108175,0.0
ENSG00000131981,0.0
ENSG00000196498,0.0
ENSG00000115561,0.0
ENSG00000165671,0.0
ENSG00000129084,0.0
ENSG00000134697,0.0
ENSG00000182923,0.0
ENSG00000060339,0.0
ENSG00000168758,0.0
ENSG00000035687,0.0
ENSG00000137699,0.0
ENSG00000122203,0.0
ENSG00000266472,0.0
ENSG00000175582,0.0
ENSG00000172071,0.0
ENSG00000198954,0.0
ENSG00000197712,0.0
ENSG00000107984,0.0
ENSG00000121579,0.0
ENSG00000137710,0.0
ENSG00000169826,0.0
ENSG00000198833,0.0
ENSG00000106665,0.0
ENSG00000078304,0.0
ENSG00000177156,0.0
ENSG00000174021,0.0
ENSG00000143341,0.0
ENSG00000152700,0.0
ENSG00000088832,0.0
ENSG00000184634,0.0
ENSG00000058063,0.0
ENSG00000204673,0.0
ENSG00000110719,0.0
ENSG00000170142,0.0
ENSG00000169246,0.0
ENSG00000133816,0.0
ENSG00000185070,0.0
ENSG00000103342,0.0
ENSG00000160310,0.0
ENSG00000157985,0.0
ENSG00000144445,0.0
ENSG00000128590,0.0
ENSG00000187109,0.0
ENSG00000177575,0.0
ENSG00000182534,0.0
ENSG00000110651,0.0
ENSG00000206172,0.0
ENSG00000156011,0.0
ENSG00000089692,0.0
ENSG00000123349,0.0
ENSG00000143384,0.0
ENSG00000149115,0.0
ENSG00000148229,0.0
ENSG00000171951,0.0
ENSG00000230724,0.0
ENSG00000151366,0.0
ENSG00000124813,0.0
ENSG00000183011,0.0
ENSG00000255112,0.0
ENSG00000175662,0.0
ENSG00000113811,0.0
ENSG00000175826,0.0
ENSG00000185896,0.0
ENSG00000119707,0.0
ENSG00000147251,0.0
ENSG00000115128,0.0
ENSG00000107581,0.0
ENSG00000067704,0.0
ENSG00000178951,0.0
ENSG00000114423,0.0
ENSG00000176340,0.0
ENSG00000169252,0.0
ENSG00000103502,0.0
ENSG00000112419,0.0
ENSG00000172057,0.0
ENSG00000140264,0.0
ENSG00000285505,0.0
ENSG00000240972,0.0
ENSG00000153707,0.0
ENSG00000100979,0.0
ENSG00000179094,0.0
ENSG00000197324,0.0
ENSG00000198668,0.0
ENSG00000204387,0.0
ENSG00000170525,0.0
ENSG00000184584,0.0
ENSG00000145741,0.0
ENSG00000010017,0.0
ENSG00000145687,0.0
ENSG00000165389,0.0
ENSG00000101191,0.0
ENSG00000173868,0.0
ENSG00000124151,0.0
ENSG00000138031,0.0
ENSG00000182827,0.0
ENSG00000116711,0.0
ENSG00000140859,0.0
ENSG00000157224,0.0
ENSG00000136986,0.0
ENSG00000100823,0.0
ENSG00000100300,0.0
ENSG00000163728,0.0
ENSG00000136450,0.0
ENSG00000121310,0.0
ENSG00000099953,0.0
ENSG00000121892,0.0
ENSG00000163161,0.0
ENSG00000182199,0.0
ENSG00000170275,0.0
ENSG00000196126,0.0
ENSG00000155893,0.0
ENSG00000185885,0.0
ENSG00000080824,0.0
ENSG00000173369,0.0
ENSG00000130741,0.0
ENSG00000116209,0.0
ENSG00000060138,0.0
ENSG00000197102,0.0
ENSG00000117308,0.0
ENSG00000100811,0.0
ENSG00000214274,0.0
ENSG00000119335,0.0
ENSG00000137409,0.0
ENSG00000178952,0.0
ENSG00000099940,0.0
ENSG00000269821,0.0
ENSG00000136448,0.0
ENSG00000124193,0.0
ENSG00000105519,0.0
ENSG00000147010,0.0
ENSG00000128524,0.0
ENSG00000168386,0.0
ENSG00000182149,0.0
ENSG00000163902,0.0
ENSG00000122870,0.0
ENSG00000127314,0.0
ENSG00000023228,0.0
ENSG00000143819,0.0
ENSG00000149218,0.0
ENSG00000153291,0.0
ENSG00000128309,0.0
ENSG00000108518,0.0
ENSG00000168140,0.0
ENSG00000135486,0.0
ENSG00000177410,0.0
ENSG00000145391,0.0
ENSG00000135677,0.0
ENSG00000159335,0.0
ENSG00000079308,0.0
ENSG00000135506,0.0
ENSG00000152332,0.0
ENSG00000180198,0.0
ENSG00000160948,0.0
ENSG00000108312,0.0
ENSG00000126653,0.0
ENSG00000100568,0.0
ENSG00000105700,0.0
ENSG00000133706,0.0
ENSG00000001036,0.0
ENSG00000242125,0.0
ENSG00000103197,0.0
ENSG00000275700,0.0
ENSG00000213246,0.0
ENSG00000175550,0.0
ENSG00000152127,0.0
ENSG00000147400,0.0
ENSG00000166946,0.0
ENSG00000269955,0.0
ENSG00000154553,0.0
ENSG00000101367,0.0
ENSG00000116977,0.0
ENSG00000145337,0.0
ENSG00000100241,0.0
ENSG00000104695,0.0
ENSG00000154864,0.0
ENSG00000168874,0.0
ENSG00000135404,0.0
ENSG00000160710,0.0
ENSG00000178726,0.0
ENSG00000130811,0.0
ENSG00000142552,0.0
ENSG00000131469,0.0
ENSG00000115594,0.0
ENSG00000171819,0.0
ENSG00000131051,0.0
ENSG00000137500,0.0
ENSG00000141736,0.0
ENSG00000104765,0.0
ENSG00000004660,0.0
ENSG00000214046,0.0
ENSG00000256500,0.0
ENSG00000159592,0.0
ENSG00000197157,0.0
ENSG00000115816,0.0
ENSG00000082898,0.0
ENSG00000080345,0.0
ENSG00000196104,0.0
ENSG00000198642,0.0
ENSG00000164091,0.0
ENSG00000187091,0.0
ENSG00000078804,0.0
ENSG00000080845,0.0
ENSG00000161057,0.0
ENSG00000006128,0.0
ENSG00000130595,0.0
ENSG00000002586,0.0
ENSG00000273730,0.0
ENSG00000091592,0.0
ENSG00000125730,0.0
ENSG00000171992,0.0
ENSG00000173376,0.0
ENSG00000149806,0.0
ENSG00000156467,0.0
ENSG00000143322,0.0
ENSG00000106244,0.0
ENSG00000119632,0.0
ENSG00000130382,0.0
ENSG00000137337,0.0
ENSG00000070770,0.0
ENSG00000102181,0.0
ENSG00000137871,0.0
ENSG00000100697,0.0
ENSG00000099797,0.0
ENSG00000020181,0.0
ENSG00000277258,0.0
ENSG00000166136,0.0
ENSG00000162591,0.0
ENSG00000114554,0.0
ENSG00000146411,0.0
ENSG00000128283,0.0
ENSG00000128908,0.0
ENSG00000065243,0.0
ENSG00000102401,0.0
ENSG00000260314,0.0
ENSG00000134294,0.0
ENSG00000108984,0.0
ENSG00000082996,0.0
ENSG00000157150,0.0
ENSG00000157557,0.0
ENSG00000102317,0.0
ENSG00000104419,0.0
ENSG00000214688,0.0
ENSG00000101160,0.0
ENSG00000172331,0.0
ENSG00000185499,0.0
ENSG00000170242,0.0
ENSG00000157796,0.0
ENSG00000112983,0.0
ENSG00000109787,0.0
ENSG00000124067,0.0
ENSG00000067064,0.0
ENSG00000005379,0.0
ENSG00000136930,0.0
ENSG00000004897,0.0
ENSG00000146242,0.0
ENSG00000121578,0.0
ENSG00000213977,0.0
ENSG00000151835,0.0
ENSG00000175203,0.0
ENSG00000167107,0.0
ENSG00000160209,0.0
ENSG00000124733,0.0
ENSG00000184216,0.0
ENSG00000010803,0.0
ENSG00000133858,0.0
ENSG00000128274,0.0
ENSG00000132522,0.0
ENSG00000100603,0.0
ENSG00000107438,0.0
ENSG00000122861,0.0
ENSG00000241685,0.0
ENSG00000122707,0.0
ENSG00000166747,0.0
ENSG00000104946,0.0
ENSG00000138386,0.0
ENSG00000105254,0.0
ENSG00000166226,0.0
ENSG00000188186,0.0
ENSG00000071282,0.0
ENSG00000067057,0.0
ENSG00000112511,0.0
ENSG00000121316,0.0
ENSG00000070081,0.0
ENSG00000122786,0.0
ENSG00000172809,0.0
ENSG00000165072,0.0
ENSG00000185164,0.0
ENSG00000114867,0.0
ENSG00000165502,0.0
ENSG00000103512,0.0
ENSG00000100380,0.0
ENSG00000111667,0.0
ENSG00000124222,0.0
ENSG00000184867,0.0
ENSG00000130164,0.0
ENSG00000255823,0.0
ENSG00000072042,0.0
ENSG00000126581,0.0
ENSG00000179119,0.0
ENSG00000285437,0.0
ENSG00000157625,0.0
ENSG00000158669,0.0
ENSG00000109572,0.0
ENSG00000165030,0.0
ENSG00000197496,0.0
ENSG00000101577,0.0
ENSG00000139343,0.0
ENSG00000090376,0.0
ENSG00000122591,0.0
ENSG00000130558,0.0
ENSG00000198108,0.0
ENSG00000114573,0.0
ENSG00000116729,0.0
ENSG00000151779,0.0
ENSG00000172349,0.0
ENSG00000150907,0.0
ENSG00000138172,0.0
ENSG00000169976,0.0
ENSG00000131508,0.0
ENSG00000172785,0.0
ENSG00000136628,0.0
ENSG00000121774,0.0
ENSG00000163939,0.0
ENSG00000137193,0.0
ENSG00000087470,0.0
ENSG00000169855,0.0
ENSG00000133226,0.0
ENSG00000237651,0.0
ENSG00000169710,0.0
ENSG00000169504,0.0
ENSG00000115414,0.0
ENSG00000108551,0.0
ENSG00000178104,0.0
ENSG00000197956,0.0
ENSG00000118257,0.0
ENSG00000092964,0.0
ENSG00000100345,0.0
ENSG00000179222,0.0
ENSG00000105223,0.0
ENSG00000116661,0.0
ENSG00000262655,0.0
ENSG00000185787,0.0
ENSG00000116741,0.0
ENSG00000165338,0.0
ENSG00000085788,0.0
ENSG00000136802,0.0
ENSG00000189184,0.0
ENSG00000129933,0.0
ENSG00000136010,0.0
ENSG00000063322,0.0
ENSG00000204435,0.0
ENSG00000014123,0.0
ENSG00000165525,0.0
ENSG00000246705,0.0
ENSG00000141627,0.0
ENSG00000100028,0.0
ENSG00000138029,0.0
ENSG00000270106,0.0
ENSG00000078142,0.0
ENSG00000173852,0.0
ENSG00000176973,0.0
ENSG00000121858,0.0
ENSG00000014824,0.0
ENSG00000185650,0.0
ENSG00000266412,0.0
ENSG00000112559,0.0
ENSG00000151150,0.0
ENSG00000198948,0.0
ENSG00000008710,0.0
ENSG00000137809,0.0
ENSG00000153993,0.0
ENSG00000129353,0.0
ENSG00000144802,0.0
ENSG00000105971,0.0
ENSG00000130720,0.0
ENSG00000103966,0.0
ENSG00000184678,0.0
ENSG00000164066,0.0
ENSG00000183354,0.0
ENSG00000069248,0.0
ENSG00000196313,0.0
ENSG00000188529,0.0
ENSG00000049130,0.0
ENSG00000065518,0.0
ENSG00000150760,0.0
ENSG00000112655,0.0
ENSG00000135929,0.0
ENSG00000177700,0.0
ENSG00000054148,0.0
ENSG00000140367,0.0
ENSG00000127329,0.0
ENSG00000173457,0.0
ENSG00000072803,0.0
ENSG00000137145,0.0
ENSG00000153029,0.0
ENSG00000107281,0.0
ENSG00000178761,0.0
ENSG00000198892,0.0
ENSG00000103056,0.0
ENSG00000127743,0.0
ENSG00000242372,0.0
ENSG00000059758,0.0
ENSG00000165458,0.0
ENSG00000089159,0.0
ENSG00000169813,0.0
ENSG00000044524,0.0
ENSG00000140836,0.0
ENSG00000146416,0.0
ENSG00000032219,0.0
ENSG00000145246,0.0
ENSG00000069956,0.0
ENSG00000108107,0.0
ENSG00000101096,0.0
ENSG00000137726,0.0
ENSG00000128595,0.0
ENSG00000006016,0.0
ENSG00000167642,0.0
ENSG00000167978,0.0
ENSG00000104805,0.0
ENSG00000138449,0.0
ENSG00000279569,0.0
ENSG00000174780,0.0
ENSG00000198734,0.0
ENSG00000017797,0.0
ENSG00000196549,0.0
ENSG00000182831,0.0
ENSG00000173926,0.0
ENSG00000128708,0.0
ENSG00000112394,0.0
ENSG00000275395,0.0
ENSG00000103365,0.0
ENSG00000123360,0.0
ENSG00000114030,0.0
ENSG00000143337,0.0
ENSG00000168255,0.0
ENSG00000111786,0.0
ENSG00000015171,0.0
ENSG00000088833,0.0
ENSG00000144649,0.0
ENSG00000163565,0.0
ENSG00000175482,0.0
ENSG00000176986,0.0
ENSG00000126067,0.0
ENSG00000150867,0.0
ENSG00000180530,0.0
ENSG00000169251,0.0
ENSG00000169446,0.0
ENSG00000100321,0.0
ENSG00000114374,0.0
ENSG00000078747,0.0
ENSG00000170608,0.0
ENSG00000181982,0.0
ENSG00000111269,0.0
ENSG00000003436,0.0
ENSG00000172466,0.0
ENSG00000011465,0.0
ENSG00000100129,0.0
ENSG00000150938,0.0
ENSG00000177283,0.0
ENSG00000105373,0.0
ENSG00000129226,0.0
ENSG00000144476,0.0
ENSG00000167123,0.0
ENSG00000162407,0.0
ENSG00000044574,0.0
ENSG00000165795,0.0
ENSG00000172845,0.0
ENSG00000054793,0.0
ENSG00000116266,0.0
ENSG00000012223,0.0
ENSG00000119844,0.0
ENSG00000171456,0.0
ENSG00000166292,0.0
ENSG00000174720,0.0
ENSG00000108819,0.0
ENSG00000166889,0.0
ENSG00000151632,0.0
ENSG00000054598,0.0
ENSG00000160307,0.0
ENSG00000197594,0.0
ENSG00000101421,0.0
ENSG00000261371,0.0
ENSG00000123095,0.0
ENSG00000171863,0.0
ENSG00000089009,0.0
ENSG00000164086,0.0
ENSG00000189221,0.0
ENSG00000132329,0.0
ENSG00000065883,0.0
ENSG00000258890,0.0
ENSG00000125652,0.0
ENSG00000132466,0.0
ENSG00000131370,0.0
ENSG00000081237,0.0
ENSG00000159128,0.0
ENSG00000170266,0.0
ENSG00000171552,0.0
ENSG00000132688,0.0
ENSG00000144645,0.0
ENSG00000103202,0.0
ENSG00000111906,0.0
ENSG00000111596,0.0
ENSG00000110917,0.0
ENSG00000009954,0.0
ENSG00000272674,0.0
ENSG00000109323,0.0
ENSG00000053254,0.0
ENSG00000161791,0.0
ENSG00000170160,0.0
ENSG00000129003,0.0
ENSG00000133243,0.0
ENSG00000144118,0.0
ENSG00000119977,0.0
ENSG00000279526,0.0
ENSG00000064601,0.0
ENSG00000139433,0.0
ENSG00000233087,0.0
ENSG00000196998,0.0
ENSG00000204120,0.0
ENSG00000099250,0.0
ENSG00000250722,0.0
ENSG00000118058,0.0
ENSG00000123416,0.0
ENSG00000177600,0.0
ENSG00000169764,0.0
ENSG00000090006,0.0
ENSG00000161638,0.0
ENSG00000100644,0.0
ENSG00000135046,0.0
ENSG00000181458,0.0
ENSG00000132475,0.0
ENSG00000068878,0.0
ENSG00000171105,0.0
ENSG00000113068,0.0
ENSG00000172922,0.0
ENSG00000253797,0.0
ENSG00000088280,0.0
ENSG00000164323,0.0
ENSG00000162521,0.0
ENSG00000124343,0.0
ENSG00000029725,0.0
ENSG00000187051,0.0
ENSG00000107771,0.0
ENSG00000118260,0.0
ENSG00000198909,0.0
ENSG00000145476,0.0
ENSG00000164442,0.0
ENSG00000214021,0.0
ENSG00000274944,0.0
ENSG00000166548,0.0
ENSG00000158615,0.0
ENSG00000117360,0.0
ENSG00000119403,0.0
ENSG00000196531,0.0
ENSG00000144857,0.0
ENSG00000021762,0.0
ENSG00000260032,0.0
ENSG00000173812,0.0
ENSG00000179820,0.0
ENSG00000092841,0.0
ENSG00000131196,0.0
ENSG00000068078,0.0
ENSG00000170581,0.0
ENSG00000166855,0.0
ENSG00000275895,0.0
ENSG00000107159,0.0
ENSG00000164896,0.0
ENSG00000138069,0.0
ENSG00000039319,0.0
ENSG00000174243,0.0
ENSG00000138085,0.0
ENSG00000004059,0.0
ENSG00000101190,0.0
ENSG00000090520,0.0
ENSG00000079931,0.0
ENSG00000082438,0.0
ENSG00000161249,0.0
ENSG00000129083,0.0
ENSG00000108604,0.0
ENSG00000119402,0.0
ENSG00000173064,0.0
ENSG00000105880,0.0
ENSG00000177225,0.0
ENSG00000107290,0.0
ENSG00000140848,0.0
ENSG00000112936,0.0
ENSG00000106258,0.0
ENSG00000108256,0.0
ENSG00000178234,0.0
ENSG00000205364,0.0
ENSG00000103479,0.0
ENSG00000164694,0.0
ENSG00000198918,0.0
ENSG00000078098,0.0
ENSG00000197746,0.0
ENSG00000166441,0.0
ENSG00000132589,0.0
ENSG00000163815,0.0
ENSG00000104408,0.0
ENSG00000183020,0.0
ENSG00000015568,0.0
ENSG00000100722,0.0
ENSG00000182117,0.0
ENSG00000137103,0.0
ENSG00000104756,0.0
ENSG00000164307,0.0
ENSG00000133985,0.0
ENSG00000146834,0.0
ENSG00000137038,0.0
ENSG00000151239,0.0
ENSG00000152082,0.0
ENSG00000185475,0.0
ENSG00000086062,0.0
ENSG00000072694,0.0
ENSG00000120913,0.0
ENSG00000168300,0.0
ENSG00000117139,0.0
ENSG00000137070,0.0
ENSG00000186654,0.0
ENSG00000126368,0.0
ENSG00000116260,0.0
ENSG00000096060,0.0
ENSG00000117020,0.0
ENSG00000100650,0.0
ENSG00000168028,0.0
ENSG00000234741,0.0
ENSG00000122884,0.0
ENSG00000102575,0.0
ENSG00000110700,0.0
ENSG00000167543,0.0
ENSG00000100348,0.0
ENSG00000163946,0.0
ENSG00000130706,0.0
ENSG00000163428,0.0
ENSG00000160200,0.0
ENSG00000132356,0.0
ENSG00000110090,0.0
ENSG00000164976,0.0
ENSG00000244405,0.0
ENSG00000186866,0.0
ENSG00000163374,0.0
ENSG00000155287,0.0
ENSG00000169018,0.0
ENSG00000009335,0.0
ENSG00000165623,0.0
ENSG00000149090,0.0
ENSG00000016391,0.0
ENSG00000090238,0.0
ENSG00000143799,0.0
ENSG00000260231,0.0
ENSG00000223865,0.0
ENSG00000128829,0.0
ENSG00000163634,0.0
ENSG00000166411,0.0
ENSG00000110906,0.0
ENSG00000137575,0.0
ENSG00000125378,0.0
ENSG00000196465,0.0
ENSG00000100842,0.0
ENSG00000107185,0.0
ENSG00000106397,0.0
ENSG00000143106,0.0
ENSG00000170889,0.0
ENSG00000111669,0.0
ENSG00000143248,0.0
ENSG00000167779,0.0
ENSG00000204388,0.0
ENSG00000167004,0.0
ENSG00000114942,0.0
ENSG00000152518,0.0
ENSG00000136942,0.0
ENSG00000105193,0.0
ENSG00000118705,0.0
ENSG00000134686,0.0
ENSG00000221978,0.0
ENSG00000101654,0.0
ENSG00000005243,0.0
ENSG00000168936,0.0
ENSG00000176731,0.0
ENSG00000067334,0.0
ENSG00000131558,0.0
ENSG00000006282,0.0
ENSG00000075239,0.0
ENSG00000163069,0.0
ENSG00000140743,0.0
ENSG00000119314,0.0
ENSG00000182446,0.0
ENSG00000141504,0.0
ENSG00000166887,0.0
ENSG00000104897,0.0
ENSG00000100883,0.0
ENSG00000111647,0.0
ENSG00000124228,0.0
ENSG00000106366,0.0
ENSG00000109472,0.0
ENSG00000114391,0.0
ENSG00000130522,0.0
ENSG00000186340,0.0
ENSG00000158710,0.0
ENSG00000149257,0.0
ENSG00000140575,0.0
ENSG00000184557,0.0
ENSG00000137745,0.0
ENSG00000067048,0.0
ENSG00000135318,0.0
ENSG00000214548,0.0
ENSG00000023287,0.0
ENSG00000139687,0.0
ENSG00000242574,0.0
ENSG00000077092,0.0
ENSG00000116857,0.0
ENSG00000117625,0.0
ENSG00000179388,0.0
ENSG00000152977,0.0
ENSG00000102699,0.0
ENSG00000164904,0.0
ENSG00000183508,0.0
ENSG00000070831,0.0
ENSG00000140386,0.0
ENSG00000162636,0.0
ENSG00000005889,0.0
ENSG00000135945,0.0
ENSG00000155660,0.0
ENSG00000204231,0.0
ENSG00000197006,0.0
ENSG00000153898,0.0
ENSG00000114125,0.0
ENSG00000075142,0.0
ENSG00000060749,0.0
ENSG00000105993,0.0
ENSG00000123243,0.0
ENSG00000156535,0.0
ENSG00000127914,0.0
ENSG00000063177,0.0
ENSG00000186468,0.0
ENSG00000198755,0.0
ENSG00000132561,0.0
ENSG00000003989,0.0
ENSG00000077782,0.0
ENSG00000187240,0.0
ENSG00000110693,0.0
ENSG00000100902,0.0
ENSG00000138381,0.0
ENSG00000120533,0.0
ENSG00000112175,0.0
ENSG00000271894,0.0
ENSG00000113649,0.0
ENSG00000169217,0.0
ENSG00000198862,0.0
ENSG00000183258,0.0
ENSG00000118680,0.0
ENSG00000156599,0.0
ENSG00000173436,0.0
ENSG00000147408,0.0
ENSG00000060982,0.0
ENSG00000185201,0.0
ENSG00000100243,0.0
ENSG00000100242,0.0
ENSG00000106823,0.0
ENSG00000163513,0.0
ENSG00000083845,0.0
ENSG00000033627,0.0
ENSG00000153037,0.0
ENSG00000165934,0.0
ENSG00000102054,0.0
ENSG00000071127,0.0
ENSG00000068001,0.0
ENSG00000174428,0.0
ENSG00000163125,0.0
ENSG00000122034,0.0
ENSG00000096401,0.0
ENSG00000012817,0.0
ENSG00000116350,0.0
ENSG00000163349,0.0
ENSG00000181722,0.0
ENSG00000197122,0.0
ENSG00000160216,0.0
ENSG00000113360,0.0
ENSG00000211448,0.0
ENSG00000134602,0.0
ENSG00000111199,0.0
ENSG00000109475,0.0
ENSG00000163754,0.0
ENSG00000130255,0.0
ENSG00000162493,0.0
ENSG00000182326,0.0
ENSG00000070756,0.0
ENSG00000182774,0.0
ENSG00000202198,0.0
ENSG00000100647,0.0
ENSG00000139746,0.0
ENSG00000276168,0.0
ENSG00000077157,0.0
ENSG00000151135,0.0
ENSG00000087494,0.0
ENSG00000137504,0.0
ENSG00000136044,0.0
ENSG00000186395,0.0
ENSG00000017260,0.0
ENSG00000180182,0.0
ENSG00000187068,0.0
ENSG00000054654,0.0
ENSG00000164591,0.0
ENSG00000182197,0.0
ENSG00000138175,0.0
ENSG00000197461,0.0
ENSG00000130640,0.0
ENSG00000112146,0.0
ENSG00000196235,0.0
ENSG00000186350,0.0
ENSG00000108406,0.0
ENSG00000160445,0.0
ENSG00000055332,0.0
ENSG00000180488,0.0
ENSG00000149357,0.0
ENSG00000120256,0.0
ENSG00000140718,0.0
ENSG00000005075,0.0
ENSG00000185651,0.0
ENSG00000141380,0.0
ENSG00000112304,0.0
ENSG00000136636,0.0
ENSG00000085982,0.0
ENSG00000085832,0.0
ENSG00000132849,0.0
ENSG00000167460,0.0
ENSG00000205221,0.0
ENSG00000107738,0.0
ENSG00000038427,0.0
ENSG00000135245,0.0
ENSG00000241343,0.0
ENSG00000116991,0.0
ENSG00000122406,0.0
ENSG00000122863,0.0
ENSG00000111371,0.0
ENSG00000234745,0.0
ENSG00000270629,0.0
ENSG00000233024,0.0
ENSG00000168090,0.0
ENSG00000151461,0.0
ENSG00000169062,0.0
ENSG00000039123,0.0
ENSG00000197386,0.0
ENSG00000172340,0.0
ENSG00000164050,0.0
ENSG00000146463,0.0
ENSG00000109118,0.0
ENSG00000175416,0.0
ENSG00000166147,0.0
ENSG00000174444,0.0
ENSG00000160888,0.0
ENSG00000141469,0.0
ENSG00000213145,0.0
ENSG00000196628,0.0
ENSG00000184009,0.0
ENSG00000166949,0.0
ENSG00000119711,0.0
ENSG00000105357,0.0
ENSG00000154174,0.0
ENSG00000115540,0.0
ENSG00000092010,0.0
ENSG00000272021,0.0
ENSG00000159212,0.0
ENSG00000243509,0.0
ENSG00000157540,0.0
ENSG00000139597,0.0
ENSG00000148248,0.0
ENSG00000115919,0.0
ENSG00000124383,0.0
ENSG00000099904,0.0
ENSG00000122515,0.0
ENSG00000102858,0.0
ENSG00000184900,0.0
ENSG00000178996,0.0
ENSG00000198612,0.0
ENSG00000011243,0.0
ENSG00000138095,0.0
ENSG00000078140,0.0
ENSG00000123374,0.0
ENSG00000132612,0.0
ENSG00000134717,0.0
ENSG00000105819,0.0
ENSG00000106537,0.0
ENSG00000237765,0.0
ENSG00000138592,0.0
ENSG00000141458,0.0
ENSG00000108298,0.0
ENSG00000161970,0.0
ENSG00000113916,0.0
ENSG00000197747,0.0
ENSG00000213614,0.0
ENSG00000183798,0.0
ENSG00000204592,0.0
ENSG00000142937,0.0
ENSG00000133639,0.0
ENSG00000160678,0.0
ENSG00000142089,0.0
ENSG00000163527,0.0
ENSG00000071082,0.0
ENSG00000186815,0.0
ENSG00000170017,0.0
ENSG00000211675,0.0
ENSG00000147654,0.0
ENSG00000116478,0.0
ENSG00000139044,0.0
ENSG00000028203,0.0
ENSG00000058453,0.0
ENSG00000276293,0.0
ENSG00000106070,0.0
ENSG00000147684,0.0
ENSG00000140829,0.0
ENSG00000204227,0.0
ENSG00000143164,0.0
ENSG00000131844,0.0
ENSG00000085998,0.0
ENSG00000131626,0.0
ENSG00000166479,0.0
ENSG00000165732,0.0
ENSG00000134030,0.0
ENSG00000105976,0.0
ENSG00000073060,0.0
ENSG00000100225,0.0
ENSG00000251022,0.0
ENSG00000088930,0.0
ENSG00000122026,0.0
ENSG00000225339,0.0
ENSG00000169604,0.0
ENSG00000152583,0.0
ENSG00000174748,0.0
ENSG00000161714,0.0
ENSG00000102760,0.0
ENSG00000164587,0.0
ENSG00000011028,0.0
ENSG00000103489,0.0
ENSG00000145592,0.0
ENSG00000147604,0.0
ENSG00000184863,0.0
ENSG00000230590,0.0
ENSG00000126822,0.0
ENSG00000203618,0.0
ENSG00000140443,0.0
ENSG00000173641,0.0
ENSG00000166337,0.0
ENSG00000205133,0.0
ENSG00000213625,0.0
ENSG00000136235,0.0
ENSG00000100316,0.0
ENSG00000140545,0.0
ENSG00000150093,0.0
ENSG00000082781,0.0
ENSG00000107968,0.0
ENSG00000150977,0.0
ENSG00000131375,0.0
ENSG00000198176,0.0
ENSG00000123352,0.0
ENSG00000166037,0.0
ENSG00000073050,0.0
ENSG00000214357,0.0
ENSG00000081853,0.0
ENSG00000152990,0.0
ENSG00000099901,0.0
ENSG00000283293,0.0
ENSG00000124201,0.0
ENSG00000084676,0.0
ENSG00000172239,0.0
ENSG00000184076,0.0
ENSG00000176783,0.0
ENSG00000109536,0.0
ENSG00000169896,0.0
ENSG00000104388,0.0
ENSG00000075618,0.0
ENSG00000008988,0.0
ENSG00000067225,0.0
ENSG00000118181,0.0
ENSG00000129596,0.0
ENSG00000141753,0.0
ENSG00000112306,0.0
ENSG00000241111,0.0
ENSG00000170776,0.0
ENSG00000115468,0.0
ENSG00000159713,0.0
ENSG00000166912,0.0
ENSG00000142583,0.0
ENSG00000006712,0.0
ENSG00000113810,0.0
ENSG00000260772,0.0
ENSG00000132879,0.0
ENSG00000112200,0.0
ENSG00000068366,0.0
ENSG00000113328,0.0
ENSG00000015479,0.0
ENSG00000109929,0.0
ENSG00000111261,0.0
ENSG00000213563,0.0
ENSG00000125520,0.0
ENSG00000134748,0.0
ENSG00000134882,0.0
ENSG00000179304,0.0
ENSG00000117362,0.0
ENSG00000137507,0.0
ENSG00000226950,0.0
ENSG00000204267,0.0
ENSG00000089351,0.0
ENSG00000154237,0.0
ENSG00000105379,0.0
ENSG00000156232,0.0
ENSG00000115839,0.0
ENSG00000138641,0.0
ENSG00000108679,0.0
ENSG00000160113,0.0
ENSG00000126457,0.0
ENSG00000221823,0.0
ENSG00000087263,0.0
ENSG00000170515,0.0
ENSG00000134982,0.0
ENSG00000100941,0.0
ENSG00000119396,0.0
ENSG00000140395,0.0
ENSG00000126947,0.0
ENSG00000182985,0.0
ENSG00000134453,0.0
ENSG00000153922,0.0
ENSG00000100154,0.0
ENSG00000165699,0.0
ENSG00000213593,0.0
ENSG00000164163,0.0
ENSG00000254369,0.0
ENSG00000079785,0.0
ENSG00000152484,0.0
ENSG00000265263,0.0
ENSG00000147133,0.0
ENSG00000106400,0.0
ENSG00000139651,0.0
ENSG00000130175,0.0
ENSG00000279072,0.0
ENSG00000157837,0.0
ENSG00000160014,0.0
ENSG00000184254,0.0
ENSG00000161847,0.0
ENSG00000113048,0.0
ENSG00000061987,0.0
ENSG00000183291,0.0
ENSG00000115457,0.0
ENSG00000174437,0.0
ENSG00000115947,0.0
ENSG00000163874,0.0
ENSG00000258498,0.0
ENSG00000100596,0.0
ENSG00000124942,0.0
ENSG00000163453,0.0
ENSG00000143878,0.0
ENSG00000204287,0.0
ENSG00000135916,0.0
ENSG00000074800,0.0
ENSG00000244734,0.0
ENSG00000167658,0.0
ENSG00000251562,0.0
ENSG00000132031,0.0
ENSG00000089057,0.0
ENSG00000081791,0.0
ENSG00000122877,0.0
ENSG00000100897,0.0
ENSG00000186469,0.0
ENSG00000082482,0.0
ENSG00000122257,0.0
ENSG00000197045,0.0
ENSG00000164916,0.0
ENSG00000185627,0.0
ENSG00000279296,0.0
ENSG00000137492,0.0
ENSG00000274333,0.0
ENSG00000168259,0.0
ENSG00000105281,0.0
ENSG00000151498,0.0
ENSG00000151929,0.0
ENSG00000168679,0.0
ENSG00000084623,0.0
ENSG00000104267,0.0
ENSG00000143811,0.0
ENSG00000157110,0.0
ENSG00000197601,0.0
ENSG00000176692,0.0
ENSG00000184436,0.0
ENSG00000161217,0.0
ENSG00000132676,0.0
ENSG00000162585,0.0
ENSG00000166200,0.0
ENSG00000052850,0.0
ENSG00000136193,0.0
ENSG00000099917,0.0
ENSG00000050327,0.0
ENSG00000278774,0.0
ENSG00000197111,0.0
ENSG00000142507,0.0
ENSG00000166197,0.0
ENSG00000178498,0.0
ENSG00000164733,0.0
ENSG00000167996,0.0
ENSG00000078596,0.0
ENSG00000065320,0.0
ENSG00000182718,0.0
ENSG00000101439,0.0
ENSG00000198886,0.0
ENSG00000144713,0.0
ENSG00000111640,0.0
ENSG00000130592,0.0
ENSG00000035862,0.0
ENSG00000109654,0.0
ENSG00000152595,0.0
ENSG00000185745,0.0
ENSG00000167193,0.0
ENSG00000211899,0.0
ENSG00000138138,0.0
ENSG00000135838,0.0
ENSG00000164366,0.0
ENSG00000115361,0.0
ENSG00000083168,0.0
ENSG00000204381,0.0
ENSG00000160007,0.0
ENSG00000179912,0.0
ENSG00000125166,0.0
ENSG00000115325,0.0
ENSG00000129244,0.0
ENSG00000110107,0.0
ENSG00000115504,0.0
ENSG00000104320,0.0
ENSG00000157423,0.0
ENSG00000179933,0.0
ENSG00000123684,0.0
ENSG00000001629,0.0
ENSG00000178127,0.0
ENSG00000198730,0.0
ENSG00000149564,0.0
ENSG00000165912,0.0
ENSG00000160584,0.0
ENSG00000099331,0.0
ENSG00000205084,0.0
ENSG00000110900,0.0
ENSG00000223501,0.0
ENSG00000121644,0.0
ENSG00000197894,0.0
ENSG00000204308,0.0
ENSG00000064961,0.0
ENSG00000167941,0.0
ENSG00000133055,0.0
ENSG00000186687,0.0
ENSG00000198712,0.0
ENSG00000212907,0.0
ENSG00000167772,0.0
ENSG00000145730,0.0
ENSG00000187498,0.0
ENSG00000147403,0.0
ENSG00000143387,0.0
ENSG00000068697,0.0
ENSG00000134333,0.0
ENSG00000161671,0.0
ENSG00000157514,0.0
ENSG00000188243,0.0
ENSG00000100968,0.0
ENSG00000081307,0.0
ENSG00000272333,0.0
ENSG00000107263,0.0
ENSG00000110048,0.0
ENSG00000090372,0.0
ENSG00000082074,0.0
ENSG00000080200,0.0
ENSG00000136754,0.0
ENSG00000076924,0.0
ENSG00000167085,0.0
ENSG00000172716,0.0
ENSG00000135932,0.0
ENSG00000105808,0.0
ENSG00000236287,0.0
ENSG00000150776,0.0
ENSG00000099385,0.0
ENSG00000119950,0.0
ENSG00000213281,0.0
ENSG00000143398,0.0
ENSG00000167645,0.0
ENSG00000180543,0.0
ENSG00000127125,0.0
ENSG00000196743,0.0
ENSG00000135018,0.0
ENSG00000171860,0.0
ENSG00000076053,0.0
ENSG00000197077,0.0
ENSG00000090013,0.0
ENSG00000184203,0.0
ENSG00000147642,0.0
ENSG00000114956,0.0
ENSG00000179163,0.0
ENSG00000076351,0.0
ENSG00000137573,0.0
ENSG00000131171,0.0
ENSG00000163682,0.0
ENSG00000158747,0.0
ENSG00000108654,0.0
ENSG00000188229,0.0
ENSG00000134242,0.0
ENSG00000221869,0.0
ENSG00000166741,0.0
ENSG00000125740,0.0
ENSG00000198034,0.0
ENSG00000203812,0.0
ENSG00000172977,0.0
ENSG00000170571,0.0
ENSG00000133983,0.0
ENSG00000255529,0.0
ENSG00000184208,0.0
ENSG00000204681,0.0
ENSG00000244687,0.0
ENSG00000165416,0.0
ENSG00000129518,0.0
ENSG00000104812,0.0
ENSG00000186591,0.0
ENSG00000197976,0.0
ENSG00000115159,0.0
ENSG00000136521,0.0
ENSG00000135316,0.0
ENSG00000168710,0.0
ENSG00000117114,0.0
ENSG00000086065,0.0
ENSG00000160145,0.0
ENSG00000172534,0.0
ENSG00000166402,0.0
ENSG00000099624,0.0
ENSG00000157800,0.0
ENSG00000198932,0.0
ENSG00000090266,0.0
ENSG00000254122,0.0
ENSG00000115183,0.0
ENSG00000125864,0.0
ENSG00000183495,0.0
ENSG00000107262,0.0
ENSG00000166164,0.0
ENSG00000159069,0.0
ENSG00000147123,0.0
ENSG00000160695,0.0
ENSG00000087086,0.0
ENSG00000137154,0.0
ENSG00000102265,0.0
ENSG00000152234,0.0
ENSG00000182934,0.0
ENSG00000198727,0.0
ENSG00000183098,0.0
ENSG00000110955,0.0
ENSG00000120885,0.0
ENSG00000116285,0.0
ENSG00000026025,0.0
ENSG00000229117,0.0
ENSG00000100985,0.0
ENSG00000133121,0.0
ENSG00000170906,0.0
ENSG00000101350,0.0
ENSG00000136813,0.0
ENSG00000101290,0.0
ENSG00000176407,0.0
ENSG00000143320,0.0
ENSG00000013573,0.0
ENSG00000182979,0.0
ENSG00000101193,0.0
ENSG00000177971,0.0
ENSG00000175155,0.0
ENSG00000169105,0.0
ENSG00000152061,0.0
ENSG00000107077,0.0
ENSG00000166562,0.0
ENSG00000113742,0.0
ENSG00000166016,0.0
ENSG00000143774,0.0
ENSG00000151240,0.0
ENSG00000115956,0.0
ENSG00000129757,0.0
ENSG00000140688,0.0
ENSG00000205531,0.0
ENSG00000118007,0.0
ENSG00000139192,0.0
ENSG00000164902,0.0
ENSG00000145241,0.0
ENSG00000164188,0.0
ENSG00000102710,0.0
ENSG00000119777,0.0
ENSG00000144357,0.0
ENSG00000141349,0.0
ENSG00000111670,0.0
ENSG00000143977,0.0
ENSG00000013374,0.0
ENSG00000205571,0.0
ENSG00000119938,0.0
ENSG00000261857,0.0
ENSG00000204291,0.0
ENSG00000136110,0.0
ENSG00000167526,0.0
ENSG00000105835,0.0
ENSG00000136156,0.0
ENSG00000154122,0.0
ENSG00000110321,0.0
ENSG00000123384,0.0
ENSG00000198373,0.0
ENSG00000160111,0.0
ENSG00000166710,0.0
ENSG00000198707,0.0
ENSG00000047644,0.0
ENSG00000175115,0.0
ENSG00000112249,0.0
ENSG00000068024,0.0
ENSG00000071626,0.0
ENSG00000060491,0.0
ENSG00000085662,0.0
ENSG00000158859,0.0
ENSG00000185608,0.0
ENSG00000125753,0.0
ENSG00000091317,0.0
ENSG00000196405,0.0
ENSG00000158711,0.0
ENSG00000178927,0.0
ENSG00000189001,0.0
ENSG00000095303,0.0
ENSG00000147050,0.0
ENSG00000188647,0.0
ENSG00000167244,0.0
ENSG00000142871,0.0
ENSG00000102804,0.0
ENSG00000173546,0.0
ENSG00000149131,0.0
ENSG00000075624,0.0
ENSG00000105664,0.0
ENSG00000157766,0.0
ENSG00000148180,0.0
ENSG00000135679,0.0
ENSG00000164176,0.0
ENSG00000185633,0.0
ENSG00000172354,0.0
ENSG00000160752,0.0
ENSG00000198736,0.0
ENSG00000196396,0.0
ENSG00000079999,0.0
ENSG00000106688,0.0
ENSG00000011275,0.0
ENSG00000108509,0.0
ENSG00000187955,0.0
ENSG00000113296,0.0
ENSG00000099860,0.0
ENSG00000182492,0.0
ENSG00000119681,0.0
ENSG00000197728,0.0
ENSG00000145623,0.0
ENSG00000010244,0.0
ENSG00000178607,0.0
ENSG00000116580,0.0
ENSG00000071794,0.0
ENSG00000125633,0.0
ENSG00000178057,0.0
ENSG00000105939,0.0
ENSG00000177383,0.0
ENSG00000111726,0.0
ENSG00000185920,0.0
ENSG00000168016,0.0
ENSG00000166275,0.0
ENSG00000232388,0.0
ENSG00000117118,0.0
ENSG00000128739,0.0
ENSG00000184226,0.0
ENSG00000172775,0.0
ENSG00000084112,0.0
ENSG00000121053,0.0
ENSG00000159202,0.0
ENSG00000166963,0.0
ENSG00000178188,0.0
ENSG00000167775,0.0
ENSG00000168961,0.0
ENSG00000258315,0.0
ENSG00000146535,0.0
ENSG00000154727,0.0
ENSG00000116095,0.0
ENSG00000176871,0.0
ENSG00000115758,0.0
ENSG00000281383,0.0
ENSG00000178425,0.0
ENSG00000275385,0.0
ENSG00000156650,0.0
ENSG00000148296,0.0
ENSG00000051596,0.0
ENSG00000169641,0.0
ENSG00000144848,0.0
ENSG00000120137,0.0
ENSG00000106245,0.0
ENSG00000040933,0.0
ENSG00000164056,0.0
ENSG00000138496,0.0
ENSG00000251493,0.0
ENSG00000141404,0.0
ENSG00000152556,0.0
ENSG00000183762,0.0
ENSG00000083123,0.0
ENSG00000117000,0.0
ENSG00000080815,0.0
ENSG00000143891,0.0
ENSG00000241945,0.0
ENSG00000146729,0.0
ENSG00000118523,0.0
ENSG00000245532,0.0
ENSG00000211459,0.0
ENSG00000112280,0.0
ENSG00000198695,0.0
ENSG00000050555,0.0
ENSG00000168077,0.0
ENSG00000196352,0.0
ENSG00000077063,0.0
ENSG00000177200,0.0
ENSG00000101825,0.0
ENSG00000163430,0.0
ENSG00000070018,0.0
ENSG00000148341,0.0
ENSG00000174804,0.0
ENSG00000107937,0.0
ENSG00000140632,0.0
ENSG00000157869,0.0
ENSG00000167601,0.0
ENSG00000108179,0.0
ENSG00000071564,0.0
ENSG00000244255,0.0
ENSG00000055483,0.0
ENSG00000001497,0.0
ENSG00000233954,0.0
ENSG00000131143,0.0
ENSG00000110931,0.0
ENSG00000013306,0.0
ENSG00000114626,0.0
ENSG00000178922,0.0
ENSG00000175899,0.0
ENSG00000119147,0.0
ENSG00000118785,0.0
ENSG00000154175,0.0
ENSG00000162998,0.0
ENSG00000196136,0.0
ENSG00000111799,0.0
ENSG00000100234,0.0
ENSG00000139329,0.0
ENSG00000104635,0.0
ENSG00000091986,0.0
ENSG00000171223,0.0
ENSG00000168477,0.0
ENSG00000133574,0.0
ENSG00000113758,0.0
ENSG00000119414,0.0
ENSG00000249915,0.0
ENSG00000141258,0.0
ENSG00000126870,0.0
ENSG00000130816,0.0
ENSG00000132254,0.0
ENSG00000253729,0.0
ENSG00000170345,0.0
ENSG00000160712,0.0
ENSG00000142156,0.0
ENSG00000137441,0.0
ENSG00000188257,0.0
ENSG00000135821,0.0
ENSG00000142173,0.0
ENSG00000122176,0.0
ENSG00000111341,0.0
ENSG00000197249,0.0
ENSG00000159228,0.0
ENSG00000203950,0.0
ENSG00000106066,0.0
ENSG00000169410,0.0
ENSG00000144677,0.0
ENSG00000204713,0.0
ENSG00000131263,0.0
ENSG00000100612,0.0
ENSG00000159842,0.0
ENSG00000062485,0.0
ENSG00000137815,0.0
ENSG00000115275,0.0
ENSG00000142599,0.0
ENSG00000154262,0.0
ENSG00000139083,0.0
ENSG00000105723,0.0
ENSG00000103353,0.0
ENSG00000177096,0.0
ENSG00000184349,0.0
ENSG00000078902,0.0
ENSG00000204248,0.0
ENSG00000061938,0.0
ENSG00000178982,0.0
ENSG00000115461,0.0
ENSG00000087245,0.0
ENSG00000145681,0.0
ENSG00000188488,0.0
ENSG00000283907,0.0
ENSG00000254126,0.0
ENSG00000102898,0.0
ENSG00000276256,0.0
ENSG00000115935,0.0
ENSG00000166780,0.0
ENSG00000280614,0.0
ENSG00000102878,0.0
ENSG00000165219,0.0
ENSG00000163697,0.0
ENSG00000126561,0.0
ENSG00000181191,0.0
ENSG00000157322,0.0
ENSG00000160255,0.0
ENSG00000161021,0.0
ENSG00000123739,0.0
ENSG00000107902,0.0
ENSG00000113140,0.0
ENSG00000116690,0.0
ENSG00000041982,0.0
ENSG00000211445,0.0
ENSG00000106809,0.0
ENSG00000125995,0.0
ENSG00000112576,0.0
ENSG00000139197,0.0
ENSG00000128607,0.0
ENSG00000141698,0.0
ENSG00000165609,0.0
ENSG00000136682,0.0
ENSG00000259024,0.0
ENSG00000185418,0.0
ENSG00000006007,0.0
ENSG00000177885,0.0
ENSG00000120738,0.0
ENSG00000105722,0.0
ENSG00000029559,0.0
ENSG00000215183,0.0
ENSG00000185630,0.0
