gene,importance
ENSG00000171067,0.013999999999999997
ENSG00000163884,0.011999999999999986
ENSG00000137054,0.01
ENSG00000283703,0.009999999999999997
ENSG00000188488,0.009999999999999995
ENSG00000022267,0.008145454545454543
ENSG00000265107,0.007999999999999998
ENSG00000124145,0.007999999999999998
ENSG00000160408,0.007999999999999997
ENSG00000146433,0.007999999999999997
ENSG00000114737,0.007999999999999995
ENSG00000141696,0.00785454545454545
ENSG00000183114,0.007776329331046306
ENSG00000083857,0.007640259740259738
ENSG00000115325,0.0075767410412440825
ENSG00000164932,0.006
ENSG00000143870,0.006
ENSG00000171314,0.005999999999999999
ENSG00000204262,0.005999999999999999
ENSG00000099260,0.005999999999999999
ENSG00000265972,0.005999999999999998
ENSG00000170266,0.005999999999999997
ENSG00000189058,0.005999999999999997
ENSG00000166508,0.005999999999999996
ENSG00000123689,0.005999999999999996
ENSG00000171385,0.005999999999999996
ENSG00000105373,0.005999999999999995
ENSG00000119812,0.005999999999999995
ENSG00000112576,0.005999999999999994
ENSG00000196199,0.005999999999999994
ENSG00000148303,0.005999999999999993
ENSG00000114626,0.005999999999999993
ENSG00000101017,0.005999999999999993
ENSG00000158195,0.005999999999999992
ENSG00000285410,0.005999999999999992
ENSG00000167645,0.0059999999999999915
ENSG00000179222,0.0059272727272727185
ENSG00000011201,0.005923076923076921
ENSG00000107372,0.005923076923076914
ENSG00000132589,0.005847605224963711
ENSG00000221869,0.005836734693877547
ENSG00000166441,0.0057776223776223766
ENSG00000179604,0.005769439071566726
ENSG00000138801,0.005762820512820506
ENSG00000197119,0.0056980056980056905
ENSG00000151348,0.004153687821612352
ENSG00000113578,0.004150943396226415
ENSG00000170382,0.004000000000000004
ENSG00000134602,0.004
ENSG00000133321,0.004
ENSG00000070756,0.004
ENSG00000172830,0.004
ENSG00000124214,0.004
ENSG00000161011,0.004
ENSG00000169228,0.003999999999999999
ENSG00000100095,0.003999999999999998
ENSG00000267100,0.003999999999999998
ENSG00000156976,0.003999999999999998
ENSG00000204628,0.003999999999999998
ENSG00000185022,0.003999999999999998
ENSG00000128309,0.003999999999999998
ENSG00000123131,0.0039999999999999975
ENSG00000187957,0.0039999999999999975
ENSG00000196666,0.0039999999999999975
ENSG00000131473,0.0039999999999999975
ENSG00000073969,0.003999999999999997
ENSG00000090520,0.003999999999999997
ENSG00000119138,0.003999999999999997
ENSG00000053254,0.003999999999999996
ENSG00000106819,0.003999999999999996
ENSG00000145908,0.003999999999999996
ENSG00000168938,0.003999999999999996
ENSG00000141569,0.003999999999999995
ENSG00000148730,0.003999999999999995
ENSG00000152952,0.003999999999999994
ENSG00000100906,0.003999999999999993
ENSG00000177954,0.003999999999999991
ENSG00000116717,0.00392452830188679
ENSG00000060982,0.003924528301886789
ENSG00000146281,0.003924528301886789
ENSG00000111328,0.0039245283018867864
ENSG00000075426,0.003923076923076923
ENSG00000136859,0.003921568627450974
ENSG00000171492,0.003919999999999999
ENSG00000106823,0.003918367346938774
ENSG00000167202,0.003918367346938773
ENSG00000072682,0.0038557504873294323
ENSG00000163517,0.0038545454545454486
ENSG00000189221,0.003851851851851848
ENSG00000094916,0.003851851851851846
ENSG00000006459,0.0038516483516483502
ENSG00000162191,0.003843137254901958
ENSG00000254772,0.003839999999999999
ENSG00000134198,0.003781818181818178
ENSG00000196305,0.0037777777777777775
ENSG00000139219,0.003774928774928774
ENSG00000079332,0.003770219198790624
ENSG00000059573,0.0037116883116883096
ENSG00000115318,0.0037090909090909093
ENSG00000111817,0.003709090909090908
ENSG00000120658,0.003629090909090909
ENSG00000143942,0.0036268343815513628
ENSG00000260914,0.0036226415094339584
ENSG00000012822,0.0020727272727272734
ENSG00000103489,0.0020056980056980048
ENSG00000141627,0.0020000000000000052
ENSG00000170290,0.002000000000000002
ENSG00000259721,0.0020000000000000018
ENSG00000148337,0.0020000000000000013
ENSG00000121057,0.002000000000000001
ENSG00000003436,0.002000000000000001
ENSG00000168542,0.002000000000000001
ENSG00000130811,0.002
ENSG00000145592,0.002
ENSG00000155380,0.002
ENSG00000105711,0.002
ENSG00000171451,0.002
ENSG00000105701,0.002
ENSG00000257704,0.002
ENSG00000163638,0.002
ENSG00000278884,0.002
ENSG00000121578,0.002
ENSG00000109265,0.002
ENSG00000249306,0.002
ENSG00000106511,0.002
ENSG00000105321,0.002
ENSG00000101096,0.002
ENSG00000112562,0.002
ENSG00000106809,0.002
ENSG00000069966,0.002
ENSG00000125651,0.002
ENSG00000185418,0.002
ENSG00000168944,0.002
ENSG00000182732,0.002
ENSG00000176142,0.002
ENSG00000225190,0.002
ENSG00000110700,0.002
ENSG00000175197,0.002
ENSG00000130653,0.002
ENSG00000130600,0.002
ENSG00000099875,0.002
ENSG00000130508,0.002
ENSG00000060718,0.002
ENSG00000110931,0.002
ENSG00000136938,0.002
ENSG00000172059,0.002
ENSG00000198756,0.002
ENSG00000242125,0.002
ENSG00000100938,0.002
ENSG00000164649,0.002
ENSG00000166741,0.002
ENSG00000104324,0.002
ENSG00000134901,0.002
ENSG00000126870,0.002
ENSG00000184432,0.002
ENSG00000142627,0.002
ENSG00000054654,0.002
ENSG00000172819,0.002
ENSG00000122679,0.002
ENSG00000067606,0.002
ENSG00000188487,0.002
ENSG00000203706,0.002
ENSG00000101230,0.002
ENSG00000122299,0.002
ENSG00000181789,0.002
ENSG00000144713,0.002
ENSG00000111199,0.002
ENSG00000125148,0.002
ENSG00000160712,0.002
ENSG00000278969,0.002
ENSG00000170961,0.002
ENSG00000116704,0.002
ENSG00000160862,0.002
ENSG00000139278,0.002
ENSG00000213190,0.002
ENSG00000104783,0.002
ENSG00000166228,0.002
ENSG00000144381,0.002
ENSG00000119681,0.002
ENSG00000156103,0.002
ENSG00000166509,0.002
ENSG00000149968,0.002
ENSG00000211445,0.002
ENSG00000086544,0.0019999999999999996
ENSG00000117594,0.001999999999999999
ENSG00000049540,0.001999999999999999
ENSG00000160325,0.001999999999999999
ENSG00000173432,0.001999999999999999
ENSG00000104969,0.001999999999999999
ENSG00000250644,0.001999999999999999
ENSG00000272815,0.001999999999999999
ENSG00000113048,0.0019999999999999987
ENSG00000149633,0.0019999999999999987
ENSG00000115970,0.0019999999999999987
ENSG00000196236,0.0019999999999999987
ENSG00000204498,0.0019999999999999987
ENSG00000144567,0.0019999999999999987
ENSG00000101161,0.0019999999999999987
ENSG00000176046,0.0019999999999999987
ENSG00000101825,0.0019999999999999987
ENSG00000156804,0.0019999999999999987
ENSG00000168092,0.0019999999999999987
ENSG00000136770,0.0019999999999999987
ENSG00000183722,0.0019999999999999987
ENSG00000055208,0.0019999999999999987
ENSG00000105640,0.0019999999999999983
ENSG00000161016,0.0019999999999999983
ENSG00000104529,0.0019999999999999983
ENSG00000164941,0.0019999999999999983
ENSG00000139597,0.0019999999999999983
ENSG00000118689,0.0019999999999999983
ENSG00000182718,0.0019999999999999983
ENSG00000155090,0.0019999999999999983
ENSG00000083896,0.0019999999999999983
ENSG00000124226,0.0019999999999999983
ENSG00000168003,0.0019999999999999983
ENSG00000137103,0.001999999999999998
ENSG00000133030,0.001999999999999998
ENSG00000137573,0.001999999999999998
ENSG00000196954,0.001999999999999998
ENSG00000080200,0.001999999999999998
ENSG00000147416,0.001999999999999998
ENSG00000168004,0.0019999999999999974
ENSG00000180332,0.0019999999999999974
ENSG00000196821,0.0019999999999999974
ENSG00000196968,0.0019999999999999974
ENSG00000132000,0.0019999999999999974
ENSG00000102359,0.0019999999999999974
ENSG00000234741,0.0019999999999999974
ENSG00000136732,0.001999999999999997
ENSG00000106258,0.001999999999999997
ENSG00000055070,0.001999999999999997
ENSG00000166147,0.001999999999999997
ENSG00000145555,0.001999999999999997
ENSG00000169738,0.001999999999999997
ENSG00000228278,0.001999999999999997
ENSG00000115526,0.001999999999999997
ENSG00000177453,0.001999999999999997
ENSG00000136052,0.001999999999999997
ENSG00000276023,0.001999999999999997
ENSG00000170801,0.001999999999999997
ENSG00000134339,0.001999999999999997
ENSG00000104714,0.001999999999999997
ENSG00000115657,0.001999999999999997
ENSG00000091986,0.001999999999999997
ENSG00000158008,0.001999999999999997
ENSG00000159713,0.001999999999999997
ENSG00000117411,0.001999999999999997
ENSG00000183454,0.001999999999999997
ENSG00000108039,0.001999999999999997
ENSG00000151491,0.0019999999999999966
ENSG00000148175,0.001999999999999996
ENSG00000114942,0.001999999999999996
ENSG00000147140,0.001999999999999996
ENSG00000260916,0.001999999999999996
ENSG00000215021,0.0019999999999999957
ENSG00000165502,0.001999999999999995
ENSG00000152931,0.001999999999999995
ENSG00000146426,0.0019838274932614543
ENSG00000135686,0.0019310344827586207
ENSG00000119630,0.0019285714285714284
ENSG00000181195,0.0019285714285714275
ENSG00000065485,0.0019272727272727284
ENSG00000204592,0.0019272727272727267
ENSG00000149182,0.001927272727272726
ENSG00000139218,0.0019272727272727245
ENSG00000167785,0.001925925925925926
ENSG00000100626,0.0019259259259259255
ENSG00000151748,0.0019259259259259255
ENSG00000168028,0.0019259259259259251
ENSG00000198355,0.001924528301886795
ENSG00000185262,0.0019245283018867923
ENSG00000120696,0.0019245283018867914
ENSG00000188554,0.0019245283018867905
ENSG00000151914,0.0019245283018867905
ENSG00000129824,0.0019245283018867899
ENSG00000169714,0.0019245283018867899
ENSG00000197989,0.0019245283018867886
ENSG00000104723,0.001923076923076923
ENSG00000065154,0.001923076923076923
ENSG00000257337,0.001923076923076923
ENSG00000074696,0.001923076923076923
ENSG00000119699,0.001923076923076923
ENSG00000100422,0.001921568627450977
ENSG00000136842,0.001921568627450977
ENSG00000074800,0.0019215686274509766
ENSG00000162244,0.001921568627450976
ENSG00000167244,0.0019215686274509755
ENSG00000025039,0.0019215686274509755
ENSG00000159388,0.001921568627450975
ENSG00000172809,0.001920000000000001
ENSG00000157216,0.001919999999999998
ENSG00000143382,0.001916666666666667
ENSG00000120659,0.0019166666666666646
ENSG00000155893,0.0019148936170212767
ENSG00000108298,0.0018620689655172381
ENSG00000139613,0.001857142857142856
ENSG00000237424,0.0018571428571428543
ENSG00000239922,0.0018545454545454544
ENSG00000170088,0.001854545454545454
ENSG00000137876,0.0018518518518518495
ENSG00000197892,0.0018490566037735851
ENSG00000168675,0.0018490566037735851
ENSG00000214922,0.0018490566037735851
ENSG00000149043,0.0018461538461538435
ENSG00000144580,0.0018461538461538422
ENSG00000166598,0.0018431372549019608
ENSG00000175390,0.0018431372549019586
ENSG00000173801,0.0018399999999999977
ENSG00000149823,0.0018399999999999975
ENSG00000255717,0.0018367346938775516
ENSG00000128016,0.0017894736842105252
ENSG00000187193,0.0017894736842105242
ENSG00000140577,0.0017857142857142865
ENSG00000136999,0.0017857142857142859
ENSG00000147677,0.0017857142857142852
ENSG00000143374,0.0017735849056603767
ENSG00000173272,0.001764705882352941
ENSG00000004799,0.0017192982456140362
ENSG00000131016,0.001714285714285711
ENSG00000125841,0.001709090909090909
ENSG00000143512,0.0016923076923076922
ENSG00000135709,0.0016923076923076907
ENSG00000116218,0.0016491228070175442
ENSG00000099194,0.0016491228070175431
ENSG00000060656,0.0016363636363636335
ENSG00000124134,0.0014999999999999998
ENSG00000204248,0.001499999999999999
ENSG00000115944,0.0013846153846153847
ENSG00000164442,0.0006153846153846152
ENSG00000134686,0.0005000000000000001
ENSG00000151465,0.0005000000000000001
ENSG00000130159,0.00037735849056603755
ENSG00000145782,0.0003636363636363643
ENSG00000198768,0.0003508771929824561
ENSG00000142507,0.0003508771929824559
ENSG00000171657,0.00034482758620689636
ENSG00000168621,0.00030769230769230743
ENSG00000214413,0.0003076923076923071
ENSG00000152749,0.0003018867924528298
ENSG00000186260,0.0002909090909090909
ENSG00000197965,0.0002909090909090908
ENSG00000178922,0.0002909090909090908
ENSG00000281887,0.00029090909090909075
ENSG00000211455,0.00028070175438596343
ENSG00000182636,0.00023529411764705897
ENSG00000135269,0.00022222222222222218
ENSG00000112761,0.00021818181818181808
ENSG00000065029,0.00021428571428571788
ENSG00000181031,0.00021428571428571436
ENSG00000112851,0.00021428571428571354
ENSG00000115216,0.00021052631578947353
ENSG00000173039,0.0002105263157894732
ENSG00000183638,0.00016326530612244882
ENSG00000198860,0.00016326530612244838
ENSG00000279088,0.00016000000000000137
ENSG00000236140,0.00015999999999999971
ENSG00000156052,0.00015999999999999806
ENSG00000125249,0.00015686274509803946
ENSG00000250548,0.00015686274509803908
ENSG00000159650,0.00015686274509803822
ENSG00000174640,0.00015384615384615385
ENSG00000070159,0.0001538461538461538
ENSG00000179950,0.00015384615384615377
ENSG00000178568,0.0001509433962264149
ENSG00000130830,0.0001509433962264149
ENSG00000164244,0.0001509433962264149
ENSG00000166974,0.00015094339622641489
ENSG00000075539,0.00014814814814814901
ENSG00000090565,0.0001481481481481485
ENSG00000175264,0.00014814814814814825
ENSG00000168002,0.0001481481481481482
ENSG00000182256,0.0001481481481481482
ENSG00000164764,0.00014814814814814817
ENSG00000160695,0.00014814814814814817
ENSG00000114554,0.00014814814814814812
ENSG00000129636,0.00014545454545454546
ENSG00000142875,0.00014545454545454535
ENSG00000105771,0.00014545454545454532
ENSG00000084073,0.00014545454545454502
ENSG00000137285,0.0001454545454545447
ENSG00000107518,0.00014545454545454326
ENSG00000140400,0.00014285714285714287
ENSG00000099991,0.00014285714285714276
ENSG00000113273,0.00014285714285714273
ENSG00000122034,0.00014285714285714197
ENSG00000067334,0.00013793103448275914
ENSG00000196187,8.510638297872425e-05
ENSG00000065243,8.510638297872334e-05
ENSG00000177082,8.333333333333364e-05
ENSG00000144649,8.333333333333338e-05
ENSG00000197323,8.3333333333333e-05
ENSG00000120820,8.163265306122505e-05
ENSG00000161904,8.16326530612247e-05
ENSG00000170608,8.163265306122441e-05
ENSG00000233008,8.00000000000022e-05
ENSG00000105401,8.000000000000063e-05
ENSG00000270096,8.000000000000007e-05
ENSG00000183023,7.999999999999917e-05
ENSG00000101751,7.84313725490214e-05
ENSG00000198799,7.843137254902095e-05
ENSG00000198876,7.843137254902071e-05
ENSG00000115380,7.843137254902055e-05
ENSG00000143156,7.843137254902025e-05
ENSG00000084636,7.843137254901942e-05
ENSG00000188522,7.843137254901938e-05
ENSG00000198755,7.843137254901937e-05
ENSG00000173273,7.843137254901931e-05
ENSG00000123104,7.692307692307709e-05
ENSG00000120694,7.692307692307709e-05
ENSG00000167123,7.692307692307709e-05
ENSG00000189129,7.692307692307709e-05
ENSG00000111674,7.692307692307709e-05
ENSG00000153006,7.692307692307707e-05
ENSG00000205060,7.692307692307707e-05
ENSG00000138760,7.692307692307707e-05
ENSG00000160111,7.692307692307707e-05
ENSG00000184785,7.692307692307707e-05
ENSG00000132329,7.692307692307707e-05
ENSG00000069849,7.692307692307707e-05
ENSG00000100399,7.547169811320835e-05
ENSG00000183793,7.54716981132081e-05
ENSG00000261732,7.547169811320808e-05
ENSG00000110768,7.547169811320805e-05
ENSG00000111450,7.547169811320792e-05
ENSG00000164405,7.54716981132079e-05
ENSG00000198612,7.54716981132079e-05
ENSG00000214456,7.547169811320766e-05
ENSG00000163785,7.547169811320765e-05
ENSG00000180287,7.547169811320759e-05
ENSG00000169230,7.547169811320754e-05
ENSG00000134153,7.547169811320751e-05
ENSG00000102901,7.547169811320746e-05
ENSG00000005156,7.407407407407418e-05
ENSG00000139926,7.407407407407399e-05
ENSG00000197122,7.407407407407398e-05
ENSG00000161217,7.407407407407359e-05
ENSG00000185551,7.407407407407337e-05
ENSG00000078369,7.407407407407288e-05
ENSG00000170421,7.272727272727311e-05
ENSG00000116199,7.272727272727295e-05
ENSG00000103091,7.272727272727293e-05
ENSG00000112159,7.272727272727292e-05
ENSG00000138744,7.272727272727292e-05
ENSG00000215695,7.27272727272729e-05
ENSG00000133112,7.27272727272727e-05
ENSG00000149534,7.272727272727179e-05
ENSG00000260230,7.14285714285718e-05
ENSG00000124159,7.142857142857162e-05
ENSG00000153012,7.14285714285714e-05
ENSG00000132716,7.14285714285714e-05
ENSG00000205707,7.017543859649139e-05
ENSG00000104967,6.896551724137938e-05
ENSG00000214021,7.10542735760099e-18
ENSG00000262880,5.875300246316317e-18
ENSG00000142676,5.773159728050805e-18
ENSG00000130706,5.551115123125768e-18
ENSG00000169783,5.3416390807436696e-18
ENSG00000120156,5.329070518200743e-18
ENSG00000184867,5.329070518200741e-18
ENSG00000138279,5.329070518200741e-18
ENSG00000145632,5.329070518200739e-18
ENSG00000133216,4.884981308350681e-18
ENSG00000102760,4.8849813083506785e-18
ENSG00000156515,4.787281682183667e-18
ENSG00000120727,4.573264843744388e-18
ENSG00000231290,4.5696779693571345e-18
ENSG00000077063,4.440892098500621e-18
ENSG00000175287,4.440892098500619e-18
ENSG00000284989,4.440892098500619e-18
ENSG00000119280,4.440892098500619e-18
ENSG00000101363,4.440892098500619e-18
ENSG00000124767,4.4408920985006186e-18
ENSG00000170160,4.255854927729765e-18
ENSG00000100124,4.21884749357559e-18
ENSG00000160271,3.99680288865056e-18
ENSG00000281348,3.99680288865056e-18
ENSG00000240038,3.996802888650559e-18
ENSG00000197406,3.996802888650559e-18
ENSG00000164168,3.996802888650559e-18
ENSG00000227617,3.996802888650559e-18
ENSG00000103710,3.996802888650557e-18
ENSG00000279595,3.975452445869306e-18
ENSG00000103479,3.916866830877547e-18
ENSG00000153339,3.8369307731045364e-18
ENSG00000179542,3.330669073875467e-18
ENSG00000281741,3.3306690738754664e-18
ENSG00000157837,3.3306690738754664e-18
ENSG00000083520,3.3306690738754664e-18
ENSG00000282390,3.3306690738754664e-18
ENSG00000127980,3.330669073875466e-18
ENSG00000172465,3.330669073875466e-18
ENSG00000128052,3.330669073875466e-18
ENSG00000163636,3.330669073875466e-18
ENSG00000213585,3.330669073875466e-18
ENSG00000147475,3.3306690738754656e-18
ENSG00000149547,3.3306690738754656e-18
ENSG00000034510,3.3306690738754656e-18
ENSG00000168159,3.3306690738754656e-18
ENSG00000147394,3.3306690738754656e-18
ENSG00000107669,3.3306690738754656e-18
ENSG00000196405,3.3306690738754653e-18
ENSG00000199270,3.330669073875465e-18
ENSG00000125772,3.330669073875465e-18
ENSG00000126005,3.330669073875465e-18
ENSG00000028839,3.202566417187947e-18
ENSG00000210194,2.8865798640254053e-18
ENSG00000075151,2.886579864025405e-18
ENSG00000087087,2.8865798640254046e-18
ENSG00000131023,2.8865798640254046e-18
ENSG00000116329,2.8865798640254046e-18
ENSG00000184634,2.886579864025404e-18
ENSG00000114861,2.886579864025404e-18
ENSG00000110619,2.8865798640254038e-18
ENSG00000070882,2.8865798640254038e-18
ENSG00000122026,2.8865798640254038e-18
ENSG00000153898,2.8865798640254034e-18
ENSG00000175155,2.8865798640254034e-18
ENSG00000107745,2.886579864025403e-18
ENSG00000197253,2.886579864025403e-18
ENSG00000123636,2.886579864025403e-18
ENSG00000134001,2.8865798640254026e-18
ENSG00000134201,2.8865798640254026e-18
ENSG00000136527,2.869499509800401e-18
ENSG00000021355,2.8310687127941448e-18
ENSG00000021762,2.8288482667448945e-18
ENSG00000114423,2.8288482667448938e-18
ENSG00000108312,2.783487726024495e-18
ENSG00000173578,2.7711166694643884e-18
ENSG00000283907,2.664535259100374e-18
ENSG00000130294,2.664535259100373e-18
ENSG00000116857,2.6645352591003727e-18
ENSG00000172888,2.6151920135614783e-18
ENSG00000184900,2.5557787179126038e-18
ENSG00000150316,2.5557787179126034e-18
ENSG00000142185,2.516505522483687e-18
ENSG00000143320,2.4424906541753427e-18
ENSG00000106692,2.4424906541753427e-18
ENSG00000139915,2.4424906541753423e-18
ENSG00000069018,2.4424906541753423e-18
ENSG00000119698,2.4424906541753423e-18
ENSG00000119638,2.4424906541753423e-18
ENSG00000171051,2.4424906541753423e-18
ENSG00000271894,2.4424906541753423e-18
ENSG00000029559,2.4424906541753423e-18
ENSG00000117118,2.4424906541753423e-18
ENSG00000187535,2.4424906541753423e-18
ENSG00000140992,2.4424906541753423e-18
ENSG00000242086,2.442490654175342e-18
ENSG00000164924,2.442490654175342e-18
ENSG00000065970,2.442490654175342e-18
ENSG00000115457,2.4424906541753416e-18
ENSG00000063180,2.4424906541753416e-18
ENSG00000141101,2.4424906541753416e-18
ENSG00000159167,2.4424906541753416e-18
ENSG00000188282,2.4424906541753416e-18
ENSG00000186174,2.4424906541753416e-18
ENSG00000171566,2.4424906541753416e-18
ENSG00000131871,2.4424906541753416e-18
ENSG00000170004,2.4424906541753416e-18
ENSG00000127054,2.4424906541753416e-18
ENSG00000182504,2.4424906541753408e-18
ENSG00000160447,2.3988747496364965e-18
ENSG00000166797,2.3972593457646885e-18
ENSG00000130338,2.3972593457646873e-18
ENSG00000136758,2.3936408410918355e-18
ENSG00000166128,2.3916054322133566e-18
ENSG00000160221,2.386979502944084e-18
ENSG00000116044,2.3520280373540334e-18
ENSG00000183741,2.350321195527217e-18
ENSG00000004700,2.3485487059378286e-18
ENSG00000162636,2.348548705937828e-18
ENSG00000100985,2.344791028008328e-18
ENSG00000182095,2.176037128265304e-18
ENSG00000236824,2.1760371282653033e-18
ENSG00000125965,2.035408878479452e-18
ENSG00000173905,1.998401444325281e-18
ENSG00000114841,1.9984014443252805e-18
ENSG00000101098,1.9984014443252805e-18
ENSG00000114446,1.99840144432528e-18
ENSG00000242252,1.99840144432528e-18
ENSG00000115252,1.99840144432528e-18
ENSG00000187474,1.9984014443252797e-18
ENSG00000173915,1.9984014443252797e-18
ENSG00000153707,1.9984014443252793e-18
ENSG00000182774,1.9613940101711088e-18
ENSG00000134802,1.9599706473190246e-18
ENSG00000137161,1.9599706473190246e-18
ENSG00000138942,1.9599706473190246e-18
ENSG00000129596,1.9599706473190246e-18
ENSG00000175318,1.9599706473190242e-18
ENSG00000103257,1.955882264658785e-18
ENSG00000245748,1.924386576016937e-18
ENSG00000184898,1.9243865760169368e-18
ENSG00000137038,1.9215398503127695e-18
ENSG00000010278,1.7763568394002497e-18
ENSG00000140254,1.7763568394002497e-18
ENSG00000065000,1.7763568394002497e-18
ENSG00000124275,1.7763568394002493e-18
ENSG00000031823,1.7763568394002493e-18
ENSG00000241613,1.776356839400249e-18
ENSG00000283321,1.776356839400249e-18
ENSG00000276077,1.776356839400249e-18
ENSG00000120860,1.776356839400249e-18
ENSG00000166987,1.776356839400249e-18
ENSG00000166908,1.776356839400249e-18
ENSG00000087338,1.776356839400249e-18
ENSG00000013583,1.7763568394002486e-18
ENSG00000148229,1.7763568394002486e-18
ENSG00000081479,1.7763568394002486e-18
ENSG00000131149,1.7763568394002486e-18
ENSG00000075213,1.7763568394002486e-18
ENSG00000073712,1.7763568394002486e-18
ENSG00000230606,1.776356839400248e-18
ENSG00000187446,1.776356839400248e-18
ENSG00000064601,1.776356839400248e-18
ENSG00000204310,1.710565845348389e-18
ENSG00000279094,1.7080354225002396e-18
ENSG00000024862,1.5543122344752184e-18
ENSG00000051128,1.5543122344752184e-18
ENSG00000125826,1.5543122344752184e-18
ENSG00000131584,1.5543122344752184e-18
ENSG00000115652,1.5543122344752184e-18
ENSG00000176444,1.5543122344752184e-18
ENSG00000166819,1.5543122344752184e-18
ENSG00000140983,1.5543122344752184e-18
ENSG00000108389,1.5543122344752182e-18
ENSG00000273730,1.5543122344752182e-18
ENSG00000164104,1.5543122344752178e-18
ENSG00000132963,1.5543122344752176e-18
ENSG00000173530,1.4679615547821514e-18
ENSG00000198743,1.3322676295501879e-18
ENSG00000243566,1.3322676295501875e-18
ENSG00000005812,1.3322676295501875e-18
ENSG00000017260,1.3322676295501871e-18
ENSG00000198492,1.3322676295501871e-18
ENSG00000131446,1.332267629550187e-18
ENSG00000087206,1.332267629550187e-18
ENSG00000105245,1.3322676295501867e-18
ENSG00000114126,1.3322676295501867e-18
ENSG00000205662,1.3080445817401838e-18
ENSG00000134363,1.30759600678074e-18
ENSG00000197535,1.3075960067807393e-18
ENSG00000165886,1.3071305044643358e-18
ENSG00000064309,1.3071305044643354e-18
ENSG00000135604,1.3066470982126831e-18
ENSG00000120875,1.2819933793784832e-18
ENSG00000087274,1.2789769243681787e-18
ENSG00000101160,1.2767564783189283e-18
ENSG00000102908,1.2041649728626693e-18
ENSG00000267827,1.1102230246251568e-18
ENSG00000128534,1.1102230246251566e-18
ENSG00000118217,1.1102230246251566e-18
ENSG00000250033,1.1102230246251566e-18
ENSG00000158270,1.1102230246251564e-18
ENSG00000114735,1.1102230246251564e-18
ENSG00000125459,1.1102230246251564e-18
ENSG00000186868,1.1102230246251564e-18
ENSG00000234456,1.1102230246251564e-18
ENSG00000183527,1.1102230246251564e-18
ENSG00000143612,1.1102230246251562e-18
ENSG00000126214,1.1102230246251562e-18
ENSG00000121579,1.1102230246251562e-18
ENSG00000126903,1.1102230246251562e-18
ENSG00000148498,1.1102230246251562e-18
ENSG00000253103,1.110223024625156e-18
ENSG00000100219,1.110223024625156e-18
ENSG00000183087,1.110223024625156e-18
ENSG00000065320,1.110223024625156e-18
ENSG00000126803,1.1102230246251558e-18
ENSG00000149256,1.1102230246251558e-18
ENSG00000254369,1.1102230246251558e-18
ENSG00000169446,1.1102230246251556e-18
ENSG00000144455,1.1102230246251554e-18
ENSG00000119333,1.1102230246251554e-18
ENSG00000067177,1.1102230246251554e-18
ENSG00000170919,1.1102230246251554e-18
ENSG00000123607,1.1102230246251554e-18
ENSG00000108946,1.1102230246251552e-18
ENSG00000196440,1.1102230246251552e-18
ENSG00000147403,1.1102230246251552e-18
ENSG00000143375,1.1102230246251552e-18
ENSG00000130396,1.1102230246251552e-18
ENSG00000149582,1.110223024625155e-18
ENSG00000205250,1.1102230246251548e-18
ENSG00000168216,1.1102230246251546e-18
ENSG00000152192,1.0896633389839499e-18
ENSG00000168078,1.0892754203869465e-18
ENSG00000196329,1.0888725818439037e-18
ENSG00000170006,1.088872581843903e-18
ENSG00000128917,1.088872581843903e-18
ENSG00000146574,1.087565411877704e-18
ENSG00000278299,9.788088706899327e-19
ENSG00000008988,8.881784197001253e-19
ENSG00000174282,8.881784197001253e-19
ENSG00000258610,8.881784197001253e-19
ENSG00000145850,8.88178419700125e-19
ENSG00000130812,8.88178419700125e-19
ENSG00000169926,8.881784197001249e-19
ENSG00000211751,8.881784197001249e-19
ENSG00000187210,8.881784197001249e-19
ENSG00000184208,8.881784197001249e-19
ENSG00000137100,8.881784197001247e-19
ENSG00000118094,8.881784197001247e-19
ENSG00000122085,8.720297211601225e-19
ENSG00000134982,8.717306711871597e-19
ENSG00000159377,8.696747026230392e-19
ENSG00000101608,8.540177112501199e-19
ENSG00000159842,8.540177112501198e-19
ENSG00000184678,6.269494727295001e-19
ENSG00000074695,6.138880253809687e-19
ENSG00000138085,4.531522549490431e-19
ENSG00000058262,4.53152254949043e-19
ENSG00000050165,4.357101681547785e-19
ENSG00000119720,4.357101681547784e-19
ENSG00000186591,4.35710168154778e-19
ENSG00000182912,4.357101681547777e-19
ENSG00000100100,3.8543591798307316e-19
ENSG00000178695,3.61850467285236e-19
ENSG00000123562,3.618504672852359e-19
ENSG00000198840,3.074463760500431e-19
ENSG00000065308,3.0744637605004304e-19
ENSG00000168743,3.074463760500429e-19
ENSG00000213145,0.0
ENSG00000138207,0.0
ENSG00000100201,0.0
ENSG00000211448,0.0
ENSG00000160888,0.0
ENSG00000162645,0.0
ENSG00000162733,0.0
ENSG00000125144,0.0
ENSG00000122863,0.0
ENSG00000234745,0.0
ENSG00000122406,0.0
ENSG00000196628,0.0
ENSG00000241343,0.0
ENSG00000224389,0.0
ENSG00000185201,0.0
ENSG00000100243,0.0
ENSG00000147408,0.0
ENSG00000063046,0.0
ENSG00000130255,0.0
ENSG00000182326,0.0
ENSG00000173221,0.0
ENSG00000198242,0.0
ENSG00000109475,0.0
ENSG00000063177,0.0
ENSG00000145675,0.0
ENSG00000162493,0.0
ENSG00000156482,0.0
ENSG00000049323,0.0
ENSG00000123243,0.0
ENSG00000156535,0.0
ENSG00000150687,0.0
ENSG00000083845,0.0
ENSG00000100097,0.0
ENSG00000026508,0.0
ENSG00000163513,0.0
ENSG00000100242,0.0
ENSG00000114391,0.0
ENSG00000135245,0.0
ENSG00000106366,0.0
ENSG00000197859,0.0
ENSG00000115884,0.0
ENSG00000109472,0.0
ENSG00000077782,0.0
ENSG00000132561,0.0
ENSG00000130522,0.0
ENSG00000179218,0.0
ENSG00000003989,0.0
ENSG00000124614,0.0
ENSG00000082153,0.0
ENSG00000186468,0.0
ENSG00000167779,0.0
ENSG00000170889,0.0
ENSG00000134107,0.0
ENSG00000105372,0.0
ENSG00000111669,0.0
ENSG00000067048,0.0
ENSG00000204388,0.0
ENSG00000214548,0.0
ENSG00000135919,0.0
ENSG00000154096,0.0
ENSG00000135318,0.0
ENSG00000137745,0.0
ENSG00000143248,0.0
ENSG00000115677,0.0
ENSG00000140575,0.0
ENSG00000186340,0.0
ENSG00000152661,0.0
ENSG00000130707,0.0
ENSG00000158710,0.0
ENSG00000116260,0.0
ENSG00000184557,0.0
ENSG00000118705,0.0
ENSG00000105193,0.0
ENSG00000136942,0.0
ENSG00000149257,0.0
ENSG00000126368,0.0
ENSG00000182899,0.0
ENSG00000167004,0.0
ENSG00000204389,0.0
ENSG00000198918,0.0
ENSG00000164761,0.0
ENSG00000164694,0.0
ENSG00000205364,0.0
ENSG00000102575,0.0
ENSG00000152518,0.0
ENSG00000122884,0.0
ENSG00000140526,0.0
ENSG00000083444,0.0
ENSG00000079819,0.0
ENSG00000125398,0.0
ENSG00000116251,0.0
ENSG00000142192,0.0
ENSG00000100650,0.0
ENSG00000196531,0.0
ENSG00000120594,0.0
ENSG00000117984,0.0
ENSG00000078098,0.0
ENSG00000233927,0.0
ENSG00000177600,0.0
ENSG00000159200,0.0
ENSG00000123416,0.0
ENSG00000141756,0.0
ENSG00000213741,0.0
ENSG00000134419,0.0
ENSG00000196924,0.0
ENSG00000163815,0.0
ENSG00000123989,0.0
ENSG00000068078,0.0
ENSG00000197746,0.0
ENSG00000177606,0.0
ENSG00000188846,0.0
ENSG00000129538,0.0
ENSG00000179820,0.0
ENSG00000125844,0.0
ENSG00000104408,0.0
ENSG00000144857,0.0
ENSG00000197594,0.0
ENSG00000260032,0.0
ENSG00000160307,0.0
ENSG00000173812,0.0
ENSG00000151632,0.0
ENSG00000198959,0.0
ENSG00000124491,0.0
ENSG00000125691,0.0
ENSG00000135926,0.0
ENSG00000204525,0.0
ENSG00000132475,0.0
ENSG00000135046,0.0
ENSG00000250722,0.0
ENSG00000161638,0.0
ENSG00000054598,0.0
ENSG00000100644,0.0
ENSG00000171858,0.0
ENSG00000090006,0.0
ENSG00000150938,0.0
ENSG00000092841,0.0
ENSG00000134013,0.0
ENSG00000169764,0.0
ENSG00000089009,0.0
ENSG00000100129,0.0
ENSG00000171863,0.0
ENSG00000127946,0.0
ENSG00000169231,0.0
ENSG00000141232,0.0
ENSG00000034971,0.0
ENSG00000123095,0.0
ENSG00000006016,0.0
ENSG00000011465,0.0
ENSG00000128595,0.0
ENSG00000177283,0.0
ENSG00000127418,0.0
ENSG00000137726,0.0
ENSG00000172061,0.0
ENSG00000108107,0.0
ENSG00000096060,0.0
ENSG00000165795,0.0
ENSG00000044574,0.0
ENSG00000122756,0.0
ENSG00000162407,0.0
ENSG00000066468,0.0
ENSG00000169116,0.0
ENSG00000144476,0.0
ENSG00000188536,0.0
ENSG00000118816,0.0
ENSG00000112559,0.0
ENSG00000261371,0.0
ENSG00000185650,0.0
ENSG00000129226,0.0
ENSG00000279569,0.0
ENSG00000198734,0.0
ENSG00000156076,0.0
ENSG00000104805,0.0
ENSG00000170271,0.0
ENSG00000144152,0.0
ENSG00000167978,0.0
ENSG00000167642,0.0
ENSG00000138449,0.0
ENSG00000132386,0.0
ENSG00000115414,0.0
ENSG00000144802,0.0
ENSG00000108551,0.0
ENSG00000129353,0.0
ENSG00000178104,0.0
ENSG00000169504,0.0
ENSG00000153993,0.0
ENSG00000197956,0.0
ENSG00000008710,0.0
ENSG00000114850,0.0
ENSG00000070081,0.0
ENSG00000137331,0.0
ENSG00000215301,0.0
ENSG00000137809,0.0
ENSG00000151150,0.0
ENSG00000182871,0.0
ENSG00000067057,0.0
ENSG00000078114,0.0
ENSG00000084234,0.0
ENSG00000185787,0.0
ENSG00000113721,0.0
ENSG00000105223,0.0
ENSG00000112414,0.0
ENSG00000262655,0.0
ENSG00000127022,0.0
ENSG00000157150,0.0
ENSG00000108984,0.0
ENSG00000100345,0.0
ENSG00000116661,0.0
ENSG00000118257,0.0
ENSG00000100380,0.0
ENSG00000164111,0.0
ENSG00000103512,0.0
ENSG00000134853,0.0
ENSG00000196683,0.0
ENSG00000134294,0.0
ENSG00000165072,0.0
ENSG00000185164,0.0
ENSG00000130595,0.0
ENSG00000146674,0.0
ENSG00000082497,0.0
ENSG00000099622,0.0
ENSG00000214688,0.0
ENSG00000104419,0.0
ENSG00000162512,0.0
ENSG00000102317,0.0
ENSG00000157557,0.0
ENSG00000125868,0.0
ENSG00000142669,0.0
ENSG00000162576,0.0
ENSG00000064205,0.0
ENSG00000154864,0.0
ENSG00000168874,0.0
ENSG00000144711,0.0
ENSG00000002586,0.0
ENSG00000149806,0.0
ENSG00000122786,0.0
ENSG00000125730,0.0
ENSG00000244731,0.0
ENSG00000179954,0.0
ENSG00000091592,0.0
ENSG00000173376,0.0
ENSG00000171992,0.0
ENSG00000122641,0.0
ENSG00000168140,0.0
ENSG00000124762,0.0
ENSG00000156467,0.0
ENSG00000108518,0.0
ENSG00000203875,0.0
ENSG00000174080,0.0
ENSG00000135404,0.0
ENSG00000115268,0.0
ENSG00000074527,0.0
ENSG00000115594,0.0
ENSG00000171819,0.0
ENSG00000131469,0.0
ENSG00000142552,0.0
ENSG00000178726,0.0
ENSG00000090339,0.0
ENSG00000103335,0.0
ENSG00000173705,0.0
ENSG00000185885,0.0
ENSG00000080824,0.0
ENSG00000175061,0.0
ENSG00000170275,0.0
ENSG00000173698,0.0
ENSG00000135506,0.0
ENSG00000177706,0.0
ENSG00000177410,0.0
ENSG00000079308,0.0
ENSG00000159335,0.0
ENSG00000135486,0.0
ENSG00000285505,0.0
ENSG00000240972,0.0
ENSG00000115902,0.0
ENSG00000134352,0.0
ENSG00000140937,0.0
ENSG00000197102,0.0
ENSG00000130066,0.0
ENSG00000060138,0.0
ENSG00000072274,0.0
ENSG00000155850,0.0
ENSG00000115738,0.0
ENSG00000172057,0.0
ENSG00000115053,0.0
ENSG00000105974,0.0
ENSG00000172216,0.0
ENSG00000187514,0.0
ENSG00000116161,0.0
ENSG00000075223,0.0
ENSG00000067167,0.0
ENSG00000103196,0.0
ENSG00000116209,0.0
ENSG00000140264,0.0
ENSG00000145741,0.0
ENSG00000197324,0.0
ENSG00000198668,0.0
ENSG00000170525,0.0
ENSG00000173848,0.0
ENSG00000113369,0.0
ENSG00000179094,0.0
ENSG00000096384,0.0
ENSG00000187109,0.0
ENSG00000160683,0.0
ENSG00000113083,0.0
ENSG00000221983,0.0
ENSG00000173369,0.0
ENSG00000123349,0.0
ENSG00000169100,0.0
ENSG00000115107,0.0
ENSG00000143384,0.0
ENSG00000185432,0.0
ENSG00000138448,0.0
ENSG00000182534,0.0
ENSG00000206172,0.0
ENSG00000156011,0.0
ENSG00000152377,0.0
ENSG00000124225,0.0
ENSG00000235750,0.0
ENSG00000110651,0.0
ENSG00000196126,0.0
ENSG00000134250,0.0
ENSG00000089692,0.0
ENSG00000137831,0.0
ENSG00000146278,0.0
ENSG00000100979,0.0
ENSG00000163660,0.0
ENSG00000115561,0.0
ENSG00000177575,0.0
ENSG00000127241,0.0
ENSG00000136826,0.0
ENSG00000140564,0.0
ENSG00000108175,0.0
ENSG00000196498,0.0
ENSG00000138685,0.0
ENSG00000176171,0.0
ENSG00000164292,0.0
ENSG00000131981,0.0
ENSG00000123610,0.0
ENSG00000069188,0.0
ENSG00000161960,0.0
ENSG00000243649,0.0
ENSG00000147162,0.0
ENSG00000135052,0.0
ENSG00000075035,0.0
ENSG00000147655,0.0
ENSG00000095787,0.0
ENSG00000148926,0.0
ENSG00000140945,0.0
ENSG00000167397,0.0
ENSG00000058668,0.0
ENSG00000156113,0.0
ENSG00000167552,0.0
ENSG00000170348,0.0
ENSG00000128272,0.0
ENSG00000006747,0.0
ENSG00000069702,0.0
ENSG00000211592,0.0
ENSG00000137497,0.0
ENSG00000167615,0.0
ENSG00000131459,0.0
ENSG00000112697,0.0
ENSG00000269893,0.0
ENSG00000164346,0.0
ENSG00000077942,0.0
ENSG00000149925,0.0
ENSG00000110328,0.0
ENSG00000085063,0.0
ENSG00000125534,0.0
ENSG00000171490,0.0
ENSG00000231389,0.0
ENSG00000163659,0.0
ENSG00000196230,0.0
ENSG00000110811,0.0
ENSG00000184110,0.0
ENSG00000122566,0.0
ENSG00000204103,0.0
ENSG00000182158,0.0
ENSG00000144136,0.0
ENSG00000170381,0.0
ENSG00000173372,0.0
ENSG00000101000,0.0
ENSG00000182670,0.0
ENSG00000109099,0.0
ENSG00000008441,0.0
ENSG00000064042,0.0
ENSG00000119655,0.0
ENSG00000019549,0.0
ENSG00000177469,0.0
ENSG00000111077,0.0
ENSG00000196262,0.0
ENSG00000113657,0.0
ENSG00000166794,0.0
ENSG00000186918,0.0
ENSG00000106571,0.0
ENSG00000184205,0.0
ENSG00000147065,0.0
ENSG00000112773,0.0
ENSG00000082641,0.0
ENSG00000030582,0.0
ENSG00000138080,0.0
ENSG00000181656,0.0
ENSG00000171812,0.0
ENSG00000197081,0.0
ENSG00000020577,0.0
ENSG00000115524,0.0
ENSG00000067082,0.0
ENSG00000140675,0.0
ENSG00000113583,0.0
ENSG00000121898,0.0
ENSG00000165119,0.0
ENSG00000244242,0.0
ENSG00000102316,0.0
ENSG00000000003,0.0
ENSG00000109846,0.0
ENSG00000100292,0.0
ENSG00000123096,0.0
ENSG00000111897,0.0
ENSG00000197111,0.0
ENSG00000124172,0.0
ENSG00000164574,0.0
ENSG00000102007,0.0
ENSG00000142168,0.0
ENSG00000173726,0.0
ENSG00000162804,0.0
ENSG00000077147,0.0
ENSG00000100353,0.0
ENSG00000153071,0.0
ENSG00000152601,0.0
ENSG00000105426,0.0
ENSG00000102024,0.0
ENSG00000168036,0.0
ENSG00000009307,0.0
ENSG00000148671,0.0
ENSG00000129680,0.0
ENSG00000132471,0.0
ENSG00000168385,0.0
ENSG00000126545,0.0
ENSG00000166341,0.0
ENSG00000144746,0.0
ENSG00000138119,0.0
ENSG00000124155,0.0
ENSG00000159216,0.0
ENSG00000151789,0.0
ENSG00000106976,0.0
ENSG00000105855,0.0
ENSG00000149428,0.0
ENSG00000153823,0.0
ENSG00000114857,0.0
ENSG00000205403,0.0
ENSG00000075420,0.0
ENSG00000154153,0.0
ENSG00000157637,0.0
ENSG00000137509,0.0
ENSG00000100196,0.0
ENSG00000117906,0.0
ENSG00000135862,0.0
ENSG00000184897,0.0
ENSG00000109332,0.0
ENSG00000105220,0.0
ENSG00000123358,0.0
ENSG00000144810,0.0
ENSG00000189171,0.0
ENSG00000183196,0.0
ENSG00000008952,0.0
ENSG00000064932,0.0
ENSG00000127528,0.0
ENSG00000140391,0.0
ENSG00000261054,0.0
ENSG00000104332,0.0
ENSG00000073921,0.0
ENSG00000138674,0.0
ENSG00000184905,0.0
ENSG00000170315,0.0
ENSG00000176658,0.0
ENSG00000189403,0.0
ENSG00000089327,0.0
ENSG00000134532,0.0
ENSG00000169057,0.0
ENSG00000112473,0.0
ENSG00000139289,0.0
ENSG00000236882,0.0
ENSG00000169045,0.0
ENSG00000102802,0.0
ENSG00000144655,0.0
ENSG00000198832,0.0
ENSG00000179403,0.0
ENSG00000103855,0.0
ENSG00000170296,0.0
ENSG00000172348,0.0
ENSG00000167191,0.0
ENSG00000141429,0.0
ENSG00000150764,0.0
ENSG00000146592,0.0
ENSG00000117143,0.0
ENSG00000065978,0.0
ENSG00000111678,0.0
ENSG00000103888,0.0
ENSG00000067182,0.0
ENSG00000275023,0.0
ENSG00000111319,0.0
ENSG00000112769,0.0
ENSG00000124785,0.0
ENSG00000116132,0.0
ENSG00000087116,0.0
ENSG00000143369,0.0
ENSG00000136830,0.0
ENSG00000133687,0.0
ENSG00000156466,0.0
ENSG00000010327,0.0
ENSG00000078808,0.0
ENSG00000149591,0.0
ENSG00000155254,0.0
ENSG00000159140,0.0
ENSG00000167468,0.0
ENSG00000168066,0.0
ENSG00000160360,0.0
ENSG00000182809,0.0
ENSG00000143641,0.0
ENSG00000122642,0.0
ENSG00000069535,0.0
ENSG00000140319,0.0
ENSG00000185567,0.0
ENSG00000162745,0.0
ENSG00000213639,0.0
ENSG00000073584,0.0
ENSG00000142864,0.0
ENSG00000116667,0.0
ENSG00000216490,0.0
ENSG00000198408,0.0
ENSG00000128602,0.0
ENSG00000092199,0.0
ENSG00000162511,0.0
ENSG00000104904,0.0
ENSG00000141367,0.0
ENSG00000104447,0.0
ENSG00000159189,0.0
ENSG00000163399,0.0
ENSG00000130035,0.0
ENSG00000196937,0.0
ENSG00000090863,0.0
ENSG00000117394,0.0
ENSG00000106483,0.0
ENSG00000164626,0.0
ENSG00000158321,0.0
ENSG00000168264,0.0
ENSG00000166734,0.0
ENSG00000143549,0.0
ENSG00000105472,0.0
ENSG00000136026,0.0
ENSG00000111907,0.0
ENSG00000067560,0.0
ENSG00000170412,0.0
ENSG00000004776,0.0
ENSG00000135535,0.0
ENSG00000126524,0.0
ENSG00000177879,0.0
ENSG00000010404,0.0
ENSG00000127184,0.0
ENSG00000025796,0.0
ENSG00000174231,0.0
ENSG00000170458,0.0
ENSG00000066248,0.0
ENSG00000243678,0.0
ENSG00000144560,0.0
ENSG00000132424,0.0
ENSG00000107796,0.0
ENSG00000128918,0.0
ENSG00000180879,0.0
ENSG00000198542,0.0
ENSG00000183889,0.0
ENSG00000154265,0.0
ENSG00000092068,0.0
ENSG00000143933,0.0
ENSG00000126247,0.0
ENSG00000189056,0.0
ENSG00000138821,0.0
ENSG00000211896,0.0
ENSG00000168461,0.0
ENSG00000134533,0.0
ENSG00000169184,0.0
ENSG00000089597,0.0
ENSG00000114480,0.0
ENSG00000049860,0.0
ENSG00000272888,0.0
ENSG00000155659,0.0
ENSG00000113013,0.0
ENSG00000089280,0.0
ENSG00000147649,0.0
ENSG00000153113,0.0
ENSG00000131236,0.0
ENSG00000111676,0.0
ENSG00000104964,0.0
ENSG00000163191,0.0
ENSG00000111885,0.0
ENSG00000162368,0.0
ENSG00000162783,0.0
ENSG00000141526,0.0
ENSG00000078295,0.0
ENSG00000130402,0.0
ENSG00000113558,0.0
ENSG00000165168,0.0
ENSG00000071054,0.0
ENSG00000205726,0.0
ENSG00000187479,0.0
ENSG00000092820,0.0
ENSG00000005513,0.0
ENSG00000106799,0.0
ENSG00000137076,0.0
ENSG00000072778,0.0
ENSG00000258818,0.0
ENSG00000172757,0.0
ENSG00000135047,0.0
ENSG00000091136,0.0
ENSG00000096433,0.0
ENSG00000069275,0.0
ENSG00000066629,0.0
ENSG00000163346,0.0
ENSG00000136068,0.0
ENSG00000183426,0.0
ENSG00000107562,0.0
ENSG00000152217,0.0
ENSG00000198363,0.0
ENSG00000125968,0.0
ENSG00000213853,0.0
ENSG00000162909,0.0
ENSG00000173482,0.0
ENSG00000145824,0.0
ENSG00000152818,0.0
ENSG00000184471,0.0
ENSG00000148841,0.0
ENSG00000106261,0.0
ENSG00000100814,0.0
ENSG00000169554,0.0
ENSG00000068912,0.0
ENSG00000161642,0.0
ENSG00000144895,0.0
ENSG00000124783,0.0
ENSG00000197256,0.0
ENSG00000154380,0.0
ENSG00000183255,0.0
ENSG00000117868,0.0
ENSG00000163131,0.0
ENSG00000197694,0.0
ENSG00000186417,0.0
ENSG00000145362,0.0
ENSG00000116016,0.0
ENSG00000143515,0.0
ENSG00000213719,0.0
ENSG00000224032,0.0
ENSG00000116754,0.0
ENSG00000100307,0.0
ENSG00000198830,0.0
ENSG00000007237,0.0
ENSG00000160801,0.0
ENSG00000104213,0.0
ENSG00000178202,0.0
ENSG00000116005,0.0
ENSG00000124731,0.0
ENSG00000142227,0.0
ENSG00000116574,0.0
ENSG00000105202,0.0
ENSG00000186919,0.0
ENSG00000010818,0.0
ENSG00000198961,0.0
ENSG00000137267,0.0
ENSG00000104870,0.0
ENSG00000087460,0.0
ENSG00000147526,0.0
ENSG00000049449,0.0
ENSG00000170624,0.0
ENSG00000160691,0.0
ENSG00000090615,0.0
ENSG00000189043,0.0
ENSG00000176978,0.0
ENSG00000166825,0.0
ENSG00000088812,0.0
ENSG00000128641,0.0
ENSG00000135048,0.0
ENSG00000133142,0.0
ENSG00000163041,0.0
ENSG00000123838,0.0
ENSG00000138061,0.0
ENSG00000263001,0.0
ENSG00000122359,0.0
ENSG00000134986,0.0
ENSG00000042493,0.0
ENSG00000131018,0.0
ENSG00000105329,0.0
ENSG00000272398,0.0
ENSG00000111716,0.0
ENSG00000117318,0.0
ENSG00000168374,0.0
ENSG00000169908,0.0
ENSG00000255302,0.0
ENSG00000077232,0.0
ENSG00000114023,0.0
ENSG00000166025,0.0
ENSG00000075415,0.0
ENSG00000106211,0.0
ENSG00000169564,0.0
ENSG00000171603,0.0
ENSG00000013441,0.0
ENSG00000090382,0.0
ENSG00000134369,0.0
ENSG00000163536,0.0
ENSG00000077549,0.0
ENSG00000188338,0.0
ENSG00000118515,0.0
ENSG00000047849,0.0
ENSG00000186716,0.0
ENSG00000116774,0.0
ENSG00000065526,0.0
ENSG00000073910,0.0
ENSG00000138071,0.0
ENSG00000122862,0.0
ENSG00000172270,0.0
ENSG00000109107,0.0
ENSG00000189067,0.0
ENSG00000115419,0.0
ENSG00000113621,0.0
ENSG00000136240,0.0
ENSG00000171298,0.0
ENSG00000186480,0.0
ENSG00000115306,0.0
ENSG00000124006,0.0
ENSG00000156642,0.0
ENSG00000084207,0.0
ENSG00000092096,0.0
ENSG00000106991,0.0
ENSG00000146122,0.0
ENSG00000210144,0.0
ENSG00000124126,0.0
ENSG00000050405,0.0
ENSG00000117450,0.0
ENSG00000181222,0.0
ENSG00000141905,0.0
ENSG00000090621,0.0
ENSG00000138814,0.0
ENSG00000239264,0.0
ENSG00000100600,0.0
ENSG00000089220,0.0
ENSG00000139644,0.0
ENSG00000174600,0.0
ENSG00000075785,0.0
ENSG00000153187,0.0
ENSG00000184007,0.0
ENSG00000116560,0.0
ENSG00000165801,0.0
ENSG00000109861,0.0
ENSG00000157933,0.0
ENSG00000174695,0.0
ENSG00000164949,0.0
ENSG00000155657,0.0
ENSG00000175265,0.0
ENSG00000108953,0.0
ENSG00000107223,0.0
ENSG00000155366,0.0
ENSG00000168615,0.0
ENSG00000124831,0.0
ENSG00000163220,0.0
ENSG00000112977,0.0
ENSG00000131507,0.0
ENSG00000204256,0.0
ENSG00000104852,0.0
ENSG00000211895,0.0
ENSG00000044115,0.0
ENSG00000165949,0.0
ENSG00000128791,0.0
ENSG00000213626,0.0
ENSG00000111145,0.0
ENSG00000127947,0.0
ENSG00000153902,0.0
ENSG00000189060,0.0
ENSG00000122778,0.0
ENSG00000110958,0.0
ENSG00000134247,0.0
ENSG00000134954,0.0
ENSG00000174738,0.0
ENSG00000109046,0.0
ENSG00000184500,0.0
ENSG00000144674,0.0
ENSG00000148848,0.0
ENSG00000240184,0.0
ENSG00000157554,0.0
ENSG00000140612,0.0
ENSG00000125089,0.0
ENSG00000075292,0.0
ENSG00000003756,0.0
ENSG00000095637,0.0
ENSG00000125810,0.0
ENSG00000130723,0.0
ENSG00000115355,0.0
ENSG00000120742,0.0
ENSG00000108848,0.0
ENSG00000104415,0.0
ENSG00000184840,0.0
ENSG00000196576,0.0
ENSG00000243716,0.0
ENSG00000196504,0.0
ENSG00000119383,0.0
ENSG00000080503,0.0
ENSG00000178035,0.0
ENSG00000177565,0.0
ENSG00000112335,0.0
ENSG00000173598,0.0
ENSG00000024422,0.0
ENSG00000167470,0.0
ENSG00000196914,0.0
ENSG00000185100,0.0
ENSG00000006576,0.0
ENSG00000067141,0.0
ENSG00000131724,0.0
ENSG00000086598,0.0
ENSG00000184371,0.0
ENSG00000168610,0.0
ENSG00000143418,0.0
ENSG00000164096,0.0
ENSG00000245910,0.0
ENSG00000131669,0.0
ENSG00000244486,0.0
ENSG00000198563,0.0
ENSG00000108828,0.0
ENSG00000163110,0.0
ENSG00000206047,0.0
ENSG00000092607,0.0
ENSG00000178573,0.0
ENSG00000197555,0.0
ENSG00000153234,0.0
ENSG00000180616,0.0
ENSG00000134910,0.0
ENSG00000029363,0.0
ENSG00000203747,0.0
ENSG00000068305,0.0
ENSG00000177697,0.0
ENSG00000173166,0.0
ENSG00000056972,0.0
ENSG00000137166,0.0
ENSG00000148344,0.0
ENSG00000118200,0.0
ENSG00000089737,0.0
ENSG00000172638,0.0
ENSG00000165269,0.0
ENSG00000124795,0.0
ENSG00000165617,0.0
ENSG00000118596,0.0
ENSG00000171621,0.0
ENSG00000152104,0.0
ENSG00000125304,0.0
ENSG00000175215,0.0
ENSG00000154229,0.0
ENSG00000059804,0.0
ENSG00000143333,0.0
ENSG00000137312,0.0
ENSG00000115091,0.0
ENSG00000104331,0.0
ENSG00000114120,0.0
ENSG00000051108,0.0
ENSG00000077274,0.0
ENSG00000114353,0.0
ENSG00000088826,0.0
ENSG00000152795,0.0
ENSG00000106992,0.0
ENSG00000149100,0.0
ENSG00000256235,0.0
ENSG00000163683,0.0
ENSG00000183160,0.0
ENSG00000172901,0.0
ENSG00000115310,0.0
ENSG00000132341,0.0
ENSG00000049246,0.0
ENSG00000111275,0.0
ENSG00000157593,0.0
ENSG00000122545,0.0
ENSG00000120896,0.0
ENSG00000196975,0.0
ENSG00000104763,0.0
ENSG00000019169,0.0
ENSG00000170144,0.0
ENSG00000177666,0.0
ENSG00000100664,0.0
ENSG00000102081,0.0
ENSG00000182253,0.0
ENSG00000182220,0.0
ENSG00000145685,0.0
ENSG00000081189,0.0
ENSG00000065534,0.0
ENSG00000167283,0.0
ENSG00000100528,0.0
ENSG00000138835,0.0
ENSG00000127481,0.0
ENSG00000204706,0.0
ENSG00000166340,0.0
ENSG00000198417,0.0
ENSG00000210140,0.0
ENSG00000101384,0.0
ENSG00000170962,0.0
ENSG00000144749,0.0
ENSG00000151693,0.0
ENSG00000033100,0.0
ENSG00000183049,0.0
ENSG00000145901,0.0
ENSG00000173575,0.0
ENSG00000138834,0.0
ENSG00000073849,0.0
ENSG00000057608,0.0
ENSG00000113594,0.0
ENSG00000124107,0.0
ENSG00000138764,0.0
ENSG00000096696,0.0
ENSG00000181404,0.0
ENSG00000110077,0.0
ENSG00000132824,0.0
ENSG00000110799,0.0
ENSG00000034713,0.0
ENSG00000166888,0.0
ENSG00000277443,0.0
ENSG00000131634,0.0
ENSG00000099783,0.0
ENSG00000171988,0.0
ENSG00000119771,0.0
ENSG00000019144,0.0
ENSG00000144063,0.0
ENSG00000141522,0.0
ENSG00000130309,0.0
ENSG00000065911,0.0
ENSG00000134970,0.0
ENSG00000139178,0.0
ENSG00000163479,0.0
ENSG00000241399,0.0
ENSG00000117519,0.0
ENSG00000018408,0.0
ENSG00000164294,0.0
ENSG00000162433,0.0
ENSG00000177106,0.0
ENSG00000274012,0.0
ENSG00000163466,0.0
ENSG00000117335,0.0
ENSG00000107957,0.0
ENSG00000076706,0.0
ENSG00000109814,0.0
ENSG00000079432,0.0
ENSG00000080573,0.0
ENSG00000143153,0.0
ENSG00000123066,0.0
ENSG00000266964,0.0
ENSG00000110092,0.0
ENSG00000106153,0.0
ENSG00000152291,0.0
ENSG00000162496,0.0
ENSG00000143742,0.0
ENSG00000166278,0.0
ENSG00000100934,0.0
ENSG00000113269,0.0
ENSG00000122218,0.0
ENSG00000184232,0.0
ENSG00000262160,0.0
ENSG00000196776,0.0
ENSG00000145012,0.0
ENSG00000087074,0.0
ENSG00000007312,0.0
ENSG00000021300,0.0
ENSG00000215817,0.0
ENSG00000127603,0.0
ENSG00000204469,0.0
ENSG00000138758,0.0
ENSG00000050555,0.0
ENSG00000149212,0.0
ENSG00000116406,0.0
ENSG00000110841,0.0
ENSG00000143162,0.0
ENSG00000161671,0.0
ENSG00000099331,0.0
ENSG00000118762,0.0
ENSG00000124216,0.0
ENSG00000110900,0.0
ENSG00000164125,0.0
ENSG00000253729,0.0
ENSG00000165124,0.0
ENSG00000233954,0.0
ENSG00000197894,0.0
ENSG00000085733,0.0
ENSG00000167601,0.0
ENSG00000147027,0.0
ENSG00000070018,0.0
ENSG00000005339,0.0
ENSG00000177200,0.0
ENSG00000075618,0.0
ENSG00000104388,0.0
ENSG00000148053,0.0
ENSG00000049239,0.0
ENSG00000159176,0.0
ENSG00000131171,0.0
ENSG00000134308,0.0
ENSG00000106538,0.0
ENSG00000123144,0.0
ENSG00000140285,0.0
ENSG00000119950,0.0
ENSG00000013288,0.0
ENSG00000131504,0.0
ENSG00000154736,0.0
ENSG00000081154,0.0
ENSG00000146963,0.0
ENSG00000070831,0.0
ENSG00000131435,0.0
ENSG00000131143,0.0
ENSG00000155660,0.0
ENSG00000072110,0.0
ENSG00000068366,0.0
ENSG00000162551,0.0
ENSG00000031698,0.0
ENSG00000241111,0.0
ENSG00000188243,0.0
ENSG00000102547,0.0
ENSG00000061676,0.0
ENSG00000115468,0.0
ENSG00000110917,0.0
ENSG00000103202,0.0
ENSG00000113328,0.0
ENSG00000131370,0.0
ENSG00000188229,0.0
ENSG00000091137,0.0
ENSG00000118680,0.0
ENSG00000079246,0.0
ENSG00000120805,0.0
ENSG00000111229,0.0
ENSG00000173442,0.0
ENSG00000162734,0.0
ENSG00000122861,0.0
ENSG00000135631,0.0
ENSG00000164308,0.0
ENSG00000015479,0.0
ENSG00000117385,0.0
ENSG00000204843,0.0
ENSG00000068878,0.0
ENSG00000110880,0.0
ENSG00000151468,0.0
ENSG00000008294,0.0
ENSG00000090905,0.0
ENSG00000149380,0.0
ENSG00000118058,0.0
ENSG00000170248,0.0
ENSG00000206560,0.0
ENSG00000259976,0.0
ENSG00000135390,0.0
ENSG00000136628,0.0
ENSG00000125743,0.0
ENSG00000165030,0.0
ENSG00000114867,0.0
ENSG00000210196,0.0
ENSG00000197321,0.0
ENSG00000121316,0.0
ENSG00000127914,0.0
ENSG00000150907,0.0
ENSG00000181458,0.0
ENSG00000107581,0.0
ENSG00000185499,0.0
ENSG00000170876,0.0
ENSG00000112511,0.0
ENSG00000196419,0.0
ENSG00000150459,0.0
ENSG00000172349,0.0
ENSG00000183010,0.0
ENSG00000164684,0.0
ENSG00000170776,0.0
ENSG00000086758,0.0
ENSG00000104824,0.0
ENSG00000257923,0.0
ENSG00000065150,0.0
ENSG00000149115,0.0
ENSG00000185896,0.0
ENSG00000197712,0.0
ENSG00000156218,0.0
ENSG00000135218,0.0
ENSG00000253352,0.0
ENSG00000127314,0.0
ENSG00000145391,0.0
ENSG00000163902,0.0
ENSG00000105519,0.0
ENSG00000169239,0.0
ENSG00000136448,0.0
ENSG00000128590,0.0
ENSG00000119335,0.0
ENSG00000130741,0.0
ENSG00000133816,0.0
ENSG00000184584,0.0
ENSG00000173868,0.0
ENSG00000082898,0.0
ENSG00000180398,0.0
ENSG00000143341,0.0
ENSG00000088832,0.0
ENSG00000204387,0.0
ENSG00000119707,0.0
ENSG00000117523,0.0
ENSG00000169567,0.0
ENSG00000197157,0.0
ENSG00000228474,0.0
ENSG00000104765,0.0
ENSG00000196159,0.0
ENSG00000154553,0.0
ENSG00000182199,0.0
ENSG00000100300,0.0
ENSG00000088448,0.0
ENSG00000169710,0.0
ENSG00000106105,0.0
ENSG00000197635,0.0
ENSG00000188612,0.0
ENSG00000157404,0.0
ENSG00000135677,0.0
ENSG00000130382,0.0
ENSG00000146411,0.0
ENSG00000196104,0.0
ENSG00000179010,0.0
ENSG00000174780,0.0
ENSG00000183054,0.0
ENSG00000006128,0.0
ENSG00000121774,0.0
ENSG00000165458,0.0
ENSG00000105323,0.0
ENSG00000175582,0.0
ENSG00000133800,0.0
ENSG00000160710,0.0
ENSG00000198948,0.0
ENSG00000133104,0.0
ENSG00000049130,0.0
ENSG00000135930,0.0
ENSG00000241837,0.0
ENSG00000107281,0.0
ENSG00000246705,0.0
ENSG00000198856,0.0
ENSG00000116741,0.0
ENSG00000092964,0.0
ENSG00000169919,0.0
ENSG00000133226,0.0
ENSG00000100266,0.0
ENSG00000099250,0.0
ENSG00000107679,0.0
ENSG00000107159,0.0
ENSG00000012223,0.0
ENSG00000151176,0.0
ENSG00000131051,0.0
ENSG00000124193,0.0
ENSG00000143337,0.0
ENSG00000130429,0.0
ENSG00000169855,0.0
ENSG00000114374,0.0
ENSG00000257315,0.0
ENSG00000186866,0.0
ENSG00000101421,0.0
ENSG00000197043,0.0
ENSG00000152082,0.0
ENSG00000114541,0.0
ENSG00000163565,0.0
ENSG00000131196,0.0
ENSG00000141424,0.0
ENSG00000266412,0.0
ENSG00000117020,0.0
ENSG00000105880,0.0
ENSG00000136960,0.0
ENSG00000086062,0.0
ENSG00000260314,0.0
ENSG00000082438,0.0
ENSG00000163069,0.0
ENSG00000173706,0.0
ENSG00000082996,0.0
ENSG00000134824,0.0
ENSG00000202198,0.0
ENSG00000163754,0.0
ENSG00000221978,0.0
ENSG00000172493,0.0
ENSG00000126432,0.0
ENSG00000100842,0.0
ENSG00000155287,0.0
ENSG00000151135,0.0
ENSG00000005243,0.0
ENSG00000071127,0.0
ENSG00000012817,0.0
ENSG00000157540,0.0
ENSG00000129083,0.0
ENSG00000270629,0.0
ENSG00000130300,0.0
ENSG00000137575,0.0
ENSG00000141959,0.0
ENSG00000116991,0.0
ENSG00000166949,0.0
ENSG00000164050,0.0
ENSG00000107738,0.0
ENSG00000186350,0.0
ENSG00000196235,0.0
ENSG00000111371,0.0
ENSG00000100941,0.0
ENSG00000185222,0.0
ENSG00000155508,0.0
ENSG00000138069,0.0
ENSG00000138600,0.0
ENSG00000147274,0.0
ENSG00000138095,0.0
ENSG00000117362,0.0
ENSG00000165757,0.0
ENSG00000170515,0.0
ENSG00000152990,0.0
ENSG00000196712,0.0
ENSG00000230590,0.0
ENSG00000165732,0.0
ENSG00000279296,0.0
ENSG00000139044,0.0
ENSG00000161714,0.0
ENSG00000148248,0.0
ENSG00000183291,0.0
ENSG00000174437,0.0
ENSG00000215252,0.0
ENSG00000089057,0.0
ENSG00000223865,0.0
ENSG00000105281,0.0
ENSG00000106537,0.0
ENSG00000079785,0.0
ENSG00000125107,0.0
ENSG00000130175,0.0
ENSG00000150347,0.0
ENSG00000138434,0.0
ENSG00000211899,0.0
ENSG00000182985,0.0
ENSG00000106682,0.0
ENSG00000172380,0.0
ENSG00000151929,0.0
ENSG00000166200,0.0
ENSG00000171867,0.0
ENSG00000176692,0.0
ENSG00000101972,0.0
ENSG00000115806,0.0
ENSG00000111348,0.0
ENSG00000134242,0.0
ENSG00000182196,0.0
ENSG00000084623,0.0
ENSG00000150961,0.0
ENSG00000095303,0.0
ENSG00000135316,0.0
ENSG00000198932,0.0
ENSG00000154978,0.0
ENSG00000052795,0.0
ENSG00000166250,0.0
ENSG00000133872,0.0
ENSG00000119777,0.0
ENSG00000143774,0.0
ENSG00000013374,0.0
ENSG00000140688,0.0
ENSG00000074181,0.0
ENSG00000123572,0.0
ENSG00000136813,0.0
ENSG00000152234,0.0
ENSG00000122257,0.0
ENSG00000178982,0.0
ENSG00000183762,0.0
ENSG00000128739,0.0
ENSG00000110955,0.0
ENSG00000115758,0.0
ENSG00000126458,0.0
ENSG00000142599,0.0
ENSG00000089289,0.0
ENSG00000134955,0.0
ENSG00000010244,0.0
ENSG00000185920,0.0
ENSG00000131759,0.0
ENSG00000182934,0.0
ENSG00000061938,0.0
ENSG00000160014,0.0
ENSG00000172354,0.0
ENSG00000061987,0.0
ENSG00000163527,0.0
ENSG00000003402,0.0
ENSG00000115866,0.0
ENSG00000210127,0.0
ENSG00000153162,0.0
ENSG00000076928,0.0
ENSG00000237172,0.0
ENSG00000139437,0.0
ENSG00000213625,0.0
ENSG00000184640,0.0
ENSG00000180776,0.0
ENSG00000112081,0.0
ENSG00000157322,0.0
ENSG00000145907,0.0
ENSG00000166963,0.0
ENSG00000124198,0.0
ENSG00000143575,0.0
ENSG00000135679,0.0
ENSG00000095564,0.0
ENSG00000173230,0.0
ENSG00000171862,0.0
ENSG00000106080,0.0
ENSG00000254126,0.0
ENSG00000160255,0.0
ENSG00000170759,0.0
ENSG00000102158,0.0
ENSG00000089693,0.0
ENSG00000143013,0.0
ENSG00000129250,0.0
ENSG00000256043,0.0
ENSG00000102595,0.0
ENSG00000149311,0.0
ENSG00000131238,0.0
ENSG00000148672,0.0
ENSG00000125845,0.0
ENSG00000198873,0.0
ENSG00000074657,0.0
ENSG00000153064,0.0
ENSG00000084754,0.0
ENSG00000187231,0.0
ENSG00000135387,0.0
ENSG00000168906,0.0
ENSG00000138131,0.0
ENSG00000137642,0.0
ENSG00000165280,0.0
ENSG00000076108,0.0
ENSG00000180155,0.0
ENSG00000087302,0.0
ENSG00000105722,0.0
ENSG00000108582,0.0
ENSG00000096968,0.0
ENSG00000116194,0.0
ENSG00000109686,0.0
ENSG00000060237,0.0
ENSG00000173674,0.0
ENSG00000132485,0.0
ENSG00000113141,0.0
ENSG00000126777,0.0
ENSG00000168734,0.0
ENSG00000153904,0.0
ENSG00000196507,0.0
ENSG00000163703,0.0
ENSG00000113070,0.0
ENSG00000087303,0.0
ENSG00000155463,0.0
ENSG00000005700,0.0
ENSG00000109111,0.0
ENSG00000166913,0.0
ENSG00000139112,0.0
ENSG00000171791,0.0
ENSG00000125944,0.0
ENSG00000258289,0.0
ENSG00000179241,0.0
ENSG00000198692,0.0
ENSG00000162434,0.0
ENSG00000158417,0.0
ENSG00000071537,0.0
ENSG00000088986,0.0
ENSG00000162704,0.0
ENSG00000138593,0.0
ENSG00000136158,0.0
ENSG00000163697,0.0
ENSG00000117592,0.0
ENSG00000205339,0.0
ENSG00000115935,0.0
ENSG00000163001,0.0
ENSG00000134243,0.0
ENSG00000197702,0.0
ENSG00000188042,0.0
ENSG00000159899,0.0
ENSG00000003137,0.0
ENSG00000184347,0.0
ENSG00000145495,0.0
ENSG00000168137,0.0
ENSG00000123933,0.0
ENSG00000137693,0.0
ENSG00000163714,0.0
ENSG00000087266,0.0
ENSG00000071553,0.0
ENSG00000101335,0.0
ENSG00000101266,0.0
ENSG00000167553,0.0
ENSG00000164828,0.0
ENSG00000174306,0.0
ENSG00000168283,0.0
ENSG00000102572,0.0
ENSG00000115464,0.0
ENSG00000146373,0.0
ENSG00000180354,0.0
ENSG00000132002,0.0
ENSG00000121064,0.0
ENSG00000117614,0.0
ENSG00000152558,0.0
ENSG00000158604,0.0
ENSG00000109171,0.0
ENSG00000131873,0.0
ENSG00000159399,0.0
ENSG00000144867,0.0
ENSG00000214253,0.0
ENSG00000148516,0.0
ENSG00000197879,0.0
ENSG00000167671,0.0
ENSG00000157240,0.0
ENSG00000118363,0.0
ENSG00000161999,0.0
ENSG00000232112,0.0
ENSG00000197622,0.0
ENSG00000188070,0.0
ENSG00000154734,0.0
ENSG00000182054,0.0
ENSG00000176845,0.0
ENSG00000086015,0.0
ENSG00000138604,0.0
ENSG00000170955,0.0
ENSG00000177830,0.0
ENSG00000198300,0.0
ENSG00000272084,0.0
ENSG00000155755,0.0
ENSG00000170323,0.0
ENSG00000204852,0.0
ENSG00000128731,0.0
ENSG00000107798,0.0
ENSG00000149084,0.0
ENSG00000108924,0.0
ENSG00000079739,0.0
ENSG00000075790,0.0
ENSG00000100813,0.0
ENSG00000198121,0.0
ENSG00000205730,0.0
ENSG00000072310,0.0
ENSG00000153201,0.0
ENSG00000148834,0.0
ENSG00000132432,0.0
ENSG00000134202,0.0
ENSG00000196542,0.0
ENSG00000262621,0.0
ENSG00000071894,0.0
ENSG00000105404,0.0
ENSG00000130203,0.0
ENSG00000198795,0.0
ENSG00000166681,0.0
ENSG00000100320,0.0
ENSG00000012171,0.0
ENSG00000126261,0.0
ENSG00000069667,0.0
ENSG00000095139,0.0
ENSG00000065613,0.0
ENSG00000164038,0.0
ENSG00000035403,0.0
ENSG00000048052,0.0
ENSG00000157106,0.0
ENSG00000213064,0.0
ENSG00000164985,0.0
ENSG00000109756,0.0
ENSG00000102226,0.0
ENSG00000213949,0.0
ENSG00000205352,0.0
ENSG00000134313,0.0
ENSG00000116288,0.0
ENSG00000243244,0.0
ENSG00000128567,0.0
ENSG00000155368,0.0
ENSG00000159840,0.0
ENSG00000076043,0.0
ENSG00000148120,0.0
ENSG00000108829,0.0
ENSG00000103657,0.0
ENSG00000102109,0.0
ENSG00000165272,0.0
ENSG00000099377,0.0
ENSG00000163171,0.0
ENSG00000168913,0.0
ENSG00000102882,0.0
ENSG00000112245,0.0
ENSG00000247556,0.0
ENSG00000135924,0.0
ENSG00000072364,0.0
ENSG00000153914,0.0
ENSG00000113580,0.0
ENSG00000131668,0.0
ENSG00000124212,0.0
ENSG00000145358,0.0
ENSG00000129116,0.0
ENSG00000166165,0.0
ENSG00000125827,0.0
ENSG00000136167,0.0
ENSG00000118495,0.0
ENSG00000182087,0.0
ENSG00000167778,0.0
ENSG00000154556,0.0
ENSG00000139263,0.0
ENSG00000091409,0.0
ENSG00000113719,0.0
ENSG00000184014,0.0
ENSG00000188763,0.0
ENSG00000125971,0.0
ENSG00000152102,0.0
ENSG00000107331,0.0
ENSG00000183853,0.0
ENSG00000164615,0.0
ENSG00000107863,0.0
ENSG00000109705,0.0
ENSG00000143761,0.0
ENSG00000133789,0.0
ENSG00000074935,0.0
ENSG00000182168,0.0
ENSG00000099995,0.0
ENSG00000106772,0.0
ENSG00000197930,0.0
ENSG00000102531,0.0
ENSG00000178913,0.0
ENSG00000178719,0.0
ENSG00000176014,0.0
ENSG00000136731,0.0
ENSG00000071575,0.0
ENSG00000101346,0.0
ENSG00000272325,0.0
ENSG00000102580,0.0
ENSG00000091527,0.0
ENSG00000100632,0.0
ENSG00000153944,0.0
ENSG00000185760,0.0
ENSG00000100030,0.0
ENSG00000103363,0.0
ENSG00000100836,0.0
ENSG00000158828,0.0
ENSG00000244038,0.0
ENSG00000165678,0.0
ENSG00000111144,0.0
ENSG00000253276,0.0
ENSG00000170099,0.0
ENSG00000198467,0.0
ENSG00000161955,0.0
ENSG00000169302,0.0
ENSG00000160551,0.0
ENSG00000125991,0.0
ENSG00000004534,0.0
ENSG00000183779,0.0
ENSG00000257727,0.0
ENSG00000082397,0.0
ENSG00000089063,0.0
ENSG00000177731,0.0
ENSG00000102409,0.0
ENSG00000168546,0.0
ENSG00000156966,0.0
ENSG00000107959,0.0
ENSG00000119669,0.0
ENSG00000269113,0.0
ENSG00000144724,0.0
ENSG00000130827,0.0
ENSG00000132670,0.0
ENSG00000107731,0.0
ENSG00000168487,0.0
ENSG00000173660,0.0
ENSG00000114416,0.0
ENSG00000110367,0.0
ENSG00000153487,0.0
ENSG00000175334,0.0
ENSG00000164929,0.0
ENSG00000047410,0.0
ENSG00000072210,0.0
ENSG00000174059,0.0
ENSG00000204463,0.0
ENSG00000130985,0.0
ENSG00000198843,0.0
ENSG00000110422,0.0
ENSG00000121671,0.0
ENSG00000087365,0.0
ENSG00000111832,0.0
ENSG00000180347,0.0
ENSG00000163956,0.0
ENSG00000129422,0.0
ENSG00000153827,0.0
ENSG00000088882,0.0
ENSG00000165169,0.0
ENSG00000185088,0.0
ENSG00000170027,0.0
ENSG00000160213,0.0
ENSG00000171408,0.0
ENSG00000006042,0.0
ENSG00000056736,0.0
ENSG00000099956,0.0
ENSG00000078674,0.0
ENSG00000107719,0.0
ENSG00000088367,0.0
ENSG00000127990,0.0
ENSG00000177951,0.0
ENSG00000116584,0.0
ENSG00000014641,0.0
ENSG00000124181,0.0
ENSG00000259171,0.0
ENSG00000106460,0.0
ENSG00000095739,0.0
ENSG00000140416,0.0
ENSG00000273489,0.0
ENSG00000100888,0.0
ENSG00000176788,0.0
ENSG00000118482,0.0
ENSG00000107186,0.0
ENSG00000129128,0.0
ENSG00000157020,0.0
ENSG00000243317,0.0
ENSG00000116641,0.0
ENSG00000184743,0.0
ENSG00000125356,0.0
ENSG00000132669,0.0
ENSG00000179295,0.0
ENSG00000115875,0.0
ENSG00000108424,0.0
ENSG00000152256,0.0
ENSG00000121957,0.0
ENSG00000156261,0.0
ENSG00000143545,0.0
ENSG00000046653,0.0
ENSG00000164889,0.0
ENSG00000163520,0.0
ENSG00000168175,0.0
ENSG00000043143,0.0
ENSG00000230989,0.0
ENSG00000131242,0.0
ENSG00000085224,0.0
ENSG00000085719,0.0
ENSG00000166295,0.0
ENSG00000167986,0.0
ENSG00000087053,0.0
ENSG00000065427,0.0
ENSG00000127483,0.0
ENSG00000164039,0.0
ENSG00000166482,0.0
ENSG00000144028,0.0
ENSG00000182944,0.0
ENSG00000039560,0.0
ENSG00000110330,0.0
ENSG00000135636,0.0
ENSG00000183963,0.0
ENSG00000183283,0.0
ENSG00000134590,0.0
ENSG00000278962,0.0
ENSG00000135842,0.0
ENSG00000223561,0.0
ENSG00000184575,0.0
ENSG00000065054,0.0
ENSG00000010322,0.0
ENSG00000164318,0.0
ENSG00000116604,0.0
ENSG00000160932,0.0
ENSG00000138668,0.0
ENSG00000109625,0.0
ENSG00000132481,0.0
ENSG00000086061,0.0
ENSG00000182218,0.0
ENSG00000219200,0.0
ENSG00000133065,0.0
ENSG00000079150,0.0
ENSG00000100504,0.0
ENSG00000159346,0.0
ENSG00000148396,0.0
ENSG00000111961,0.0
ENSG00000275110,0.0
ENSG00000173918,0.0
ENSG00000011600,0.0
ENSG00000064666,0.0
ENSG00000173821,0.0
ENSG00000167074,0.0
ENSG00000104517,0.0
ENSG00000179889,0.0
ENSG00000143537,0.0
ENSG00000138768,0.0
ENSG00000210151,0.0
ENSG00000155957,0.0
ENSG00000055917,0.0
ENSG00000138688,0.0
ENSG00000163297,0.0
ENSG00000143624,0.0
ENSG00000105559,0.0
ENSG00000173692,0.0
ENSG00000240801,0.0
ENSG00000214655,0.0
ENSG00000158966,0.0
ENSG00000008513,0.0
ENSG00000135744,0.0
ENSG00000074319,0.0
ENSG00000167815,0.0
ENSG00000010610,0.0
ENSG00000005810,0.0
ENSG00000172935,0.0
ENSG00000112320,0.0
ENSG00000165633,0.0
ENSG00000165915,0.0
ENSG00000182704,0.0
ENSG00000074219,0.0
ENSG00000280211,0.0
ENSG00000186298,0.0
ENSG00000004399,0.0
ENSG00000242616,0.0
ENSG00000182578,0.0
ENSG00000113387,0.0
ENSG00000103260,0.0
ENSG00000122565,0.0
ENSG00000150593,0.0
ENSG00000106615,0.0
ENSG00000013364,0.0
ENSG00000135324,0.0
ENSG00000110492,0.0
ENSG00000198887,0.0
ENSG00000185532,0.0
ENSG00000137478,0.0
ENSG00000143321,0.0
ENSG00000197766,0.0
ENSG00000130726,0.0
ENSG00000097007,0.0
ENSG00000070961,0.0
ENSG00000108784,0.0
ENSG00000132507,0.0
ENSG00000099246,0.0
ENSG00000198258,0.0
ENSG00000008018,0.0
ENSG00000184588,0.0
ENSG00000100403,0.0
ENSG00000100376,0.0
ENSG00000067369,0.0
ENSG00000126860,0.0
ENSG00000155506,0.0
ENSG00000189223,0.0
ENSG00000175727,0.0
ENSG00000105568,0.0
ENSG00000260822,0.0
ENSG00000118971,0.0
ENSG00000104774,0.0
ENSG00000146457,0.0
ENSG00000136436,0.0
ENSG00000128609,0.0
ENSG00000103226,0.0
ENSG00000248905,0.0
ENSG00000002834,0.0
ENSG00000149499,0.0
ENSG00000136542,0.0
ENSG00000155096,0.0
ENSG00000173486,0.0
ENSG00000143569,0.0
ENSG00000116539,0.0
ENSG00000124486,0.0
ENSG00000100731,0.0
ENSG00000074842,0.0
ENSG00000160714,0.0
ENSG00000254999,0.0
ENSG00000162337,0.0
ENSG00000086232,0.0
ENSG00000114019,0.0
ENSG00000198162,0.0
ENSG00000255248,0.0
ENSG00000271383,0.0
ENSG00000129562,0.0
ENSG00000186010,0.0
ENSG00000148484,0.0
ENSG00000102038,0.0
ENSG00000143847,0.0
ENSG00000177311,0.0
ENSG00000161203,0.0
ENSG00000166557,0.0
ENSG00000196616,0.0
ENSG00000111775,0.0
ENSG00000163468,0.0
ENSG00000184702,0.0
ENSG00000273136,0.0
ENSG00000180357,0.0
ENSG00000204219,0.0
ENSG00000139684,0.0
ENSG00000197283,0.0
ENSG00000115760,0.0
ENSG00000091542,0.0
ENSG00000178980,0.0
ENSG00000126709,0.0
ENSG00000090581,0.0
ENSG00000178252,0.0
ENSG00000130733,0.0
ENSG00000077097,0.0
ENSG00000220205,0.0
ENSG00000140941,0.0
ENSG00000154305,0.0
ENSG00000049245,0.0
ENSG00000137414,0.0
ENSG00000013016,0.0
ENSG00000103187,0.0
ENSG00000210135,0.0
ENSG00000132199,0.0
ENSG00000139641,0.0
ENSG00000126705,0.0
ENSG00000185883,0.0
ENSG00000108774,0.0
ENSG00000106052,0.0
ENSG00000005893,0.0
ENSG00000132334,0.0
ENSG00000121741,0.0
ENSG00000175467,0.0
ENSG00000126262,0.0
ENSG00000205581,0.0
ENSG00000166333,0.0
ENSG00000131620,0.0
ENSG00000187391,0.0
ENSG00000166311,0.0
ENSG00000126267,0.0
ENSG00000177733,0.0
ENSG00000154723,0.0
ENSG00000126012,0.0
ENSG00000144747,0.0
ENSG00000173889,0.0
ENSG00000155265,0.0
ENSG00000028528,0.0
ENSG00000187595,0.0
ENSG00000132613,0.0
ENSG00000177119,0.0
ENSG00000114439,0.0
ENSG00000166503,0.0
ENSG00000143442,0.0
ENSG00000179344,0.0
ENSG00000073756,0.0
ENSG00000066294,0.0
ENSG00000103222,0.0
ENSG00000131389,0.0
ENSG00000162736,0.0
ENSG00000140943,0.0
ENSG00000072501,0.0
ENSG00000171310,0.0
ENSG00000089053,0.0
ENSG00000111843,0.0
ENSG00000158560,0.0
ENSG00000077684,0.0
ENSG00000103495,0.0
ENSG00000007202,0.0
ENSG00000003056,0.0
ENSG00000117298,0.0
ENSG00000153207,0.0
ENSG00000129521,0.0
ENSG00000135164,0.0
ENSG00000076067,0.0
ENSG00000107819,0.0
ENSG00000175356,0.0
ENSG00000129351,0.0
ENSG00000133103,0.0
ENSG00000164754,0.0
ENSG00000167110,0.0
ENSG00000069329,0.0
ENSG00000151090,0.0
ENSG00000089248,0.0
ENSG00000127540,0.0
ENSG00000061273,0.0
ENSG00000181061,0.0
ENSG00000165655,0.0
ENSG00000171530,0.0
ENSG00000033327,0.0
ENSG00000183878,0.0
ENSG00000162413,0.0
ENSG00000134184,0.0
ENSG00000115993,0.0
ENSG00000142892,0.0
ENSG00000136997,0.0
ENSG00000023318,0.0
ENSG00000141279,0.0
ENSG00000136810,0.0
ENSG00000198728,0.0
ENSG00000113441,0.0
ENSG00000097033,0.0
ENSG00000011304,0.0
ENSG00000135272,0.0
ENSG00000109180,0.0
ENSG00000143198,0.0
ENSG00000096746,0.0
ENSG00000164032,0.0
ENSG00000143570,0.0
ENSG00000115415,0.0
ENSG00000165494,0.0
ENSG00000198561,0.0
ENSG00000265808,0.0
ENSG00000186184,0.0
ENSG00000211677,0.0
ENSG00000198053,0.0
ENSG00000110108,0.0
ENSG00000136861,0.0
ENSG00000178882,0.0
ENSG00000115484,0.0
ENSG00000135766,0.0
ENSG00000260807,0.0
ENSG00000266028,0.0
ENSG00000108523,0.0
ENSG00000205795,0.0
ENSG00000176485,0.0
ENSG00000129103,0.0
ENSG00000188001,0.0
ENSG00000089154,0.0
ENSG00000146112,0.0
ENSG00000203879,0.0
ENSG00000116489,0.0
ENSG00000017427,0.0
ENSG00000120948,0.0
ENSG00000140044,0.0
ENSG00000148358,0.0
ENSG00000198898,0.0
ENSG00000071655,0.0
ENSG00000159658,0.0
ENSG00000197629,0.0
ENSG00000116649,0.0
ENSG00000164619,0.0
ENSG00000175220,0.0
ENSG00000074416,0.0
ENSG00000134825,0.0
ENSG00000182240,0.0
ENSG00000170385,0.0
ENSG00000092108,0.0
ENSG00000105887,0.0
ENSG00000102755,0.0
ENSG00000167994,0.0
ENSG00000266302,0.0
ENSG00000241978,0.0
ENSG00000111642,0.0
ENSG00000111540,0.0
ENSG00000180964,0.0
ENSG00000143365,0.0
ENSG00000069122,0.0
ENSG00000100284,0.0
ENSG00000166444,0.0
ENSG00000164687,0.0
ENSG00000137491,0.0
ENSG00000132359,0.0
ENSG00000137393,0.0
ENSG00000203485,0.0
ENSG00000023191,0.0
ENSG00000162889,0.0
ENSG00000153048,0.0
ENSG00000140092,0.0
ENSG00000143621,0.0
ENSG00000166925,0.0
ENSG00000090530,0.0
ENSG00000214753,0.0
ENSG00000090060,0.0
ENSG00000166012,0.0
ENSG00000163931,0.0
ENSG00000143546,0.0
ENSG00000135365,0.0
ENSG00000044090,0.0
ENSG00000051620,0.0
ENSG00000111321,0.0
ENSG00000234857,0.0
ENSG00000004455,0.0
ENSG00000153147,0.0
ENSG00000124422,0.0
ENSG00000090273,0.0
ENSG00000006125,0.0
ENSG00000103145,0.0
ENSG00000112695,0.0
ENSG00000170145,0.0
ENSG00000138640,0.0
ENSG00000103994,0.0
ENSG00000129625,0.0
ENSG00000140350,0.0
ENSG00000165672,0.0
ENSG00000185033,0.0
ENSG00000135940,0.0
ENSG00000169242,0.0
ENSG00000187151,0.0
ENSG00000136238,0.0
ENSG00000164161,0.0
ENSG00000085117,0.0
ENSG00000157214,0.0
ENSG00000005483,0.0
ENSG00000100764,0.0
ENSG00000196735,0.0
ENSG00000271254,0.0
ENSG00000100591,0.0
ENSG00000105516,0.0
ENSG00000113384,0.0
ENSG00000049192,0.0
ENSG00000137941,0.0
ENSG00000114544,0.0
ENSG00000161281,0.0
ENSG00000169967,0.0
ENSG00000113732,0.0
ENSG00000103266,0.0
ENSG00000063660,0.0
ENSG00000138385,0.0
ENSG00000119729,0.0
ENSG00000065809,0.0
ENSG00000130770,0.0
ENSG00000172201,0.0
ENSG00000166326,0.0
ENSG00000173599,0.0
ENSG00000135720,0.0
ENSG00000173334,0.0
ENSG00000137845,0.0
ENSG00000198380,0.0
ENSG00000038945,0.0
ENSG00000280071,0.0
ENSG00000123983,0.0
ENSG00000112531,0.0
ENSG00000131503,0.0
ENSG00000065882,0.0
ENSG00000180818,0.0
ENSG00000196843,0.0
ENSG00000066933,0.0
ENSG00000162599,0.0
ENSG00000130254,0.0
ENSG00000142208,0.0
ENSG00000173402,0.0
ENSG00000063244,0.0
ENSG00000261713,0.0
ENSG00000144115,0.0
ENSG00000165476,0.0
ENSG00000138413,0.0
ENSG00000179399,0.0
ENSG00000112308,0.0
ENSG00000187720,0.0
ENSG00000231925,0.0
ENSG00000134440,0.0
ENSG00000137207,0.0
ENSG00000105856,0.0
ENSG00000266714,0.0
ENSG00000187601,0.0
ENSG00000082196,0.0
ENSG00000198690,0.0
ENSG00000131174,0.0
ENSG00000198142,0.0
ENSG00000244462,0.0
ENSG00000173366,0.0
ENSG00000105438,0.0
ENSG00000109920,0.0
ENSG00000137834,0.0
ENSG00000173757,0.0
ENSG00000106565,0.0
ENSG00000134884,0.0
ENSG00000116030,0.0
ENSG00000013375,0.0
ENSG00000095951,0.0
ENSG00000099219,0.0
ENSG00000162613,0.0
ENSG00000105576,0.0
ENSG00000164741,0.0
ENSG00000077380,0.0
ENSG00000176438,0.0
ENSG00000055955,0.0
ENSG00000171928,0.0
ENSG00000111011,0.0
ENSG00000153815,0.0
ENSG00000131100,0.0
ENSG00000108557,0.0
ENSG00000273749,0.0
ENSG00000071051,0.0
ENSG00000128284,0.0
ENSG00000205609,0.0
ENSG00000227051,0.0
ENSG00000235823,0.0
ENSG00000115541,0.0
ENSG00000150753,0.0
ENSG00000091039,0.0
ENSG00000214940,0.0
ENSG00000012061,0.0
ENSG00000115234,0.0
ENSG00000143252,0.0
ENSG00000144579,0.0
ENSG00000108468,0.0
ENSG00000110713,0.0
ENSG00000125734,0.0
ENSG00000138757,0.0
ENSG00000127951,0.0
ENSG00000198911,0.0
ENSG00000214248,0.0
ENSG00000155876,0.0
ENSG00000134046,0.0
ENSG00000114993,0.0
ENSG00000105137,0.0
ENSG00000143222,0.0
ENSG00000067900,0.0
ENSG00000198231,0.0
ENSG00000153130,0.0
ENSG00000205302,0.0
ENSG00000129515,0.0
ENSG00000130340,0.0
ENSG00000162618,0.0
ENSG00000164040,0.0
ENSG00000108588,0.0
ENSG00000182768,0.0
ENSG00000107104,0.0
ENSG00000213923,0.0
ENSG00000106803,0.0
ENSG00000173276,0.0
ENSG00000174903,0.0
ENSG00000183431,0.0
ENSG00000126785,0.0
ENSG00000167548,0.0
ENSG00000166173,0.0
ENSG00000225733,0.0
ENSG00000187634,0.0
ENSG00000117151,0.0
ENSG00000179776,0.0
ENSG00000168214,0.0
ENSG00000146352,0.0
ENSG00000126351,0.0
ENSG00000166579,0.0
ENSG00000128989,0.0
ENSG00000083312,0.0
ENSG00000002933,0.0
ENSG00000002587,0.0
ENSG00000244754,0.0
ENSG00000026652,0.0
ENSG00000167863,0.0
ENSG00000110237,0.0
ENSG00000072840,0.0
ENSG00000143776,0.0
ENSG00000273419,0.0
ENSG00000125818,0.0
ENSG00000161381,0.0
ENSG00000084733,0.0
ENSG00000134291,0.0
ENSG00000164070,0.0
ENSG00000143753,0.0
ENSG00000124098,0.0
ENSG00000112078,0.0
ENSG00000211893,0.0
ENSG00000027697,0.0
ENSG00000146833,0.0
ENSG00000135968,0.0
ENSG00000143543,0.0
ENSG00000079950,0.0
ENSG00000154358,0.0
ENSG00000170899,0.0
ENSG00000143344,0.0
ENSG00000101182,0.0
ENSG00000051523,0.0
ENSG00000148429,0.0
ENSG00000146731,0.0
ENSG00000203667,0.0
ENSG00000013588,0.0
ENSG00000146247,0.0
ENSG00000078618,0.0
ENSG00000169083,0.0
ENSG00000114315,0.0
ENSG00000274276,0.0
ENSG00000033800,0.0
ENSG00000165775,0.0
ENSG00000239779,0.0
ENSG00000163904,0.0
ENSG00000109113,0.0
ENSG00000247095,0.0
ENSG00000099341,0.0
ENSG00000151458,0.0
ENSG00000100393,0.0
ENSG00000125817,0.0
ENSG00000121075,0.0
ENSG00000143183,0.0
ENSG00000136295,0.0
ENSG00000152894,0.0
ENSG00000070010,0.0
ENSG00000100106,0.0
ENSG00000129038,0.0
ENSG00000188994,0.0
ENSG00000055609,0.0
ENSG00000133433,0.0
ENSG00000012983,0.0
ENSG00000198791,0.0
ENSG00000150403,0.0
ENSG00000122705,0.0
ENSG00000186063,0.0
ENSG00000175224,0.0
ENSG00000054118,0.0
ENSG00000164054,0.0
ENSG00000138028,0.0
ENSG00000144908,0.0
ENSG00000198816,0.0
ENSG00000177963,0.0
ENSG00000170379,0.0
ENSG00000188706,0.0
ENSG00000265241,0.0
ENSG00000113407,0.0
ENSG00000100852,0.0
ENSG00000105221,0.0
ENSG00000102910,0.0
ENSG00000116133,0.0
ENSG00000076356,0.0
ENSG00000163539,0.0
ENSG00000135829,0.0
ENSG00000169223,0.0
ENSG00000161547,0.0
ENSG00000132155,0.0
ENSG00000198752,0.0
ENSG00000142186,0.0
ENSG00000105894,0.0
ENSG00000077312,0.0
ENSG00000141985,0.0
ENSG00000048649,0.0
ENSG00000162231,0.0
ENSG00000101294,0.0
ENSG00000101150,0.0
ENSG00000140740,0.0
ENSG00000130779,0.0
ENSG00000152767,0.0
ENSG00000181090,0.0
ENSG00000138078,0.0
ENSG00000052841,0.0
ENSG00000205213,0.0
ENSG00000056097,0.0
ENSG00000214736,0.0
ENSG00000107341,0.0
ENSG00000197381,0.0
ENSG00000029364,0.0
ENSG00000106628,0.0
ENSG00000154783,0.0
ENSG00000118418,0.0
ENSG00000127463,0.0
ENSG00000159352,0.0
ENSG00000153250,0.0
ENSG00000156411,0.0
ENSG00000104853,0.0
ENSG00000128487,0.0
ENSG00000137962,0.0
ENSG00000089006,0.0
ENSG00000106588,0.0
ENSG00000167005,0.0
ENSG00000070614,0.0
ENSG00000132383,0.0
ENSG00000179134,0.0
ENSG00000165246,0.0
ENSG00000139168,0.0
ENSG00000111530,0.0
ENSG00000100711,0.0
ENSG00000180628,0.0
ENSG00000164808,0.0
ENSG00000169047,0.0
ENSG00000198663,0.0
ENSG00000173548,0.0
ENSG00000107862,0.0
ENSG00000049618,0.0
ENSG00000100330,0.0
ENSG00000204590,0.0
ENSG00000005007,0.0
ENSG00000046604,0.0
ENSG00000088247,0.0
ENSG00000135473,0.0
ENSG00000165895,0.0
ENSG00000153246,0.0
ENSG00000128245,0.0
ENSG00000116337,0.0
ENSG00000165629,0.0
ENSG00000092203,0.0
ENSG00000106263,0.0
ENSG00000084463,0.0
ENSG00000269604,0.0
ENSG00000076685,0.0
ENSG00000058673,0.0
ENSG00000119048,0.0
ENSG00000177576,0.0
ENSG00000025708,0.0
ENSG00000126698,0.0
ENSG00000117122,0.0
ENSG00000204071,0.0
ENSG00000257103,0.0
ENSG00000198502,0.0
ENSG00000161544,0.0
ENSG00000173517,0.0
ENSG00000114354,0.0
ENSG00000121766,0.0
ENSG00000278311,0.0
ENSG00000092439,0.0
ENSG00000168653,0.0
ENSG00000155760,0.0
ENSG00000110696,0.0
ENSG00000088888,0.0
ENSG00000120265,0.0
ENSG00000109519,0.0
ENSG00000134049,0.0
ENSG00000196923,0.0
ENSG00000130724,0.0
ENSG00000171206,0.0
ENSG00000275832,0.0
ENSG00000120254,0.0
ENSG00000168000,0.0
ENSG00000116237,0.0
ENSG00000144224,0.0
ENSG00000100994,0.0
ENSG00000125977,0.0
ENSG00000113575,0.0
ENSG00000196704,0.0
ENSG00000105968,0.0
ENSG00000120071,0.0
ENSG00000153976,0.0
ENSG00000198848,0.0
ENSG00000142694,0.0
ENSG00000185043,0.0
ENSG00000165973,0.0
ENSG00000162430,0.0
ENSG00000157916,0.0
ENSG00000122042,0.0
ENSG00000204217,0.0
ENSG00000119537,0.0
ENSG00000107816,0.0
ENSG00000123064,0.0
ENSG00000127922,0.0
ENSG00000198825,0.0
ENSG00000066739,0.0
ENSG00000137177,0.0
ENSG00000168079,0.0
ENSG00000173120,0.0
ENSG00000101745,0.0
ENSG00000008130,0.0
ENSG00000254870,0.0
ENSG00000102974,0.0
ENSG00000135624,0.0
ENSG00000198218,0.0
ENSG00000111666,0.0
ENSG00000163938,0.0
ENSG00000092148,0.0
ENSG00000165102,0.0
ENSG00000166927,0.0
ENSG00000139793,0.0
ENSG00000270647,0.0
ENSG00000120451,0.0
ENSG00000116685,0.0
ENSG00000136003,0.0
ENSG00000224078,0.0
ENSG00000182379,0.0
ENSG00000154127,0.0
ENSG00000165424,0.0
ENSG00000143401,0.0
ENSG00000177239,0.0
ENSG00000132780,0.0
ENSG00000168288,0.0
ENSG00000120833,0.0
ENSG00000186652,0.0
ENSG00000101199,0.0
ENSG00000153774,0.0
ENSG00000164944,0.0
ENSG00000050820,0.0
ENSG00000146830,0.0
ENSG00000158869,0.0
ENSG00000080371,0.0
ENSG00000022840,0.0
ENSG00000166272,0.0
ENSG00000112964,0.0
ENSG00000205710,0.0
ENSG00000109606,0.0
ENSG00000106723,0.0
ENSG00000157954,0.0
ENSG00000124766,0.0
ENSG00000085365,0.0
ENSG00000108349,0.0
ENSG00000038274,0.0
ENSG00000115170,0.0
ENSG00000139318,0.0
ENSG00000112701,0.0
ENSG00000140939,0.0
ENSG00000090857,0.0
ENSG00000117448,0.0
ENSG00000164919,0.0
ENSG00000182175,0.0
ENSG00000078246,0.0
ENSG00000136699,0.0
ENSG00000121749,0.0
ENSG00000137955,0.0
ENSG00000129968,0.0
ENSG00000153066,0.0
ENSG00000105953,0.0
ENSG00000107404,0.0
ENSG00000126934,0.0
ENSG00000118855,0.0
ENSG00000197442,0.0
ENSG00000197226,0.0
ENSG00000106546,0.0
ENSG00000116001,0.0
ENSG00000282961,0.0
ENSG00000144320,0.0
ENSG00000127920,0.0
ENSG00000092531,0.0
ENSG00000129559,0.0
ENSG00000197530,0.0
ENSG00000164880,0.0
ENSG00000109458,0.0
ENSG00000105669,0.0
ENSG00000136819,0.0
ENSG00000275993,0.0
ENSG00000185236,0.0
ENSG00000133026,0.0
ENSG00000121769,0.0
ENSG00000214063,0.0
ENSG00000197982,0.0
ENSG00000108465,0.0
ENSG00000188483,0.0
ENSG00000091436,0.0
ENSG00000166997,0.0
ENSG00000167617,0.0
ENSG00000126756,0.0
ENSG00000197451,0.0
ENSG00000165527,0.0
ENSG00000143420,0.0
ENSG00000185950,0.0
ENSG00000223953,0.0
ENSG00000206190,0.0
ENSG00000166432,0.0
ENSG00000187323,0.0
ENSG00000205978,0.0
ENSG00000063245,0.0
ENSG00000186635,0.0
ENSG00000159692,0.0
ENSG00000124749,0.0
ENSG00000182473,0.0
ENSG00000173113,0.0
ENSG00000111276,0.0
ENSG00000120686,0.0
ENSG00000125629,0.0
ENSG00000198517,0.0
ENSG00000144043,0.0
ENSG00000136536,0.0
ENSG00000179262,0.0
ENSG00000170485,0.0
ENSG00000106609,0.0
ENSG00000117862,0.0
ENSG00000117859,0.0
ENSG00000198805,0.0
ENSG00000076554,0.0
ENSG00000138398,0.0
ENSG00000187837,0.0
ENSG00000112699,0.0
ENSG00000122420,0.0
ENSG00000141447,0.0
ENSG00000138185,0.0
ENSG00000111615,0.0
ENSG00000007168,0.0
ENSG00000174705,0.0
ENSG00000144331,0.0
ENSG00000126773,0.0
ENSG00000140497,0.0
ENSG00000136877,0.0
ENSG00000177426,0.0
ENSG00000038382,0.0
ENSG00000187678,0.0
ENSG00000105877,0.0
ENSG00000146007,0.0
ENSG00000054219,0.0
ENSG00000241973,0.0
ENSG00000180817,0.0
ENSG00000136603,0.0
ENSG00000120725,0.0
ENSG00000243927,0.0
ENSG00000164023,0.0
ENSG00000036257,0.0
ENSG00000111481,0.0
ENSG00000156639,0.0
ENSG00000182551,0.0
ENSG00000117691,0.0
ENSG00000108021,0.0
ENSG00000282508,0.0
ENSG00000054392,0.0
ENSG00000196535,0.0
ENSG00000163625,0.0
ENSG00000137776,0.0
ENSG00000119185,0.0
ENSG00000119900,0.0
ENSG00000075711,0.0
ENSG00000074755,0.0
ENSG00000146540,0.0
ENSG00000134287,0.0
ENSG00000177189,0.0
ENSG00000067113,0.0
ENSG00000116791,0.0
ENSG00000171634,0.0
ENSG00000166783,0.0
ENSG00000176720,0.0
ENSG00000123240,0.0
ENSG00000168268,0.0
ENSG00000113712,0.0
ENSG00000114779,0.0
ENSG00000188026,0.0
ENSG00000064989,0.0
ENSG00000175970,0.0
ENSG00000116171,0.0
ENSG00000072135,0.0
ENSG00000109158,0.0
ENSG00000204472,0.0
ENSG00000259494,0.0
ENSG00000198586,0.0
ENSG00000116871,0.0
ENSG00000189241,0.0
ENSG00000122068,0.0
ENSG00000116962,0.0
ENSG00000197969,0.0
ENSG00000196141,0.0
ENSG00000158042,0.0
ENSG00000104613,0.0
ENSG00000197912,0.0
ENSG00000142166,0.0
ENSG00000104960,0.0
ENSG00000253738,0.0
ENSG00000102978,0.0
ENSG00000239672,0.0
ENSG00000135541,0.0
ENSG00000241553,0.0
ENSG00000101558,0.0
ENSG00000088256,0.0
ENSG00000178567,0.0
ENSG00000186566,0.0
ENSG00000100280,0.0
ENSG00000138107,0.0
ENSG00000172115,0.0
ENSG00000166130,0.0
ENSG00000163637,0.0
ENSG00000182022,0.0
ENSG00000107854,0.0
ENSG00000061936,0.0
ENSG00000167740,0.0
ENSG00000162402,0.0
ENSG00000204642,0.0
ENSG00000115963,0.0
ENSG00000148700,0.0
ENSG00000069011,0.0
ENSG00000174886,0.0
ENSG00000023734,0.0
ENSG00000196372,0.0
ENSG00000186522,0.0
ENSG00000152270,0.0
ENSG00000181704,0.0
ENSG00000114127,0.0
ENSG00000125733,0.0
ENSG00000175455,0.0
ENSG00000189339,0.0
ENSG00000102931,0.0
ENSG00000175147,0.0
ENSG00000145725,0.0
ENSG00000145833,0.0
ENSG00000147862,0.0
ENSG00000164548,0.0
ENSG00000185359,0.0
ENSG00000134817,0.0
ENSG00000184990,0.0
ENSG00000187079,0.0
ENSG00000167703,0.0
ENSG00000148154,0.0
ENSG00000185924,0.0
ENSG00000134899,0.0
ENSG00000157483,0.0
ENSG00000198648,0.0
ENSG00000144218,0.0
ENSG00000166123,0.0
ENSG00000146701,0.0
ENSG00000149136,0.0
ENSG00000243279,0.0
ENSG00000176435,0.0
ENSG00000136888,0.0
ENSG00000100599,0.0
ENSG00000213676,0.0
ENSG00000158863,0.0
ENSG00000142949,0.0
ENSG00000131408,0.0
ENSG00000087191,0.0
ENSG00000126456,0.0
ENSG00000269713,0.0
ENSG00000165916,0.0
ENSG00000204054,0.0
ENSG00000147548,0.0
ENSG00000055813,0.0
ENSG00000273018,0.0
ENSG00000104231,0.0
ENSG00000133835,0.0
ENSG00000128050,0.0
ENSG00000100227,0.0
ENSG00000172458,0.0
ENSG00000143416,0.0
ENSG00000094975,0.0
ENSG00000106636,0.0
ENSG00000197858,0.0
ENSG00000123146,0.0
ENSG00000163913,0.0
ENSG00000166068,0.0
ENSG00000153989,0.0
ENSG00000147872,0.0
ENSG00000079482,0.0
ENSG00000167522,0.0
ENSG00000119801,0.0
ENSG00000149577,0.0
ENSG00000077235,0.0
ENSG00000204356,0.0
ENSG00000163145,0.0
ENSG00000141027,0.0
ENSG00000079459,0.0
ENSG00000188641,0.0
ENSG00000283787,0.0
ENSG00000167461,0.0
ENSG00000100226,0.0
ENSG00000135446,0.0
ENSG00000177463,0.0
ENSG00000070214,0.0
ENSG00000122674,0.0
ENSG00000146223,0.0
ENSG00000135837,0.0
ENSG00000153214,0.0
ENSG00000140948,0.0
ENSG00000111639,0.0
ENSG00000168807,0.0
ENSG00000196569,0.0
ENSG00000119318,0.0
ENSG00000105402,0.0
ENSG00000111962,0.0
ENSG00000188895,0.0
ENSG00000198793,0.0
ENSG00000167766,0.0
ENSG00000171824,0.0
ENSG00000272636,0.0
ENSG00000083642,0.0
ENSG00000179632,0.0
ENSG00000148908,0.0
ENSG00000187134,0.0
ENSG00000126883,0.0
ENSG00000085265,0.0
ENSG00000072422,0.0
ENSG00000156860,0.0
ENSG00000085449,0.0
ENSG00000011405,0.0
ENSG00000172053,0.0
ENSG00000168172,0.0
ENSG00000241839,0.0
ENSG00000069974,0.0
ENSG00000170606,0.0
ENSG00000118564,0.0
ENSG00000109390,0.0
ENSG00000187735,0.0
ENSG00000009413,0.0
ENSG00000118579,0.0
ENSG00000164609,0.0
ENSG00000159461,0.0
ENSG00000241468,0.0
ENSG00000116514,0.0
ENSG00000149573,0.0
ENSG00000232653,0.0
ENSG00000129988,0.0
ENSG00000101236,0.0
ENSG00000198677,0.0
ENSG00000214078,0.0
ENSG00000091831,0.0
ENSG00000112972,0.0
ENSG00000196639,0.0
ENSG00000196693,0.0
ENSG00000056558,0.0
ENSG00000102225,0.0
ENSG00000005022,0.0
ENSG00000185129,0.0
ENSG00000138722,0.0
ENSG00000187555,0.0
ENSG00000120675,0.0
ENSG00000165006,0.0
ENSG00000239839,0.0
ENSG00000109906,0.0
ENSG00000181904,0.0
ENSG00000170540,0.0
ENSG00000104047,0.0
ENSG00000113971,0.0
ENSG00000171604,0.0
ENSG00000272668,0.0
ENSG00000101596,0.0
ENSG00000180730,0.0
ENSG00000111142,0.0
ENSG00000163807,0.0
ENSG00000100258,0.0
ENSG00000169733,0.0
ENSG00000114166,0.0
ENSG00000165238,0.0
ENSG00000008282,0.0
ENSG00000162729,0.0
ENSG00000119820,0.0
ENSG00000101752,0.0
ENSG00000184384,0.0
ENSG00000188313,0.0
ENSG00000080603,0.0
ENSG00000126603,0.0
ENSG00000100364,0.0
ENSG00000166086,0.0
ENSG00000133318,0.0
ENSG00000196642,0.0
ENSG00000113648,0.0
ENSG00000108091,0.0
ENSG00000117228,0.0
ENSG00000169902,0.0
ENSG00000050426,0.0
ENSG00000123143,0.0
ENSG00000075568,0.0
ENSG00000169071,0.0
ENSG00000140105,0.0
ENSG00000123342,0.0
ENSG00000006327,0.0
ENSG00000136928,0.0
ENSG00000197872,0.0
ENSG00000165457,0.0
ENSG00000145817,0.0
ENSG00000100441,0.0
ENSG00000108691,0.0
ENSG00000263244,0.0
ENSG00000263465,0.0
ENSG00000183726,0.0
ENSG00000185122,0.0
ENSG00000270580,0.0
ENSG00000141646,0.0
ENSG00000116786,0.0
ENSG00000163597,0.0
ENSG00000164647,0.0
ENSG00000023516,0.0
ENSG00000048707,0.0
ENSG00000123091,0.0
ENSG00000115486,0.0
ENSG00000182957,0.0
ENSG00000145431,0.0
ENSG00000112893,0.0
ENSG00000093167,0.0
ENSG00000092201,0.0
ENSG00000099998,0.0
ENSG00000064115,0.0
ENSG00000233251,0.0
ENSG00000243147,0.0
ENSG00000092969,0.0
ENSG00000219481,0.0
ENSG00000100138,0.0
ENSG00000166986,0.0
ENSG00000157045,0.0
ENSG00000058272,0.0
ENSG00000069399,0.0
ENSG00000164830,0.0
ENSG00000055211,0.0
ENSG00000116473,0.0
ENSG00000121281,0.0
ENSG00000101856,0.0
ENSG00000130024,0.0
ENSG00000123200,0.0
ENSG00000168488,0.0
ENSG00000095321,0.0
ENSG00000254692,0.0
ENSG00000079805,0.0
ENSG00000047932,0.0
ENSG00000277203,0.0
ENSG00000148346,0.0
ENSG00000145740,0.0
ENSG00000112514,0.0
ENSG00000163463,0.0
ENSG00000172602,0.0
ENSG00000179104,0.0
ENSG00000103769,0.0
ENSG00000177045,0.0
ENSG00000163872,0.0
ENSG00000126461,0.0
ENSG00000126001,0.0
ENSG00000131480,0.0
ENSG00000105355,0.0
ENSG00000015676,0.0
ENSG00000101444,0.0
ENSG00000102241,0.0
ENSG00000134762,0.0
ENSG00000068323,0.0
ENSG00000124570,0.0
ENSG00000168522,0.0
ENSG00000109062,0.0
ENSG00000198146,0.0
ENSG00000175216,0.0
ENSG00000149532,0.0
ENSG00000183955,0.0
ENSG00000175602,0.0
ENSG00000169756,0.0
ENSG00000127526,0.0
ENSG00000134324,0.0
ENSG00000104823,0.0
ENSG00000107099,0.0
ENSG00000186564,0.0
ENSG00000101940,0.0
ENSG00000143486,0.0
ENSG00000205937,0.0
ENSG00000167157,0.0
ENSG00000106541,0.0
ENSG00000141867,0.0
ENSG00000259605,0.0
ENSG00000132326,0.0
ENSG00000134759,0.0
ENSG00000121413,0.0
ENSG00000146648,0.0
ENSG00000162923,0.0
ENSG00000185634,0.0
ENSG00000185825,0.0
ENSG00000196371,0.0
ENSG00000198700,0.0
ENSG00000160633,0.0
ENSG00000126945,0.0
ENSG00000175166,0.0
ENSG00000198420,0.0
ENSG00000136279,0.0
ENSG00000132470,0.0
ENSG00000131979,0.0
ENSG00000138433,0.0
ENSG00000196196,0.0
ENSG00000141002,0.0
ENSG00000107829,0.0
ENSG00000001630,0.0
ENSG00000143226,0.0
ENSG00000147535,0.0
ENSG00000100503,0.0
ENSG00000072201,0.0
ENSG00000136051,0.0
ENSG00000100804,0.0
ENSG00000121486,0.0
ENSG00000149792,0.0
ENSG00000149485,0.0
ENSG00000114450,0.0
ENSG00000108840,0.0
ENSG00000253719,0.0
ENSG00000151414,0.0
ENSG00000005381,0.0
ENSG00000240303,0.0
ENSG00000070087,0.0
ENSG00000169871,0.0
ENSG00000276409,0.0
ENSG00000002822,0.0
ENSG00000048828,0.0
ENSG00000171148,0.0
ENSG00000160285,0.0
ENSG00000114902,0.0
ENSG00000100462,0.0
ENSG00000104412,0.0
ENSG00000281344,0.0
ENSG00000179833,0.0
ENSG00000090861,0.0
ENSG00000185112,0.0
ENSG00000186111,0.0
ENSG00000169020,0.0
ENSG00000143614,0.0
ENSG00000168439,0.0
ENSG00000151327,0.0
ENSG00000169992,0.0
ENSG00000124702,0.0
ENSG00000066455,0.0
ENSG00000134697,0.0
ENSG00000165671,0.0
ENSG00000047315,0.0
ENSG00000100034,0.0
ENSG00000166848,0.0
ENSG00000130821,0.0
ENSG00000160201,0.0
ENSG00000154518,0.0
ENSG00000157500,0.0
ENSG00000189266,0.0
ENSG00000107984,0.0
ENSG00000105583,0.0
ENSG00000125835,0.0
ENSG00000092621,0.0
ENSG00000099795,0.0
ENSG00000125354,0.0
ENSG00000162944,0.0
ENSG00000062716,0.0
ENSG00000186432,0.0
ENSG00000128585,0.0
ENSG00000266472,0.0
ENSG00000122203,0.0
ENSG00000198833,0.0
ENSG00000198954,0.0
ENSG00000174807,0.0
ENSG00000110719,0.0
ENSG00000170142,0.0
ENSG00000162623,0.0
ENSG00000174099,0.0
ENSG00000137710,0.0
ENSG00000152700,0.0
ENSG00000272980,0.0
ENSG00000008256,0.0
ENSG00000129084,0.0
ENSG00000182050,0.0
ENSG00000182923,0.0
ENSG00000125347,0.0
ENSG00000169246,0.0
ENSG00000060339,0.0
ENSG00000100439,0.0
ENSG00000171951,0.0
ENSG00000152527,0.0
ENSG00000147853,0.0
ENSG00000189306,0.0
ENSG00000204673,0.0
ENSG00000157617,0.0
ENSG00000157985,0.0
ENSG00000185070,0.0
ENSG00000169826,0.0
ENSG00000230724,0.0
ENSG00000058063,0.0
ENSG00000184983,0.0
ENSG00000147251,0.0
ENSG00000137699,0.0
ENSG00000132842,0.0
ENSG00000106665,0.0
ENSG00000035928,0.0
ENSG00000165410,0.0
ENSG00000115128,0.0
ENSG00000213366,0.0
ENSG00000144445,0.0
ENSG00000175662,0.0
ENSG00000140299,0.0
ENSG00000155304,0.0
ENSG00000124813,0.0
ENSG00000101191,0.0
ENSG00000175826,0.0
ENSG00000172071,0.0
ENSG00000178904,0.0
ENSG00000143061,0.0
ENSG00000145687,0.0
ENSG00000112419,0.0
ENSG00000275052,0.0
ENSG00000198604,0.0
ENSG00000176340,0.0
ENSG00000183011,0.0
ENSG00000065135,0.0
ENSG00000103502,0.0
ENSG00000100815,0.0
ENSG00000113811,0.0
ENSG00000152953,0.0
ENSG00000012660,0.0
ENSG00000174021,0.0
ENSG00000140859,0.0
ENSG00000100823,0.0
ENSG00000165389,0.0
ENSG00000151366,0.0
ENSG00000205358,0.0
ENSG00000138031,0.0
ENSG00000136869,0.0
ENSG00000124588,0.0
ENSG00000242247,0.0
ENSG00000168758,0.0
ENSG00000214274,0.0
ENSG00000116711,0.0
ENSG00000103342,0.0
ENSG00000169252,0.0
ENSG00000117308,0.0
ENSG00000125124,0.0
ENSG00000164576,0.0
ENSG00000186318,0.0
ENSG00000163161,0.0
ENSG00000114978,0.0
ENSG00000078304,0.0
ENSG00000160310,0.0
ENSG00000124151,0.0
ENSG00000140807,0.0
ENSG00000178951,0.0
ENSG00000104979,0.0
ENSG00000177156,0.0
ENSG00000100811,0.0
ENSG00000136450,0.0
ENSG00000121310,0.0
ENSG00000127804,0.0
ENSG00000123505,0.0
ENSG00000182149,0.0
ENSG00000115365,0.0
ENSG00000147010,0.0
ENSG00000164022,0.0
ENSG00000182827,0.0
ENSG00000107736,0.0
ENSG00000137409,0.0
ENSG00000269821,0.0
ENSG00000158109,0.0
ENSG00000281649,0.0
ENSG00000087077,0.0
ENSG00000041357,0.0
ENSG00000072195,0.0
ENSG00000153291,0.0
ENSG00000140332,0.0
ENSG00000121892,0.0
ENSG00000180198,0.0
ENSG00000149218,0.0
ENSG00000160948,0.0
ENSG00000178952,0.0
ENSG00000134108,0.0
ENSG00000010017,0.0
ENSG00000175550,0.0
ENSG00000099940,0.0
ENSG00000275700,0.0
ENSG00000001036,0.0
ENSG00000126653,0.0
ENSG00000067704,0.0
ENSG00000100568,0.0
ENSG00000138430,0.0
ENSG00000035687,0.0
ENSG00000135090,0.0
ENSG00000152127,0.0
ENSG00000105700,0.0
ENSG00000165521,0.0
ENSG00000164713,0.0
ENSG00000115307,0.0
ENSG00000163435,0.0
ENSG00000070413,0.0
ENSG00000104164,0.0
ENSG00000122870,0.0
ENSG00000213246,0.0
ENSG00000141736,0.0
ENSG00000177628,0.0
ENSG00000255112,0.0
ENSG00000185215,0.0
ENSG00000163728,0.0
ENSG00000128524,0.0
ENSG00000103197,0.0
ENSG00000100241,0.0
ENSG00000169515,0.0
ENSG00000104695,0.0
ENSG00000136986,0.0
ENSG00000074590,0.0
ENSG00000120438,0.0
ENSG00000163320,0.0
ENSG00000159592,0.0
ENSG00000108510,0.0
ENSG00000264364,0.0
ENSG00000147400,0.0
ENSG00000184304,0.0
ENSG00000166946,0.0
ENSG00000121904,0.0
ENSG00000140521,0.0
ENSG00000164825,0.0
ENSG00000214046,0.0
ENSG00000161202,0.0
ENSG00000152332,0.0
ENSG00000116977,0.0
ENSG00000256500,0.0
ENSG00000103811,0.0
ENSG00000144566,0.0
ENSG00000080845,0.0
ENSG00000119632,0.0
ENSG00000127616,0.0
ENSG00000145337,0.0
ENSG00000164091,0.0
ENSG00000157224,0.0
ENSG00000133706,0.0
ENSG00000170604,0.0
ENSG00000159674,0.0
ENSG00000161057,0.0
ENSG00000120705,0.0
ENSG00000128283,0.0
ENSG00000162591,0.0
ENSG00000023228,0.0
ENSG00000187091,0.0
ENSG00000166136,0.0
ENSG00000099797,0.0
ENSG00000277258,0.0
ENSG00000101367,0.0
ENSG00000106244,0.0
ENSG00000137337,0.0
ENSG00000004660,0.0
ENSG00000100697,0.0
ENSG00000115904,0.0
ENSG00000070770,0.0
ENSG00000159348,0.0
ENSG00000103275,0.0
ENSG00000115548,0.0
ENSG00000120158,0.0
ENSG00000172331,0.0
ENSG00000078804,0.0
ENSG00000137500,0.0
ENSG00000269955,0.0
ENSG00000110075,0.0
ENSG00000102181,0.0
ENSG00000087502,0.0
ENSG00000113448,0.0
ENSG00000173744,0.0
ENSG00000093010,0.0
ENSG00000198642,0.0
ENSG00000152492,0.0
ENSG00000169385,0.0
ENSG00000168386,0.0
ENSG00000249751,0.0
ENSG00000102401,0.0
ENSG00000133131,0.0
ENSG00000103978,0.0
ENSG00000180801,0.0
ENSG00000105643,0.0
ENSG00000105429,0.0
ENSG00000136930,0.0
ENSG00000115694,0.0
ENSG00000115816,0.0
ENSG00000117616,0.0
ENSG00000151835,0.0
ENSG00000038219,0.0
ENSG00000157796,0.0
ENSG00000124067,0.0
ENSG00000122707,0.0
ENSG00000163512,0.0
ENSG00000020181,0.0
ENSG00000241685,0.0
ENSG00000128849,0.0
ENSG00000005379,0.0
ENSG00000137871,0.0
ENSG00000100603,0.0
ENSG00000143322,0.0
ENSG00000080345,0.0
ENSG00000010803,0.0
ENSG00000128274,0.0
ENSG00000145794,0.0
ENSG00000124733,0.0
ENSG00000067646,0.0
ENSG00000101782,0.0
ENSG00000167107,0.0
ENSG00000284874,0.0
ENSG00000114378,0.0
ENSG00000004897,0.0
ENSG00000132522,0.0
ENSG00000198792,0.0
ENSG00000124222,0.0
ENSG00000071282,0.0
ENSG00000175203,0.0
ENSG00000166226,0.0
ENSG00000184216,0.0
ENSG00000128908,0.0
ENSG00000104946,0.0
ENSG00000113615,0.0
ENSG00000067064,0.0
ENSG00000049656,0.0
ENSG00000166833,0.0
ENSG00000088387,0.0
ENSG00000112983,0.0
ENSG00000166747,0.0
ENSG00000197496,0.0
ENSG00000111667,0.0
ENSG00000146242,0.0
ENSG00000145423,0.0
ENSG00000105254,0.0
ENSG00000139343,0.0
ENSG00000138386,0.0
ENSG00000120616,0.0
ENSG00000285437,0.0
ENSG00000158669,0.0
ENSG00000107438,0.0
ENSG00000150540,0.0
ENSG00000131966,0.0
ENSG00000255823,0.0
ENSG00000134318,0.0
ENSG00000130164,0.0
ENSG00000179119,0.0
ENSG00000157625,0.0
ENSG00000267272,0.0
ENSG00000072042,0.0
ENSG00000151779,0.0
ENSG00000169976,0.0
ENSG00000166135,0.0
ENSG00000126581,0.0
ENSG00000136802,0.0
ENSG00000102119,0.0
ENSG00000130558,0.0
ENSG00000114573,0.0
ENSG00000188186,0.0
ENSG00000109572,0.0
ENSG00000140694,0.0
ENSG00000163939,0.0
ENSG00000033122,0.0
ENSG00000213977,0.0
ENSG00000165813,0.0
ENSG00000114686,0.0
ENSG00000090376,0.0
ENSG00000087470,0.0
ENSG00000160991,0.0
ENSG00000211460,0.0
ENSG00000133858,0.0
ENSG00000137193,0.0
ENSG00000071859,0.0
ENSG00000101577,0.0
ENSG00000198108,0.0
ENSG00000122591,0.0
ENSG00000189184,0.0
ENSG00000085788,0.0
ENSG00000129933,0.0
ENSG00000136010,0.0
ENSG00000164066,0.0
ENSG00000100028,0.0
ENSG00000052802,0.0
ENSG00000105971,0.0
ENSG00000160209,0.0
ENSG00000204435,0.0
ENSG00000172785,0.0
ENSG00000063322,0.0
ENSG00000270106,0.0
ENSG00000138172,0.0
ENSG00000176973,0.0
ENSG00000130720,0.0
ENSG00000143149,0.0
ENSG00000116459,0.0
ENSG00000185585,0.0
ENSG00000014914,0.0
ENSG00000141580,0.0
ENSG00000104549,0.0
ENSG00000054148,0.0
ENSG00000084652,0.0
ENSG00000065518,0.0
ENSG00000014824,0.0
ENSG00000131508,0.0
ENSG00000151276,0.0
ENSG00000104133,0.0
ENSG00000059758,0.0
ENSG00000150760,0.0
ENSG00000107779,0.0
ENSG00000135929,0.0
ENSG00000127743,0.0
ENSG00000112655,0.0
ENSG00000130638,0.0
ENSG00000140367,0.0
ENSG00000165525,0.0
ENSG00000178761,0.0
ENSG00000237651,0.0
ENSG00000101347,0.0
ENSG00000090686,0.0
ENSG00000137145,0.0
ENSG00000072803,0.0
ENSG00000078142,0.0
ENSG00000103056,0.0
ENSG00000158301,0.0
ENSG00000173926,0.0
ENSG00000196313,0.0
ENSG00000121858,0.0
ENSG00000173457,0.0
ENSG00000242372,0.0
ENSG00000178764,0.0
ENSG00000010256,0.0
ENSG00000131374,0.0
ENSG00000173852,0.0
ENSG00000109787,0.0
ENSG00000128951,0.0
ENSG00000198892,0.0
ENSG00000017797,0.0
ENSG00000146416,0.0
ENSG00000140836,0.0
ENSG00000014123,0.0
ENSG00000145246,0.0
ENSG00000169813,0.0
ENSG00000138029,0.0
ENSG00000015171,0.0
ENSG00000089159,0.0
ENSG00000165338,0.0
ENSG00000160075,0.0
ENSG00000137817,0.0
ENSG00000044524,0.0
ENSG00000127329,0.0
ENSG00000107651,0.0
ENSG00000114030,0.0
ENSG00000144642,0.0
ENSG00000111786,0.0
ENSG00000162298,0.0
ENSG00000206538,0.0
ENSG00000011422,0.0
ENSG00000188529,0.0
ENSG00000032219,0.0
ENSG00000069248,0.0
ENSG00000123360,0.0
ENSG00000078747,0.0
ENSG00000103966,0.0
ENSG00000196549,0.0
ENSG00000100321,0.0
ENSG00000157259,0.0
ENSG00000275395,0.0
ENSG00000170242,0.0
ENSG00000133606,0.0
ENSG00000150867,0.0
ENSG00000169251,0.0
ENSG00000175482,0.0
ENSG00000285444,0.0
ENSG00000143819,0.0
ENSG00000106771,0.0
ENSG00000172845,0.0
ENSG00000124357,0.0
ENSG00000262526,0.0
ENSG00000125503,0.0
ENSG00000100926,0.0
ENSG00000180530,0.0
ENSG00000153029,0.0
ENSG00000148110,0.0
ENSG00000166889,0.0
ENSG00000164086,0.0
ENSG00000111269,0.0
ENSG00000065883,0.0
ENSG00000104067,0.0
ENSG00000088833,0.0
ENSG00000054793,0.0
ENSG00000181982,0.0
ENSG00000176986,0.0
ENSG00000266074,0.0
ENSG00000183354,0.0
ENSG00000112394,0.0
ENSG00000128708,0.0
ENSG00000116266,0.0
ENSG00000111596,0.0
ENSG00000111906,0.0
ENSG00000173207,0.0
ENSG00000168255,0.0
ENSG00000054965,0.0
ENSG00000144645,0.0
ENSG00000069956,0.0
ENSG00000149932,0.0
ENSG00000103365,0.0
ENSG00000067445,0.0
ENSG00000125652,0.0
ENSG00000132466,0.0
ENSG00000159128,0.0
ENSG00000133243,0.0
ENSG00000171456,0.0
ENSG00000129003,0.0
ENSG00000213463,0.0
ENSG00000258890,0.0
ENSG00000174720,0.0
ENSG00000109323,0.0
ENSG00000272674,0.0
ENSG00000177700,0.0
ENSG00000132688,0.0
ENSG00000108819,0.0
ENSG00000144118,0.0
ENSG00000182831,0.0
ENSG00000253797,0.0
ENSG00000165637,0.0
ENSG00000113068,0.0
ENSG00000006704,0.0
ENSG00000133561,0.0
ENSG00000213694,0.0
ENSG00000233087,0.0
ENSG00000171105,0.0
ENSG00000172922,0.0
ENSG00000156030,0.0
ENSG00000105698,0.0
ENSG00000277791,0.0
ENSG00000135148,0.0
ENSG00000139921,0.0
ENSG00000009954,0.0
ENSG00000185591,0.0
ENSG00000204120,0.0
ENSG00000185728,0.0
ENSG00000119977,0.0
ENSG00000279526,0.0
ENSG00000127837,0.0
ENSG00000198909,0.0
ENSG00000133961,0.0
ENSG00000107771,0.0
ENSG00000187051,0.0
ENSG00000118260,0.0
ENSG00000119917,0.0
ENSG00000196998,0.0
ENSG00000174851,0.0
ENSG00000139433,0.0
ENSG00000164896,0.0
ENSG00000160294,0.0
ENSG00000088280,0.0
ENSG00000029725,0.0
ENSG00000075391,0.0
ENSG00000124343,0.0
ENSG00000116729,0.0
ENSG00000164323,0.0
ENSG00000275895,0.0
ENSG00000062194,0.0
ENSG00000119403,0.0
ENSG00000172466,0.0
ENSG00000081237,0.0
ENSG00000099953,0.0
ENSG00000173064,0.0
ENSG00000119402,0.0
ENSG00000182195,0.0
ENSG00000101474,0.0
ENSG00000117360,0.0
ENSG00000171552,0.0
ENSG00000274944,0.0
ENSG00000189077,0.0
ENSG00000108604,0.0
ENSG00000166855,0.0
ENSG00000161791,0.0
ENSG00000170581,0.0
ENSG00000113282,0.0
ENSG00000079931,0.0
ENSG00000272391,0.0
ENSG00000119596,0.0
ENSG00000161249,0.0
ENSG00000272752,0.0
ENSG00000101966,0.0
ENSG00000136213,0.0
ENSG00000124788,0.0
ENSG00000140262,0.0
ENSG00000162604,0.0
ENSG00000050130,0.0
ENSG00000138594,0.0
ENSG00000165650,0.0
ENSG00000166548,0.0
ENSG00000126067,0.0
ENSG00000016864,0.0
ENSG00000174243,0.0
ENSG00000112936,0.0
ENSG00000174485,0.0
ENSG00000120690,0.0
ENSG00000101190,0.0
ENSG00000145349,0.0
ENSG00000154767,0.0
ENSG00000177225,0.0
ENSG00000151239,0.0
ENSG00000006652,0.0
ENSG00000133985,0.0
ENSG00000178234,0.0
ENSG00000183020,0.0
ENSG00000164402,0.0
ENSG00000107290,0.0
ENSG00000004059,0.0
ENSG00000103381,0.0
ENSG00000158615,0.0
ENSG00000135317,0.0
ENSG00000145476,0.0
ENSG00000015568,0.0
ENSG00000100722,0.0
ENSG00000100348,0.0
ENSG00000167543,0.0
ENSG00000121691,0.0
ENSG00000155849,0.0
ENSG00000186654,0.0
ENSG00000163428,0.0
ENSG00000117139,0.0
ENSG00000115239,0.0
ENSG00000055044,0.0
ENSG00000140848,0.0
ENSG00000182117,0.0
ENSG00000108256,0.0
ENSG00000149294,0.0
ENSG00000167635,0.0
ENSG00000168300,0.0
ENSG00000215717,0.0
ENSG00000169018,0.0
ENSG00000119844,0.0
ENSG00000158290,0.0
ENSG00000120913,0.0
ENSG00000009335,0.0
ENSG00000114698,0.0
ENSG00000163374,0.0
ENSG00000178343,0.0
ENSG00000164307,0.0
ENSG00000172260,0.0
ENSG00000137070,0.0
ENSG00000244405,0.0
ENSG00000184787,0.0
ENSG00000132356,0.0
ENSG00000185475,0.0
ENSG00000163412,0.0
ENSG00000160200,0.0
ENSG00000128829,0.0
ENSG00000090238,0.0
ENSG00000110318,0.0
ENSG00000110090,0.0
ENSG00000101361,0.0
ENSG00000260231,0.0
ENSG00000149090,0.0
ENSG00000276345,0.0
ENSG00000143799,0.0
ENSG00000146834,0.0
ENSG00000104756,0.0
ENSG00000165623,0.0
ENSG00000103035,0.0
ENSG00000168936,0.0
ENSG00000059122,0.0
ENSG00000016391,0.0
ENSG00000107185,0.0
ENSG00000196465,0.0
ENSG00000180304,0.0
ENSG00000110906,0.0
ENSG00000101337,0.0
ENSG00000106397,0.0
ENSG00000225470,0.0
ENSG00000182446,0.0
ENSG00000188643,0.0
ENSG00000127511,0.0
ENSG00000075239,0.0
ENSG00000039319,0.0
ENSG00000108799,0.0
ENSG00000006282,0.0
ENSG00000204569,0.0
ENSG00000135956,0.0
ENSG00000163634,0.0
ENSG00000090054,0.0
ENSG00000105185,0.0
ENSG00000066322,0.0
ENSG00000110079,0.0
ENSG00000162521,0.0
ENSG00000159199,0.0
ENSG00000164976,0.0
ENSG00000138246,0.0
ENSG00000175387,0.0
ENSG00000071189,0.0
ENSG00000123094,0.0
ENSG00000101654,0.0
ENSG00000023287,0.0
ENSG00000074201,0.0
ENSG00000139687,0.0
ENSG00000124228,0.0
ENSG00000164463,0.0
ENSG00000141504,0.0
ENSG00000140464,0.0
ENSG00000095752,0.0
ENSG00000140386,0.0
ENSG00000166411,0.0
ENSG00000112210,0.0
ENSG00000104897,0.0
ENSG00000152977,0.0
ENSG00000129675,0.0
ENSG00000196547,0.0
ENSG00000128881,0.0
ENSG00000164190,0.0
ENSG00000166887,0.0
ENSG00000102699,0.0
ENSG00000081087,0.0
ENSG00000100902,0.0
ENSG00000105993,0.0
ENSG00000117625,0.0
ENSG00000170653,0.0
ENSG00000112175,0.0
ENSG00000110711,0.0
ENSG00000114125,0.0
ENSG00000204231,0.0
ENSG00000119314,0.0
ENSG00000164035,0.0
ENSG00000187240,0.0
ENSG00000197006,0.0
ENSG00000135945,0.0
ENSG00000110693,0.0
ENSG00000077092,0.0
ENSG00000179388,0.0
ENSG00000060749,0.0
ENSG00000120533,0.0
ENSG00000182580,0.0
ENSG00000186594,0.0
ENSG00000099817,0.0
ENSG00000175274,0.0
ENSG00000113658,0.0
ENSG00000033627,0.0
ENSG00000166292,0.0
ENSG00000156599,0.0
ENSG00000183508,0.0
ENSG00000131711,0.0
ENSG00000173436,0.0
ENSG00000172086,0.0
ENSG00000143106,0.0
ENSG00000173198,0.0
ENSG00000179271,0.0
ENSG00000002549,0.0
ENSG00000174428,0.0
ENSG00000163125,0.0
ENSG00000141551,0.0
ENSG00000169217,0.0
ENSG00000164309,0.0
ENSG00000213088,0.0
ENSG00000272734,0.0
ENSG00000164904,0.0
ENSG00000100883,0.0
ENSG00000096401,0.0
ENSG00000131558,0.0
ENSG00000113649,0.0
ENSG00000134851,0.0
ENSG00000176731,0.0
ENSG00000082805,0.0
ENSG00000253293,0.0
ENSG00000125970,0.0
ENSG00000005889,0.0
ENSG00000134830,0.0
ENSG00000106392,0.0
ENSG00000145860,0.0
ENSG00000106028,0.0
ENSG00000100647,0.0
ENSG00000102054,0.0
ENSG00000153037,0.0
ENSG00000066777,0.0
ENSG00000137496,0.0
ENSG00000163349,0.0
ENSG00000181722,0.0
ENSG00000164591,0.0
ENSG00000111647,0.0
ENSG00000163946,0.0
ENSG00000116350,0.0
ENSG00000165934,0.0
ENSG00000080189,0.0
ENSG00000187068,0.0
ENSG00000138381,0.0
ENSG00000160216,0.0
ENSG00000276168,0.0
ENSG00000113360,0.0
ENSG00000198862,0.0
ENSG00000167613,0.0
ENSG00000160445,0.0
ENSG00000125378,0.0
ENSG00000172869,0.0
ENSG00000137504,0.0
ENSG00000022277,0.0
ENSG00000180488,0.0
ENSG00000104341,0.0
ENSG00000021776,0.0
ENSG00000130640,0.0
ENSG00000145050,0.0
ENSG00000149357,0.0
ENSG00000198315,0.0
ENSG00000162694,0.0
ENSG00000180182,0.0
ENSG00000197461,0.0
ENSG00000087494,0.0
ENSG00000136044,0.0
ENSG00000151461,0.0
ENSG00000179335,0.0
ENSG00000138175,0.0
ENSG00000068001,0.0
ENSG00000117748,0.0
ENSG00000077157,0.0
ENSG00000141380,0.0
ENSG00000112304,0.0
ENSG00000197448,0.0
ENSG00000185651,0.0
ENSG00000233024,0.0
ENSG00000085982,0.0
ENSG00000136636,0.0
ENSG00000164597,0.0
ENSG00000005075,0.0
ENSG00000072694,0.0
ENSG00000108406,0.0
ENSG00000141750,0.0
ENSG00000119711,0.0
ENSG00000182004,0.0
ENSG00000055332,0.0
ENSG00000175416,0.0
ENSG00000163644,0.0
ENSG00000172340,0.0
ENSG00000169398,0.0
ENSG00000039123,0.0
ENSG00000169062,0.0
ENSG00000136868,0.0
ENSG00000165733,0.0
ENSG00000109118,0.0
ENSG00000146463,0.0
ENSG00000204370,0.0
ENSG00000094963,0.0
ENSG00000140743,0.0
ENSG00000174953,0.0
ENSG00000085832,0.0
ENSG00000197386,0.0
ENSG00000243509,0.0
ENSG00000132849,0.0
ENSG00000115825,0.0
ENSG00000120256,0.0
ENSG00000186395,0.0
ENSG00000272021,0.0
ENSG00000132823,0.0
ENSG00000170035,0.0
ENSG00000198680,0.0
ENSG00000011243,0.0
ENSG00000153395,0.0
ENSG00000122515,0.0
ENSG00000103549,0.0
ENSG00000105357,0.0
ENSG00000189320,0.0
ENSG00000099904,0.0
ENSG00000134109,0.0
ENSG00000182013,0.0
ENSG00000102854,0.0
ENSG00000100413,0.0
ENSG00000211675,0.0
ENSG00000170017,0.0
ENSG00000102858,0.0
ENSG00000141458,0.0
ENSG00000138592,0.0
ENSG00000186815,0.0
ENSG00000116984,0.0
ENSG00000105819,0.0
ENSG00000178950,0.0
ENSG00000168090,0.0
ENSG00000132612,0.0
ENSG00000085998,0.0
ENSG00000123374,0.0
ENSG00000159212,0.0
ENSG00000257594,0.0
ENSG00000078140,0.0
ENSG00000028203,0.0
ENSG00000116478,0.0
ENSG00000170871,0.0
ENSG00000081760,0.0
ENSG00000140829,0.0
ENSG00000139746,0.0
ENSG00000147471,0.0
ENSG00000088930,0.0
ENSG00000173641,0.0
ENSG00000140443,0.0
ENSG00000115762,0.0
ENSG00000106070,0.0
ENSG00000184863,0.0
ENSG00000073060,0.0
ENSG00000058453,0.0
ENSG00000164258,0.0
ENSG00000105976,0.0
ENSG00000134030,0.0
ENSG00000114331,0.0
ENSG00000156427,0.0
ENSG00000126822,0.0
ENSG00000101310,0.0
ENSG00000204227,0.0
ENSG00000166479,0.0
ENSG00000276293,0.0
ENSG00000131844,0.0
ENSG00000131626,0.0
ENSG00000107968,0.0
ENSG00000242574,0.0
ENSG00000143164,0.0
ENSG00000123352,0.0
ENSG00000115540,0.0
ENSG00000196367,0.0
ENSG00000186660,0.0
ENSG00000150977,0.0
ENSG00000084676,0.0
ENSG00000283293,0.0
ENSG00000162601,0.0
ENSG00000147684,0.0
ENSG00000205133,0.0
ENSG00000251537,0.0
ENSG00000136381,0.0
ENSG00000103264,0.0
ENSG00000099901,0.0
ENSG00000100225,0.0
ENSG00000263155,0.0
ENSG00000267532,0.0
ENSG00000198198,0.0
ENSG00000142583,0.0
ENSG00000177409,0.0
ENSG00000237765,0.0
ENSG00000182197,0.0
ENSG00000154174,0.0
ENSG00000134717,0.0
ENSG00000113810,0.0
ENSG00000119326,0.0
ENSG00000073050,0.0
ENSG00000176783,0.0
ENSG00000075142,0.0
ENSG00000142910,0.0
ENSG00000134882,0.0
ENSG00000023608,0.0
ENSG00000124201,0.0
ENSG00000179304,0.0
ENSG00000109536,0.0
ENSG00000178996,0.0
ENSG00000134748,0.0
ENSG00000189091,0.0
ENSG00000177683,0.0
ENSG00000125520,0.0
ENSG00000073464,0.0
ENSG00000184076,0.0
ENSG00000163655,0.0
ENSG00000006712,0.0
ENSG00000111261,0.0
ENSG00000102189,0.0
ENSG00000147654,0.0
ENSG00000267645,0.0
ENSG00000092010,0.0
ENSG00000095066,0.0
ENSG00000181929,0.0
ENSG00000139722,0.0
ENSG00000117410,0.0
ENSG00000166912,0.0
ENSG00000166337,0.0
ENSG00000115084,0.0
ENSG00000178988,0.0
ENSG00000126457,0.0
ENSG00000105379,0.0
ENSG00000141338,0.0
ENSG00000183258,0.0
ENSG00000154237,0.0
ENSG00000089351,0.0
ENSG00000132879,0.0
ENSG00000115839,0.0
ENSG00000213563,0.0
ENSG00000138641,0.0
ENSG00000226950,0.0
ENSG00000108055,0.0
ENSG00000167797,0.0
ENSG00000165699,0.0
ENSG00000068885,0.0
ENSG00000134453,0.0
ENSG00000100154,0.0
ENSG00000008405,0.0
ENSG00000198176,0.0
ENSG00000140395,0.0
ENSG00000126947,0.0
ENSG00000058091,0.0
ENSG00000251022,0.0
ENSG00000213593,0.0
ENSG00000076201,0.0
ENSG00000119396,0.0
ENSG00000137507,0.0
ENSG00000164031,0.0
ENSG00000156232,0.0
ENSG00000131375,0.0
ENSG00000214357,0.0
ENSG00000184254,0.0
ENSG00000054523,0.0
ENSG00000124207,0.0
ENSG00000117899,0.0
ENSG00000186469,0.0
ENSG00000265263,0.0
ENSG00000136828,0.0
ENSG00000167792,0.0
ENSG00000160113,0.0
ENSG00000115919,0.0
ENSG00000147133,0.0
ENSG00000081853,0.0
ENSG00000087263,0.0
ENSG00000198815,0.0
ENSG00000139651,0.0
ENSG00000174197,0.0
ENSG00000136383,0.0
ENSG00000112200,0.0
ENSG00000183172,0.0
ENSG00000081791,0.0
ENSG00000085721,0.0
ENSG00000169375,0.0
ENSG00000109929,0.0
ENSG00000161847,0.0
ENSG00000203618,0.0
ENSG00000177889,0.0
ENSG00000258498,0.0
ENSG00000163874,0.0
ENSG00000163823,0.0
ENSG00000221823,0.0
ENSG00000204267,0.0
ENSG00000274333,0.0
ENSG00000279072,0.0
ENSG00000122877,0.0
ENSG00000107758,0.0
ENSG00000151498,0.0
ENSG00000172239,0.0
ENSG00000147669,0.0
ENSG00000108679,0.0
ENSG00000185627,0.0
ENSG00000164916,0.0
ENSG00000108861,0.0
ENSG00000196961,0.0
ENSG00000134452,0.0
ENSG00000140718,0.0
ENSG00000132300,0.0
ENSG00000148737,0.0
ENSG00000162585,0.0
ENSG00000104131,0.0
ENSG00000147996,0.0
ENSG00000166037,0.0
ENSG00000100897,0.0
ENSG00000260772,0.0
ENSG00000112146,0.0
ENSG00000100596,0.0
ENSG00000157110,0.0
ENSG00000143811,0.0
ENSG00000168259,0.0
ENSG00000197601,0.0
ENSG00000174348,0.0
ENSG00000163605,0.0
ENSG00000153814,0.0
ENSG00000082482,0.0
ENSG00000104267,0.0
ENSG00000167325,0.0
ENSG00000167193,0.0
ENSG00000143158,0.0
ENSG00000109654,0.0
ENSG00000154240,0.0
ENSG00000115947,0.0
ENSG00000152595,0.0
ENSG00000178498,0.0
ENSG00000197045,0.0
ENSG00000164163,0.0
ENSG00000129187,0.0
ENSG00000132676,0.0
ENSG00000198585,0.0
ENSG00000204257,0.0
ENSG00000152484,0.0
ENSG00000185745,0.0
ENSG00000278774,0.0
ENSG00000185658,0.0
ENSG00000125166,0.0
ENSG00000197561,0.0
ENSG00000050327,0.0
ENSG00000163602,0.0
ENSG00000123338,0.0
ENSG00000052850,0.0
ENSG00000204381,0.0
ENSG00000106400,0.0
ENSG00000172232,0.0
ENSG00000134186,0.0
ENSG00000168679,0.0
ENSG00000129244,0.0
ENSG00000115361,0.0
ENSG00000167881,0.0
ENSG00000108061,0.0
ENSG00000120063,0.0
ENSG00000138138,0.0
ENSG00000213015,0.0
ENSG00000184436,0.0
ENSG00000124383,0.0
ENSG00000083168,0.0
ENSG00000099917,0.0
ENSG00000178127,0.0
ENSG00000001629,0.0
ENSG00000123908,0.0
ENSG00000136193,0.0
ENSG00000157423,0.0
ENSG00000165912,0.0
ENSG00000160584,0.0
ENSG00000153922,0.0
ENSG00000100968,0.0
ENSG00000132912,0.0
ENSG00000105612,0.0
ENSG00000184277,0.0
ENSG00000133055,0.0
ENSG00000186687,0.0
ENSG00000167941,0.0
ENSG00000064961,0.0
ENSG00000137802,0.0
ENSG00000272333,0.0
ENSG00000115504,0.0
ENSG00000104219,0.0
ENSG00000223501,0.0
ENSG00000204308,0.0
ENSG00000110107,0.0
ENSG00000215386,0.0
ENSG00000179933,0.0
ENSG00000164366,0.0
ENSG00000076924,0.0
ENSG00000135838,0.0
ENSG00000135932,0.0
ENSG00000181396,0.0
ENSG00000090372,0.0
ENSG00000054267,0.0
ENSG00000082074,0.0
ENSG00000177674,0.0
ENSG00000166197,0.0
ENSG00000161956,0.0
ENSG00000160007,0.0
ENSG00000171617,0.0
ENSG00000038002,0.0
ENSG00000151692,0.0
ENSG00000198730,0.0
ENSG00000152409,0.0
ENSG00000123684,0.0
ENSG00000180543,0.0
ENSG00000168453,0.0
ENSG00000076351,0.0
ENSG00000236287,0.0
ENSG00000133466,0.0
ENSG00000099385,0.0
ENSG00000110048,0.0
ENSG00000133983,0.0
ENSG00000149564,0.0
ENSG00000255529,0.0
ENSG00000179163,0.0
ENSG00000205084,0.0
ENSG00000204619,0.0
ENSG00000160058,0.0
ENSG00000273259,0.0
ENSG00000136754,0.0
ENSG00000167085,0.0
ENSG00000157601,0.0
ENSG00000104812,0.0
ENSG00000184203,0.0
ENSG00000114956,0.0
ENSG00000273709,0.0
ENSG00000121644,0.0
ENSG00000157827,0.0
ENSG00000213281,0.0
ENSG00000115159,0.0
ENSG00000145216,0.0
ENSG00000197077,0.0
ENSG00000244879,0.0
ENSG00000076053,0.0
ENSG00000150776,0.0
ENSG00000147044,0.0
ENSG00000163848,0.0
ENSG00000172977,0.0
ENSG00000105609,0.0
ENSG00000113845,0.0
ENSG00000244687,0.0
ENSG00000203812,0.0
ENSG00000152592,0.0
ENSG00000099624,0.0
ENSG00000172716,0.0
ENSG00000135931,0.0
ENSG00000254122,0.0
ENSG00000101290,0.0
ENSG00000170906,0.0
ENSG00000104320,0.0
ENSG00000165416,0.0
ENSG00000129518,0.0
ENSG00000160145,0.0
ENSG00000170571,0.0
ENSG00000204681,0.0
ENSG00000159069,0.0
ENSG00000136521,0.0
ENSG00000166164,0.0
ENSG00000107077,0.0
ENSG00000152061,0.0
ENSG00000162687,0.0
ENSG00000172534,0.0
ENSG00000156256,0.0
ENSG00000086065,0.0
ENSG00000101350,0.0
ENSG00000125864,0.0
ENSG00000136280,0.0
ENSG00000181555,0.0
ENSG00000197976,0.0
ENSG00000176407,0.0
ENSG00000081307,0.0
ENSG00000138363,0.0
ENSG00000225663,0.0
ENSG00000122512,0.0
ENSG00000133121,0.0
ENSG00000166402,0.0
ENSG00000137492,0.0
ENSG00000182979,0.0
ENSG00000168710,0.0
ENSG00000169105,0.0
ENSG00000143398,0.0
ENSG00000183495,0.0
ENSG00000099204,0.0
ENSG00000101193,0.0
ENSG00000179912,0.0
ENSG00000177971,0.0
ENSG00000107262,0.0
ENSG00000166233,0.0
ENSG00000139192,0.0
ENSG00000147123,0.0
ENSG00000205531,0.0
ENSG00000013573,0.0
ENSG00000105808,0.0
ENSG00000118007,0.0
ENSG00000068024,0.0
ENSG00000151240,0.0
ENSG00000113742,0.0
ENSG00000166562,0.0
ENSG00000112249,0.0
ENSG00000143727,0.0
ENSG00000117114,0.0
ENSG00000127125,0.0
ENSG00000166016,0.0
ENSG00000164902,0.0
ENSG00000047644,0.0
ENSG00000028137,0.0
ENSG00000111670,0.0
ENSG00000141349,0.0
ENSG00000164188,0.0
ENSG00000273554,0.0
ENSG00000007171,0.0
ENSG00000120733,0.0
ENSG00000135018,0.0
ENSG00000145241,0.0
ENSG00000214717,0.0
ENSG00000108671,0.0
ENSG00000143977,0.0
ENSG00000185608,0.0
ENSG00000139990,0.0
ENSG00000088827,0.0
ENSG00000204304,0.0
ENSG00000071626,0.0
ENSG00000152223,0.0
ENSG00000102710,0.0
ENSG00000211456,0.0
ENSG00000198707,0.0
ENSG00000090266,0.0
ENSG00000117533,0.0
ENSG00000118873,0.0
ENSG00000060491,0.0
ENSG00000169139,0.0
ENSG00000144366,0.0
ENSG00000174373,0.0
ENSG00000158711,0.0
ENSG00000158859,0.0
ENSG00000188647,0.0
ENSG00000157800,0.0
ENSG00000108509,0.0
ENSG00000167491,0.0
ENSG00000091317,0.0
ENSG00000205571,0.0
ENSG00000128185,0.0
ENSG00000196396,0.0
ENSG00000090013,0.0
ENSG00000079999,0.0
ENSG00000178927,0.0
ENSG00000157613,0.0
ENSG00000172775,0.0
ENSG00000189001,0.0
ENSG00000039523,0.0
ENSG00000232388,0.0
ENSG00000145715,0.0
ENSG00000144357,0.0
ENSG00000198736,0.0
ENSG00000162607,0.0
ENSG00000011275,0.0
ENSG00000125753,0.0
ENSG00000175567,0.0
ENSG00000151893,0.0
ENSG00000147050,0.0
ENSG00000177383,0.0
ENSG00000175115,0.0
ENSG00000146535,0.0
ENSG00000167775,0.0
ENSG00000166275,0.0
ENSG00000138663,0.0
ENSG00000115183,0.0
ENSG00000178188,0.0
ENSG00000154727,0.0
ENSG00000121053,0.0
ENSG00000116580,0.0
ENSG00000141404,0.0
ENSG00000138496,0.0
ENSG00000178607,0.0
ENSG00000071794,0.0
ENSG00000106245,0.0
ENSG00000196743,0.0
ENSG00000134644,0.0
ENSG00000084112,0.0
ENSG00000185989,0.0
ENSG00000129757,0.0
ENSG00000125633,0.0
ENSG00000169641,0.0
ENSG00000251493,0.0
ENSG00000178057,0.0
ENSG00000144848,0.0
ENSG00000102805,0.0
ENSG00000129657,0.0
ENSG00000159202,0.0
ENSG00000120137,0.0
ENSG00000106688,0.0
ENSG00000184887,0.0
ENSG00000281383,0.0
ENSG00000156650,0.0
ENSG00000115808,0.0
ENSG00000115956,0.0
ENSG00000170921,0.0
ENSG00000174804,0.0
ENSG00000176871,0.0
ENSG00000103429,0.0
ENSG00000146729,0.0
ENSG00000112378,0.0
ENSG00000241945,0.0
ENSG00000105939,0.0
ENSG00000258315,0.0
ENSG00000116095,0.0
ENSG00000164056,0.0
ENSG00000148341,0.0
ENSG00000185721,0.0
ENSG00000110911,0.0
ENSG00000073578,0.0
ENSG00000080815,0.0
ENSG00000040933,0.0
ENSG00000184226,0.0
ENSG00000125755,0.0
ENSG00000140632,0.0
ENSG00000055483,0.0
ENSG00000071564,0.0
ENSG00000184828,0.0
ENSG00000107263,0.0
ENSG00000242485,0.0
ENSG00000108179,0.0
ENSG00000147459,0.0
ENSG00000051596,0.0
ENSG00000066027,0.0
ENSG00000148296,0.0
ENSG00000120889,0.0
ENSG00000110274,0.0
ENSG00000107937,0.0
ENSG00000112144,0.0
ENSG00000249915,0.0
ENSG00000159459,0.0
ENSG00000083782,0.0
ENSG00000083123,0.0
ENSG00000106638,0.0
ENSG00000244255,0.0
ENSG00000001497,0.0
ENSG00000147650,0.0
ENSG00000144677,0.0
ENSG00000213465,0.0
ENSG00000104368,0.0
ENSG00000067066,0.0
ENSG00000132294,0.0
ENSG00000159228,0.0
ENSG00000111726,0.0
ENSG00000172661,0.0
ENSG00000103194,0.0
ENSG00000141258,0.0
ENSG00000113758,0.0
ENSG00000168961,0.0
ENSG00000139083,0.0
ENSG00000154262,0.0
ENSG00000155846,0.0
ENSG00000062485,0.0
ENSG00000274049,0.0
ENSG00000133742,0.0
ENSG00000115275,0.0
ENSG00000178425,0.0
ENSG00000171703,0.0
ENSG00000204713,0.0
ENSG00000130816,0.0
ENSG00000066056,0.0
ENSG00000103550,0.0
ENSG00000134874,0.0
ENSG00000175866,0.0
ENSG00000203950,0.0
ENSG00000157869,0.0
ENSG00000185009,0.0
ENSG00000004478,0.0
ENSG00000117505,0.0
ENSG00000147113,0.0
ENSG00000078902,0.0
ENSG00000162654,0.0
ENSG00000275385,0.0
ENSG00000198369,0.0
ENSG00000136717,0.0
ENSG00000132254,0.0
ENSG00000276256,0.0
ENSG00000131263,0.0
ENSG00000102898,0.0
ENSG00000100612,0.0
ENSG00000184349,0.0
ENSG00000107625,0.0
ENSG00000128606,0.0
ENSG00000138459,0.0
ENSG00000177096,0.0
ENSG00000166436,0.0
ENSG00000141503,0.0
ENSG00000125995,0.0
ENSG00000165219,0.0
ENSG00000088038,0.0
ENSG00000103353,0.0
ENSG00000013306,0.0
ENSG00000158292,0.0
ENSG00000176915,0.0
ENSG00000137815,0.0
ENSG00000169410,0.0
ENSG00000163762,0.0
ENSG00000149480,0.0
ENSG00000105875,0.0
ENSG00000078687,0.0
ENSG00000203804,0.0
ENSG00000106266,0.0
ENSG00000234754,0.0
ENSG00000146067,0.0
ENSG00000172236,0.0
ENSG00000116521,0.0
ENSG00000259024,0.0
ENSG00000119862,0.0
ENSG00000106066,0.0
ENSG00000161021,0.0
ENSG00000185561,0.0
ENSG00000005486,0.0
ENSG00000169896,0.0
ENSG00000165609,0.0
ENSG00000157764,0.0
ENSG00000105723,0.0
ENSG00000102878,0.0
ENSG00000138162,0.0
ENSG00000136682,0.0
ENSG00000163820,0.0
ENSG00000117000,0.0
ENSG00000108100,0.0
ENSG00000181191,0.0
ENSG00000141698,0.0
ENSG00000107902,0.0
ENSG00000124587,0.0
ENSG00000139197,0.0
ENSG00000018510,0.0
ENSG00000151502,0.0
ENSG00000141456,0.0
ENSG00000102921,0.0
ENSG00000165417,0.0
ENSG00000166265,0.0
ENSG00000104671,0.0
ENSG00000143845,0.0
ENSG00000164659,0.0
ENSG00000204406,0.0
ENSG00000136854,0.0
ENSG00000160752,0.0
ENSG00000089335,0.0
ENSG00000102103,0.0
ENSG00000139668,0.0
ENSG00000130939,0.0
ENSG00000166780,0.0
ENSG00000125037,0.0
ENSG00000164105,0.0
ENSG00000179144,0.0
ENSG00000123739,0.0
ENSG00000143891,0.0
ENSG00000179195,0.0
ENSG00000128607,0.0
ENSG00000156162,0.0
ENSG00000171155,0.0
ENSG00000126561,0.0
ENSG00000142230,0.0
ENSG00000166454,0.0
ENSG00000175029,0.0
ENSG00000198689,0.0
ENSG00000175354,0.0
ENSG00000127507,0.0
ENSG00000100029,0.0
ENSG00000188177,0.0
ENSG00000198171,0.0
ENSG00000138468,0.0
ENSG00000165475,0.0
ENSG00000178605,0.0
ENSG00000172893,0.0
ENSG00000014216,0.0
ENSG00000091164,0.0
ENSG00000065548,0.0
ENSG00000269720,0.0
ENSG00000100448,0.0
ENSG00000112339,0.0
ENSG00000231128,0.0
ENSG00000154582,0.0
ENSG00000090487,0.0
ENSG00000182307,0.0
ENSG00000185630,0.0
ENSG00000100991,0.0
ENSG00000006007,0.0
ENSG00000147419,0.0
ENSG00000182107,0.0
ENSG00000115226,0.0
ENSG00000167515,0.0
ENSG00000150527,0.0
ENSG00000133574,0.0
ENSG00000071889,0.0
ENSG00000171860,0.0
ENSG00000279725,0.0
ENSG00000138639,0.0
ENSG00000133392,0.0
ENSG00000141076,0.0
ENSG00000070814,0.0
ENSG00000188976,0.0
ENSG00000126107,0.0
ENSG00000266338,0.0
ENSG00000111752,0.0
ENSG00000105677,0.0
ENSG00000157335,0.0
ENSG00000164961,0.0
ENSG00000088205,0.0
ENSG00000152556,0.0
ENSG00000151923,0.0
ENSG00000120693,0.0
ENSG00000144741,0.0
ENSG00000119689,0.0
ENSG00000108344,0.0
ENSG00000198952,0.0
ENSG00000175221,0.0
ENSG00000074410,0.0
ENSG00000111912,0.0
ENSG00000134698,0.0
ENSG00000163516,0.0
ENSG00000125870,0.0
ENSG00000070367,0.0
ENSG00000167695,0.0
ENSG00000197329,0.0
ENSG00000100614,0.0
ENSG00000244187,0.0
ENSG00000180353,0.0
ENSG00000177885,0.0
ENSG00000204842,0.0
ENSG00000187742,0.0
ENSG00000117500,0.0
ENSG00000140511,0.0
ENSG00000170860,0.0
ENSG00000186001,0.0
ENSG00000139514,0.0
ENSG00000197724,0.0
ENSG00000229619,0.0
ENSG00000125676,0.0
ENSG00000111252,0.0
ENSG00000111711,0.0
ENSG00000094631,0.0
ENSG00000145734,0.0
ENSG00000196526,0.0
ENSG00000185808,0.0
ENSG00000165359,0.0
ENSG00000101040,0.0
ENSG00000143324,0.0
ENSG00000130312,0.0
ENSG00000237541,0.0
ENSG00000166716,0.0
ENSG00000174238,0.0
ENSG00000143771,0.0
ENSG00000164327,0.0
ENSG00000163584,0.0
ENSG00000161958,0.0
ENSG00000161542,0.0
ENSG00000165029,0.0
ENSG00000126804,0.0
ENSG00000176641,0.0
ENSG00000167925,0.0
ENSG00000167770,0.0
ENSG00000106605,0.0
ENSG00000156171,0.0
ENSG00000116127,0.0
ENSG00000018236,0.0
ENSG00000151247,0.0
ENSG00000169592,0.0
ENSG00000034677,0.0
ENSG00000177479,0.0
ENSG00000145388,0.0
ENSG00000170476,0.0
ENSG00000066117,0.0
ENSG00000169895,0.0
ENSG00000117632,0.0
ENSG00000259132,0.0
ENSG00000146425,0.0
ENSG00000215472,0.0
ENSG00000137713,0.0
ENSG00000162032,0.0
ENSG00000104728,0.0
ENSG00000073614,0.0
ENSG00000279579,0.0
ENSG00000139163,0.0
ENSG00000175445,0.0
ENSG00000214517,0.0
ENSG00000036054,0.0
ENSG00000172831,0.0
ENSG00000112787,0.0
ENSG00000165516,0.0
ENSG00000073536,0.0
ENSG00000160741,0.0
ENSG00000026297,0.0
ENSG00000046651,0.0
ENSG00000185619,0.0
ENSG00000131653,0.0
ENSG00000187838,0.0
ENSG00000277150,0.0
ENSG00000114650,0.0
ENSG00000054116,0.0
ENSG00000163328,0.0
ENSG00000135452,0.0
ENSG00000168778,0.0
ENSG00000188921,0.0
ENSG00000107175,0.0
ENSG00000186684,0.0
ENSG00000166181,0.0
ENSG00000006015,0.0
ENSG00000139624,0.0
ENSG00000137770,0.0
ENSG00000142634,0.0
ENSG00000168016,0.0
ENSG00000111237,0.0
ENSG00000140931,0.0
ENSG00000211890,0.0
ENSG00000236609,0.0
ENSG00000107140,0.0
ENSG00000103319,0.0
ENSG00000130511,0.0
ENSG00000148843,0.0
ENSG00000108587,0.0
ENSG00000227057,0.0
ENSG00000177150,0.0
ENSG00000136111,0.0
ENSG00000186501,0.0
ENSG00000204963,0.0
ENSG00000106591,0.0
ENSG00000205362,0.0
ENSG00000120915,0.0
ENSG00000206579,0.0
ENSG00000157551,0.0
ENSG00000126759,0.0
ENSG00000103152,0.0
ENSG00000133812,0.0
ENSG00000064726,0.0
ENSG00000110344,0.0
ENSG00000132128,0.0
ENSG00000196873,0.0
ENSG00000187954,0.0
ENSG00000144744,0.0
ENSG00000172183,0.0
ENSG00000240247,0.0
ENSG00000172780,0.0
ENSG00000162980,0.0
ENSG00000178802,0.0
ENSG00000133657,0.0
ENSG00000084710,0.0
ENSG00000147601,0.0
ENSG00000114784,0.0
ENSG00000168802,0.0
ENSG00000171681,0.0
ENSG00000171488,0.0
ENSG00000130414,0.0
ENSG00000188157,0.0
ENSG00000079691,0.0
ENSG00000164219,0.0
ENSG00000186310,0.0
ENSG00000117054,0.0
ENSG00000177363,0.0
ENSG00000112406,0.0
ENSG00000196455,0.0
ENSG00000138081,0.0
ENSG00000138356,0.0
ENSG00000173193,0.0
ENSG00000182154,0.0
ENSG00000278845,0.0
ENSG00000176293,0.0
ENSG00000172531,0.0
ENSG00000198771,0.0
ENSG00000105393,0.0
ENSG00000187189,0.0
ENSG00000083535,0.0
ENSG00000174483,0.0
ENSG00000137221,0.0
ENSG00000128591,0.0
ENSG00000159720,0.0
ENSG00000150457,0.0
ENSG00000143393,0.0
ENSG00000181523,0.0
ENSG00000184271,0.0
ENSG00000250056,0.0
ENSG00000119414,0.0
ENSG00000115446,0.0
ENSG00000070761,0.0
ENSG00000173068,0.0
ENSG00000083799,0.0
ENSG00000117713,0.0
ENSG00000170891,0.0
ENSG00000163960,0.0
ENSG00000177169,0.0
ENSG00000183337,0.0
ENSG00000198740,0.0
ENSG00000147955,0.0
ENSG00000101126,0.0
ENSG00000198431,0.0
ENSG00000164209,0.0
ENSG00000251322,0.0
ENSG00000147642,0.0
ENSG00000058729,0.0
ENSG00000157193,0.0
ENSG00000099977,0.0
ENSG00000161526,0.0
ENSG00000135655,0.0
ENSG00000278970,0.0
ENSG00000114742,0.0
ENSG00000197343,0.0
ENSG00000103351,0.0
ENSG00000083937,0.0
ENSG00000120306,0.0
ENSG00000213722,0.0
ENSG00000183576,0.0
ENSG00000100461,0.0
ENSG00000213983,0.0
ENSG00000175414,0.0
ENSG00000228223,0.0
ENSG00000146938,0.0
ENSG00000140538,0.0
ENSG00000085662,0.0
ENSG00000133704,0.0
ENSG00000131067,0.0
ENSG00000131899,0.0
ENSG00000198836,0.0
ENSG00000167258,0.0
ENSG00000031081,0.0
ENSG00000136104,0.0
ENSG00000146530,0.0
ENSG00000198858,0.0
ENSG00000158864,0.0
ENSG00000249437,0.0
ENSG00000270181,0.0
ENSG00000198189,0.0
ENSG00000215790,0.0
ENSG00000088766,0.0
ENSG00000111652,0.0
ENSG00000126778,0.0
ENSG00000100299,0.0
ENSG00000067596,0.0
ENSG00000215183,0.0
ENSG00000094914,0.0
ENSG00000143294,0.0
ENSG00000095380,0.0
ENSG00000153560,0.0
ENSG00000282304,0.0
ENSG00000070047,0.0
ENSG00000166847,0.0
ENSG00000139324,0.0
ENSG00000119616,0.0
ENSG00000065717,0.0
ENSG00000019995,0.0
ENSG00000100412,0.0
ENSG00000151500,0.0
ENSG00000133048,0.0
ENSG00000106355,0.0
ENSG00000100003,0.0
ENSG00000145191,0.0
ENSG00000115368,0.0
ENSG00000260708,0.0
ENSG00000109501,0.0
ENSG00000163235,0.0
ENSG00000171055,0.0
ENSG00000225921,0.0
ENSG00000005175,0.0
ENSG00000163629,0.0
ENSG00000268350,0.0
ENSG00000153561,0.0
ENSG00000267059,0.0
ENSG00000162735,0.0
ENSG00000269897,0.0
ENSG00000147533,0.0
ENSG00000141441,0.0
ENSG00000100220,0.0
ENSG00000072134,0.0
ENSG00000100075,0.0
ENSG00000183688,0.0
ENSG00000183580,0.0
ENSG00000106299,0.0
ENSG00000132680,0.0
ENSG00000131013,0.0
ENSG00000223609,0.0
ENSG00000152137,0.0
ENSG00000180370,0.0
ENSG00000135250,0.0
ENSG00000131467,0.0
ENSG00000071242,0.0
ENSG00000136247,0.0
ENSG00000137462,0.0
ENSG00000002330,0.0
ENSG00000124177,0.0
ENSG00000154845,0.0
ENSG00000136100,0.0
ENSG00000166033,0.0
ENSG00000008086,0.0
ENSG00000120549,0.0
ENSG00000147224,0.0
ENSG00000120279,0.0
ENSG00000162616,0.0
ENSG00000120738,0.0
ENSG00000138867,0.0
ENSG00000172175,0.0
ENSG00000135999,0.0
ENSG00000137210,0.0
ENSG00000092758,0.0
ENSG00000126391,0.0
ENSG00000109083,0.0
ENSG00000198000,0.0
ENSG00000154710,0.0
ENSG00000130881,0.0
ENSG00000130227,0.0
ENSG00000138443,0.0
ENSG00000169629,0.0
ENSG00000133773,0.0
ENSG00000163485,0.0
ENSG00000160161,0.0
ENSG00000175756,0.0
ENSG00000198718,0.0
ENSG00000131747,0.0
ENSG00000170881,0.0
ENSG00000095713,0.0
ENSG00000156471,0.0
ENSG00000118965,0.0
ENSG00000166387,0.0
ENSG00000130165,0.0
ENSG00000130826,0.0
ENSG00000163930,0.0
ENSG00000139182,0.0
ENSG00000170291,0.0
ENSG00000166398,0.0
ENSG00000105926,0.0
ENSG00000182752,0.0
ENSG00000149930,0.0
ENSG00000106348,0.0
ENSG00000196415,0.0
ENSG00000204568,0.0
ENSG00000105647,0.0
ENSG00000074603,0.0
ENSG00000136146,0.0
ENSG00000142494,0.0
ENSG00000057019,0.0
ENSG00000100714,0.0
ENSG00000272196,0.0
ENSG00000007908,0.0
ENSG00000070404,0.0
ENSG00000112739,0.0
ENSG00000182287,0.0
ENSG00000163811,0.0
ENSG00000073331,0.0
ENSG00000187147,0.0
ENSG00000133195,0.0
ENSG00000204084,0.0
ENSG00000119321,0.0
ENSG00000128463,0.0
ENSG00000272949,0.0
ENSG00000169727,0.0
ENSG00000183808,0.0
ENSG00000126091,0.0
ENSG00000123124,0.0
ENSG00000196275,0.0
ENSG00000100418,0.0
ENSG00000110697,0.0
ENSG00000168395,0.0
ENSG00000121940,0.0
ENSG00000175573,0.0
ENSG00000204272,0.0
ENSG00000111731,0.0
ENSG00000248672,0.0
ENSG00000167088,0.0
ENSG00000084090,0.0
ENSG00000143952,0.0
ENSG00000163702,0.0
ENSG00000148143,0.0
ENSG00000127838,0.0
ENSG00000119523,0.0
ENSG00000162627,0.0
ENSG00000140598,0.0
ENSG00000111215,0.0
ENSG00000182552,0.0
ENSG00000100347,0.0
ENSG00000010671,0.0
ENSG00000204138,0.0
ENSG00000153885,0.0
ENSG00000114268,0.0
ENSG00000168646,0.0
ENSG00000166170,0.0
ENSG00000198265,0.0
ENSG00000031003,0.0
ENSG00000104859,0.0
ENSG00000166347,0.0
ENSG00000132549,0.0
ENSG00000130764,0.0
ENSG00000128928,0.0
ENSG00000204792,0.0
ENSG00000182180,0.0
ENSG00000124333,0.0
ENSG00000117620,0.0
ENSG00000133138,0.0
ENSG00000198015,0.0
ENSG00000105339,0.0
ENSG00000225697,0.0
ENSG00000106635,0.0
ENSG00000254709,0.0
ENSG00000136021,0.0
ENSG00000109184,0.0
ENSG00000143119,0.0
ENSG00000069869,0.0
ENSG00000168291,0.0
ENSG00000168894,0.0
ENSG00000141543,0.0
ENSG00000155097,0.0
ENSG00000122783,0.0
ENSG00000114982,0.0
ENSG00000112096,0.0
ENSG00000007080,0.0
ENSG00000259956,0.0
ENSG00000100387,0.0
ENSG00000163751,0.0
ENSG00000224712,0.0
ENSG00000109586,0.0
ENSG00000062598,0.0
ENSG00000132463,0.0
ENSG00000100442,0.0
ENSG00000072071,0.0
ENSG00000152684,0.0
ENSG00000151702,0.0
ENSG00000134684,0.0
ENSG00000109775,0.0
ENSG00000118276,0.0
ENSG00000084774,0.0
ENSG00000160299,0.0
ENSG00000011451,0.0
ENSG00000273247,0.0
ENSG00000169249,0.0
ENSG00000167930,0.0
ENSG00000136045,0.0
ENSG00000196365,0.0
ENSG00000197217,0.0
ENSG00000182568,0.0
ENSG00000107821,0.0
ENSG00000153531,0.0
ENSG00000124104,0.0
ENSG00000174307,0.0
ENSG00000167291,0.0
ENSG00000085872,0.0
ENSG00000163932,0.0
ENSG00000114270,0.0
ENSG00000166923,0.0
ENSG00000124164,0.0
ENSG00000121005,0.0
ENSG00000134779,0.0
ENSG00000270800,0.0
ENSG00000121966,0.0
ENSG00000105397,0.0
ENSG00000149091,0.0
ENSG00000136451,0.0
ENSG00000100325,0.0
ENSG00000173281,0.0
ENSG00000121879,0.0
ENSG00000163359,0.0
ENSG00000176728,0.0
ENSG00000132274,0.0
ENSG00000211892,0.0
ENSG00000048392,0.0
ENSG00000164933,0.0
ENSG00000089916,0.0
ENSG00000185274,0.0
ENSG00000114062,0.0
ENSG00000114745,0.0
ENSG00000127884,0.0
ENSG00000213928,0.0
ENSG00000113522,0.0
ENSG00000229833,0.0
ENSG00000172725,0.0
ENSG00000183864,0.0
ENSG00000163681,0.0
ENSG00000160094,0.0
ENSG00000110002,0.0
ENSG00000109917,0.0
ENSG00000053770,0.0
ENSG00000214022,0.0
ENSG00000065802,0.0
ENSG00000175768,0.0
ENSG00000182108,0.0
ENSG00000136457,0.0
ENSG00000130635,0.0
ENSG00000149575,0.0
ENSG00000129493,0.0
ENSG00000050628,0.0
ENSG00000138796,0.0
ENSG00000139292,0.0
ENSG00000196591,0.0
ENSG00000078269,0.0
ENSG00000204822,0.0
ENSG00000128159,0.0
ENSG00000165092,0.0
ENSG00000101557,0.0
ENSG00000136718,0.0
ENSG00000108773,0.0
ENSG00000099814,0.0
ENSG00000105726,0.0
ENSG00000080822,0.0
ENSG00000121716,0.0
ENSG00000163873,0.0
ENSG00000169203,0.0
ENSG00000104093,0.0
ENSG00000113312,0.0
ENSG00000129055,0.0
ENSG00000064195,0.0
ENSG00000119487,0.0
ENSG00000218739,0.0
ENSG00000197136,0.0
ENSG00000183346,0.0
ENSG00000101425,0.0
ENSG00000118849,0.0
ENSG00000006468,0.0
ENSG00000105695,0.0
ENSG00000115966,0.0
ENSG00000198729,0.0
ENSG00000115204,0.0
ENSG00000166750,0.0
ENSG00000100519,0.0
ENSG00000273611,0.0
ENSG00000163563,0.0
ENSG00000176595,0.0
ENSG00000239697,0.0
ENSG00000136160,0.0
ENSG00000101493,0.0
ENSG00000158636,0.0
ENSG00000010219,0.0
ENSG00000133110,0.0
ENSG00000070061,0.0
ENSG00000160679,0.0
ENSG00000133612,0.0
ENSG00000173327,0.0
ENSG00000120708,0.0
ENSG00000170989,0.0
ENSG00000115073,0.0
ENSG00000259040,0.0
ENSG00000104205,0.0
ENSG00000171109,0.0
ENSG00000171115,0.0
ENSG00000105520,0.0
ENSG00000129473,0.0
ENSG00000204580,0.0
ENSG00000105270,0.0
ENSG00000062582,0.0
ENSG00000113643,0.0
ENSG00000198168,0.0
ENSG00000136237,0.0
ENSG00000189180,0.0
ENSG00000164182,0.0
ENSG00000101152,0.0
ENSG00000004142,0.0
ENSG00000177728,0.0
ENSG00000152219,0.0
ENSG00000142632,0.0
ENSG00000224470,0.0
ENSG00000112425,0.0
ENSG00000142687,0.0
ENSG00000122490,0.0
ENSG00000175048,0.0
ENSG00000196411,0.0
ENSG00000106733,0.0
ENSG00000072062,0.0
ENSG00000090263,0.0
ENSG00000082516,0.0
ENSG00000006715,0.0
ENSG00000168994,0.0
ENSG00000099968,0.0
ENSG00000139971,0.0
ENSG00000121440,0.0
ENSG00000007392,0.0
ENSG00000104660,0.0
ENSG00000128699,0.0
ENSG00000081818,0.0
ENSG00000164187,0.0
ENSG00000168394,0.0
ENSG00000173020,0.0
ENSG00000144283,0.0
ENSG00000133275,0.0
ENSG00000257225,0.0
ENSG00000132646,0.0
ENSG00000162517,0.0
ENSG00000145912,0.0
ENSG00000064607,0.0
ENSG00000124299,0.0
ENSG00000010810,0.0
ENSG00000106993,0.0
ENSG00000025293,0.0
ENSG00000225614,0.0
ENSG00000263753,0.0
ENSG00000172889,0.0
ENSG00000161010,0.0
ENSG00000133794,0.0
ENSG00000047346,0.0
ENSG00000141759,0.0
ENSG00000197603,0.0
ENSG00000122958,0.0
ENSG00000168827,0.0
ENSG00000214026,0.0
ENSG00000141644,0.0
ENSG00000143622,0.0
ENSG00000163875,0.0
ENSG00000187049,0.0
ENSG00000144659,0.0
ENSG00000272602,0.0
ENSG00000070366,0.0
ENSG00000112679,0.0
ENSG00000171631,0.0
ENSG00000049089,0.0
ENSG00000011105,0.0
ENSG00000125430,0.0
ENSG00000027847,0.0
ENSG00000134248,0.0
ENSG00000176907,0.0
ENSG00000169599,0.0
ENSG00000141556,0.0
ENSG00000159251,0.0
ENSG00000055950,0.0
ENSG00000131778,0.0
ENSG00000143314,0.0
ENSG00000145868,0.0
ENSG00000078668,0.0
ENSG00000170471,0.0
ENSG00000154188,0.0
ENSG00000237441,0.0
ENSG00000121068,0.0
ENSG00000109919,0.0
ENSG00000073008,0.0
ENSG00000123472,0.0
ENSG00000105810,0.0
ENSG00000170345,0.0
ENSG00000173786,0.0
ENSG00000128923,0.0
ENSG00000148840,0.0
ENSG00000119899,0.0
ENSG00000260563,0.0
ENSG00000175938,0.0
ENSG00000100221,0.0
ENSG00000167118,0.0
ENSG00000074054,0.0
ENSG00000148660,0.0
ENSG00000116688,0.0
ENSG00000155827,0.0
ENSG00000111790,0.0
ENSG00000189409,0.0
ENSG00000054938,0.0
ENSG00000164506,0.0
ENSG00000108639,0.0
ENSG00000108823,0.0
ENSG00000259207,0.0
ENSG00000132965,0.0
ENSG00000075856,0.0
ENSG00000116062,0.0
ENSG00000179941,0.0
ENSG00000134852,0.0
ENSG00000087152,0.0
ENSG00000155561,0.0
ENSG00000137801,0.0
ENSG00000181788,0.0
ENSG00000139567,0.0
ENSG00000175040,0.0
ENSG00000168118,0.0
ENSG00000130669,0.0
ENSG00000187325,0.0
ENSG00000006194,0.0
ENSG00000092330,0.0
ENSG00000149231,0.0
ENSG00000169715,0.0
ENSG00000283149,0.0
ENSG00000148218,0.0
ENSG00000175309,0.0
ENSG00000009844,0.0
ENSG00000148690,0.0
ENSG00000124789,0.0
ENSG00000154133,0.0
ENSG00000004779,0.0
ENSG00000235288,0.0
ENSG00000008869,0.0
ENSG00000187513,0.0
ENSG00000118046,0.0
ENSG00000160799,0.0
ENSG00000132694,0.0
ENSG00000095059,0.0
ENSG00000100523,0.0
ENSG00000164751,0.0
ENSG00000103018,0.0
ENSG00000150995,0.0
ENSG00000101336,0.0
ENSG00000130731,0.0
ENSG00000183648,0.0
ENSG00000196344,0.0
ENSG00000140563,0.0
ENSG00000158526,0.0
ENSG00000070540,0.0
ENSG00000185246,0.0
ENSG00000149639,0.0
ENSG00000279712,0.0
ENSG00000135441,0.0
ENSG00000214530,0.0
ENSG00000108219,0.0
ENSG00000100911,0.0
ENSG00000176946,0.0
ENSG00000181467,0.0
ENSG00000033178,0.0
ENSG00000117419,0.0
ENSG00000139505,0.0
ENSG00000173933,0.0
ENSG00000042753,0.0
ENSG00000100014,0.0
ENSG00000034152,0.0
ENSG00000143669,0.0
ENSG00000143437,0.0
ENSG00000099381,0.0
ENSG00000065989,0.0
ENSG00000110536,0.0
ENSG00000142784,0.0
ENSG00000167971,0.0
ENSG00000198715,0.0
ENSG00000109065,0.0
ENSG00000145022,0.0
ENSG00000079337,0.0
ENSG00000072958,0.0
ENSG00000175395,0.0
ENSG00000185862,0.0
ENSG00000186834,0.0
ENSG00000126746,0.0
ENSG00000171150,0.0
ENSG00000142102,0.0
ENSG00000147687,0.0
ENSG00000076984,0.0
ENSG00000133059,0.0
ENSG00000119013,0.0
ENSG00000164329,0.0
ENSG00000120008,0.0
ENSG00000144668,0.0
ENSG00000221963,0.0
ENSG00000105656,0.0
ENSG00000254673,0.0
ENSG00000083544,0.0
ENSG00000112343,0.0
ENSG00000179981,0.0
ENSG00000120899,0.0
ENSG00000115461,0.0
ENSG00000142657,0.0
ENSG00000258881,0.0
ENSG00000153317,0.0
ENSG00000173473,0.0
ENSG00000108561,0.0
ENSG00000161654,0.0
ENSG00000140839,0.0
ENSG00000259522,0.0
ENSG00000180957,0.0
ENSG00000173540,0.0
ENSG00000145681,0.0
ENSG00000103111,0.0
ENSG00000163531,0.0
ENSG00000091513,0.0
ENSG00000071462,0.0
ENSG00000160131,0.0
ENSG00000142733,0.0
ENSG00000116752,0.0
ENSG00000205981,0.0
ENSG00000115241,0.0
ENSG00000077254,0.0
ENSG00000131828,0.0
ENSG00000263934,0.0
ENSG00000265555,0.0
ENSG00000166266,0.0
ENSG00000203883,0.0
ENSG00000117280,0.0
ENSG00000135336,0.0
ENSG00000169436,0.0
ENSG00000113240,0.0
ENSG00000230630,0.0
ENSG00000164106,0.0
ENSG00000274211,0.0
ENSG00000126602,0.0
ENSG00000131386,0.0
ENSG00000166484,0.0
ENSG00000162998,0.0
ENSG00000211450,0.0
ENSG00000029153,0.0
ENSG00000118263,0.0
ENSG00000164116,0.0
ENSG00000011260,0.0
ENSG00000118785,0.0
ENSG00000100354,0.0
ENSG00000239951,0.0
ENSG00000106617,0.0
ENSG00000107164,0.0
ENSG00000087245,0.0
ENSG00000101843,0.0
ENSG00000100342,0.0
ENSG00000204851,0.0
ENSG00000182872,0.0
ENSG00000100216,0.0
ENSG00000102172,0.0
ENSG00000146733,0.0
ENSG00000138944,0.0
ENSG00000174574,0.0
ENSG00000154175,0.0
ENSG00000133134,0.0
ENSG00000197019,0.0
ENSG00000175899,0.0
ENSG00000159023,0.0
ENSG00000143862,0.0
ENSG00000231764,0.0
ENSG00000082269,0.0
ENSG00000198646,0.0
ENSG00000119147,0.0
ENSG00000143842,0.0
ENSG00000175054,0.0
ENSG00000072849,0.0
ENSG00000213889,0.0
ENSG00000075407,0.0
ENSG00000130813,0.0
ENSG00000247596,0.0
ENSG00000174652,0.0
ENSG00000048740,0.0
ENSG00000186818,0.0
ENSG00000104518,0.0
ENSG00000109133,0.0
ENSG00000011454,0.0
ENSG00000110514,0.0
ENSG00000037474,0.0
ENSG00000099290,0.0
ENSG00000285330,0.0
ENSG00000248871,0.0
ENSG00000163818,0.0
ENSG00000224363,0.0
ENSG00000088970,0.0
ENSG00000116157,0.0
ENSG00000134375,0.0
ENSG00000143740,0.0
ENSG00000179523,0.0
ENSG00000163879,0.0
ENSG00000267368,0.0
ENSG00000130037,0.0
ENSG00000175130,0.0
ENSG00000117174,0.0
ENSG00000108813,0.0
ENSG00000074071,0.0
ENSG00000109610,0.0
ENSG00000134285,0.0
ENSG00000281453,0.0
ENSG00000163945,0.0
ENSG00000121067,0.0
ENSG00000068308,0.0
ENSG00000169905,0.0
ENSG00000243156,0.0
ENSG00000205236,0.0
ENSG00000160953,0.0
ENSG00000134569,0.0
ENSG00000056586,0.0
ENSG00000004487,0.0
ENSG00000205323,0.0
ENSG00000152465,0.0
ENSG00000179456,0.0
ENSG00000274419,0.0
ENSG00000110876,0.0
ENSG00000167972,0.0
ENSG00000184708,0.0
ENSG00000143702,0.0
ENSG00000198844,0.0
ENSG00000163635,0.0
ENSG00000177853,0.0
ENSG00000248098,0.0
ENSG00000153786,0.0
ENSG00000173227,0.0
ENSG00000128340,0.0
ENSG00000091140,0.0
ENSG00000196586,0.0
ENSG00000198960,0.0
ENSG00000183718,0.0
ENSG00000125675,0.0
ENSG00000146676,0.0
ENSG00000232044,0.0
ENSG00000155229,0.0
ENSG00000165283,0.0
ENSG00000240344,0.0
ENSG00000143457,0.0
ENSG00000119865,0.0
ENSG00000223764,0.0
ENSG00000261796,0.0
ENSG00000177000,0.0
ENSG00000083097,0.0
ENSG00000133884,0.0
ENSG00000111859,0.0
ENSG00000174718,0.0
ENSG00000124208,0.0
ENSG00000154059,0.0
ENSG00000140259,0.0
ENSG00000088179,0.0
ENSG00000182179,0.0
ENSG00000077238,0.0
ENSG00000096070,0.0
ENSG00000157181,0.0
ENSG00000173638,0.0
ENSG00000176087,0.0
ENSG00000109270,0.0
ENSG00000105058,0.0
ENSG00000105176,0.0
ENSG00000118518,0.0
ENSG00000161533,0.0
ENSG00000115020,0.0
ENSG00000087253,0.0
ENSG00000188739,0.0
ENSG00000004939,0.0
ENSG00000159593,0.0
ENSG00000164543,0.0
ENSG00000138792,0.0
ENSG00000119231,0.0
ENSG00000124209,0.0
ENSG00000140307,0.0
ENSG00000168209,0.0
ENSG00000284057,0.0
ENSG00000243943,0.0
ENSG00000141337,0.0
ENSG00000070610,0.0
ENSG00000270757,0.0
ENSG00000283029,0.0
ENSG00000197249,0.0
ENSG00000146678,0.0
ENSG00000175879,0.0
ENSG00000255508,0.0
ENSG00000136709,0.0
ENSG00000164172,0.0
ENSG00000172992,0.0
ENSG00000169021,0.0
ENSG00000139291,0.0
ENSG00000113161,0.0
ENSG00000173269,0.0
ENSG00000159479,0.0
ENSG00000127415,0.0
ENSG00000172428,0.0
ENSG00000235162,0.0
ENSG00000106012,0.0
ENSG00000105063,0.0
ENSG00000266524,0.0
ENSG00000162384,0.0
ENSG00000146282,0.0
ENSG00000132640,0.0
ENSG00000007866,0.0
ENSG00000138036,0.0
ENSG00000111341,0.0
ENSG00000137767,0.0
ENSG00000108443,0.0
ENSG00000108883,0.0
ENSG00000108433,0.0
ENSG00000159322,0.0
ENSG00000198211,0.0
ENSG00000179091,0.0
ENSG00000211598,0.0
ENSG00000005206,0.0
ENSG00000108592,0.0
ENSG00000186766,0.0
ENSG00000178467,0.0
ENSG00000083290,0.0
ENSG00000092098,0.0
ENSG00000117226,0.0
ENSG00000090104,0.0
ENSG00000175348,0.0
ENSG00000165434,0.0
ENSG00000181104,0.0
ENSG00000112118,0.0
ENSG00000166938,0.0
ENSG00000119541,0.0
ENSG00000261221,0.0
ENSG00000168246,0.0
ENSG00000101445,0.0
ENSG00000129245,0.0
ENSG00000122176,0.0
ENSG00000101333,0.0
ENSG00000168785,0.0
ENSG00000001631,0.0
ENSG00000112640,0.0
ENSG00000135185,0.0
ENSG00000166225,0.0
ENSG00000062650,0.0
ENSG00000153956,0.0
ENSG00000013293,0.0
ENSG00000160226,0.0
ENSG00000176619,0.0
ENSG00000143155,0.0
ENSG00000170632,0.0
ENSG00000270882,0.0
ENSG00000179431,0.0
ENSG00000142173,0.0
ENSG00000141480,0.0
ENSG00000163257,0.0
ENSG00000188257,0.0
ENSG00000137441,0.0
ENSG00000107566,0.0
ENSG00000088808,0.0
ENSG00000198853,0.0
ENSG00000133313,0.0
ENSG00000114853,0.0
ENSG00000173875,0.0
ENSG00000162714,0.0
ENSG00000176209,0.0
ENSG00000019505,0.0
ENSG00000142156,0.0
ENSG00000185722,0.0
ENSG00000151353,0.0
ENSG00000137106,0.0
ENSG00000188811,0.0
ENSG00000165271,0.0
ENSG00000154222,0.0
ENSG00000183207,0.0
ENSG00000159086,0.0
ENSG00000080546,0.0
ENSG00000198695,0.0
ENSG00000157107,0.0
ENSG00000005882,0.0
ENSG00000085491,0.0
ENSG00000162819,0.0
ENSG00000124313,0.0
ENSG00000188938,0.0
ENSG00000172667,0.0
ENSG00000139842,0.0
ENSG00000155438,0.0
ENSG00000119408,0.0
ENSG00000111203,0.0
ENSG00000213619,0.0
ENSG00000008311,0.0
ENSG00000169180,0.0
ENSG00000129255,0.0
ENSG00000165406,0.0
ENSG00000112280,0.0
ENSG00000154473,0.0
ENSG00000175105,0.0
ENSG00000211679,0.0
ENSG00000103510,0.0
ENSG00000267047,0.0
ENSG00000129292,0.0
ENSG00000082458,0.0
ENSG00000139436,0.0
ENSG00000165156,0.0
ENSG00000211459,0.0
ENSG00000167323,0.0
ENSG00000158186,0.0
ENSG00000132321,0.0
ENSG00000124596,0.0
ENSG00000140650,0.0
ENSG00000173262,0.0
ENSG00000174808,0.0
ENSG00000078070,0.0
ENSG00000086666,0.0
ENSG00000086289,0.0
ENSG00000087448,0.0
ENSG00000175193,0.0
ENSG00000112062,0.0
ENSG00000176974,0.0
ENSG00000154478,0.0
ENSG00000284755,0.0
ENSG00000122694,0.0
ENSG00000261771,0.0
ENSG00000119906,0.0
ENSG00000166685,0.0
ENSG00000245532,0.0
ENSG00000004139,0.0
ENSG00000169957,0.0
ENSG00000118523,0.0
ENSG00000062725,0.0
ENSG00000088682,0.0
ENSG00000198900,0.0
ENSG00000126254,0.0
ENSG00000244115,0.0
ENSG00000134627,0.0
ENSG00000162300,0.0
ENSG00000131788,0.0
ENSG00000168477,0.0
ENSG00000198919,0.0
ENSG00000101194,0.0
ENSG00000067955,0.0
ENSG00000240583,0.0
ENSG00000140990,0.0
ENSG00000111331,0.0
ENSG00000105738,0.0
ENSG00000104435,0.0
ENSG00000101544,0.0
ENSG00000198483,0.0
ENSG00000139679,0.0
ENSG00000197380,0.0
ENSG00000205663,0.0
ENSG00000172795,0.0
ENSG00000107949,0.0
ENSG00000215808,0.0
ENSG00000165233,0.0
ENSG00000134215,0.0
ENSG00000180900,0.0
ENSG00000044446,0.0
ENSG00000160803,0.0
ENSG00000140199,0.0
ENSG00000135596,0.0
ENSG00000140043,0.0
ENSG00000166886,0.0
ENSG00000273294,0.0
ENSG00000101639,0.0
ENSG00000119986,0.0
ENSG00000138767,0.0
ENSG00000171159,0.0
ENSG00000151726,0.0
ENSG00000116747,0.0
ENSG00000135899,0.0
ENSG00000162104,0.0
ENSG00000248487,0.0
ENSG00000155324,0.0
ENSG00000143368,0.0
ENSG00000135678,0.0
ENSG00000239305,0.0
ENSG00000141295,0.0
ENSG00000108651,0.0
ENSG00000010319,0.0
ENSG00000103249,0.0
ENSG00000135821,0.0
ENSG00000130703,0.0
ENSG00000144591,0.0
ENSG00000133393,0.0
ENSG00000106479,0.0
ENSG00000172432,0.0
ENSG00000151388,0.0
ENSG00000099326,0.0
ENSG00000075275,0.0
ENSG00000136848,0.0
ENSG00000283088,0.0
ENSG00000102893,0.0
ENSG00000158092,0.0
ENSG00000172965,0.0
ENSG00000157654,0.0
ENSG00000136444,0.0
ENSG00000139631,0.0
ENSG00000164164,0.0
ENSG00000284337,0.0
ENSG00000277494,0.0
ENSG00000144161,0.0
ENSG00000088298,0.0
ENSG00000171223,0.0
ENSG00000279602,0.0
ENSG00000163444,0.0
ENSG00000151553,0.0
ENSG00000272921,0.0
ENSG00000096717,0.0
ENSG00000104635,0.0
ENSG00000160218,0.0
ENSG00000163322,0.0
ENSG00000105443,0.0
ENSG00000154620,0.0
ENSG00000273333,0.0
ENSG00000105866,0.0
ENSG00000116455,0.0
ENSG00000138073,0.0
ENSG00000073417,0.0
ENSG00000100234,0.0
ENSG00000186812,0.0
ENSG00000137168,0.0
ENSG00000198931,0.0
ENSG00000139329,0.0
ENSG00000256514,0.0
ENSG00000124535,0.0
ENSG00000141965,0.0
ENSG00000182093,0.0
ENSG00000254505,0.0
ENSG00000005108,0.0
ENSG00000101307,0.0
ENSG00000135363,0.0
ENSG00000048342,0.0
ENSG00000074356,0.0
ENSG00000165474,0.0
ENSG00000224660,0.0
ENSG00000163781,0.0
ENSG00000182952,0.0
ENSG00000283809,0.0
ENSG00000188343,0.0
ENSG00000111799,0.0
ENSG00000153936,0.0
ENSG00000128335,0.0
ENSG00000145354,0.0
ENSG00000184113,0.0
ENSG00000197771,0.0
ENSG00000165288,0.0
ENSG00000107249,0.0
ENSG00000196136,0.0
ENSG00000135108,0.0
ENSG00000165264,0.0
ENSG00000106624,0.0
ENSG00000173141,0.0
ENSG00000130313,0.0
ENSG00000133422,0.0
ENSG00000079134,0.0
ENSG00000127863,0.0
ENSG00000285238,0.0
ENSG00000116698,0.0
ENSG00000006451,0.0
ENSG00000066654,0.0
ENSG00000219626,0.0
ENSG00000143653,0.0
ENSG00000183617,0.0
ENSG00000154545,0.0
ENSG00000154781,0.0
ENSG00000092036,0.0
ENSG00000086102,0.0
ENSG00000128789,0.0
ENSG00000141510,0.0
ENSG00000153015,0.0
ENSG00000120802,0.0
ENSG00000183340,0.0
ENSG00000168282,0.0
ENSG00000122033,0.0
ENSG00000154832,0.0
ENSG00000198040,0.0
ENSG00000110888,0.0
ENSG00000156110,0.0
ENSG00000106078,0.0
ENSG00000169397,0.0
ENSG00000171659,0.0
ENSG00000070495,0.0
ENSG00000112902,0.0
ENSG00000205542,0.0
ENSG00000169894,0.0
ENSG00000196072,0.0
ENSG00000173597,0.0
ENSG00000172456,0.0
ENSG00000211897,0.0
ENSG00000128563,0.0
ENSG00000176542,0.0
ENSG00000100982,0.0
ENSG00000006534,0.0
ENSG00000269858,0.0
ENSG00000165966,0.0
ENSG00000110324,0.0
ENSG00000149541,0.0
ENSG00000165512,0.0
ENSG00000257524,0.0
ENSG00000137040,0.0
ENSG00000168564,0.0
ENSG00000113296,0.0
ENSG00000158079,0.0
ENSG00000172197,0.0
ENSG00000100554,0.0
ENSG00000105618,0.0
ENSG00000164934,0.0
ENSG00000041802,0.0
ENSG00000115233,0.0
ENSG00000127083,0.0
ENSG00000163104,0.0
ENSG00000023902,0.0
ENSG00000273221,0.0
ENSG00000161509,0.0
ENSG00000101413,0.0
ENSG00000153107,0.0
ENSG00000155256,0.0
ENSG00000227036,0.0
ENSG00000187627,0.0
ENSG00000187955,0.0
ENSG00000273541,0.0
ENSG00000063587,0.0
ENSG00000145919,0.0
ENSG00000055130,0.0
ENSG00000198625,0.0
ENSG00000272410,0.0
ENSG00000100485,0.0
ENSG00000102178,0.0
ENSG00000176868,0.0
ENSG00000139233,0.0
ENSG00000116198,0.0
ENSG00000157823,0.0
ENSG00000196696,0.0
ENSG00000197943,0.0
ENSG00000221818,0.0
ENSG00000173559,0.0
ENSG00000111605,0.0
ENSG00000125912,0.0
ENSG00000228716,0.0
ENSG00000163687,0.0
ENSG00000180773,0.0
ENSG00000198356,0.0
ENSG00000025800,0.0
ENSG00000125266,0.0
ENSG00000130202,0.0
ENSG00000063241,0.0
ENSG00000163608,0.0
ENSG00000165487,0.0
ENSG00000204899,0.0
ENSG00000143390,0.0
ENSG00000156671,0.0
ENSG00000106399,0.0
ENSG00000128342,0.0
ENSG00000260537,0.0
ENSG00000176463,0.0
ENSG00000143970,0.0
ENSG00000110047,0.0
ENSG00000130956,0.0
ENSG00000138193,0.0
ENSG00000177663,0.0
ENSG00000204161,0.0
ENSG00000115685,0.0
ENSG00000054803,0.0
ENSG00000132405,0.0
ENSG00000135070,0.0
ENSG00000087076,0.0
ENSG00000163661,0.0
ENSG00000126088,0.0
ENSG00000151136,0.0
ENSG00000101265,0.0
ENSG00000152944,0.0
ENSG00000269190,0.0
ENSG00000198399,0.0
ENSG00000206588,0.0
ENSG00000100311,0.0
ENSG00000178752,0.0
ENSG00000132530,0.0
ENSG00000140382,0.0
ENSG00000172292,0.0
ENSG00000271601,0.0
ENSG00000205189,0.0
ENSG00000159210,0.0
ENSG00000264522,0.0
ENSG00000129355,0.0
ENSG00000174917,0.0
ENSG00000188783,0.0
ENSG00000152683,0.0
ENSG00000156273,0.0
ENSG00000150594,0.0
ENSG00000165152,0.0
ENSG00000114302,0.0
ENSG00000134283,0.0
ENSG00000171467,0.0
ENSG00000129347,0.0
ENSG00000283128,0.0
ENSG00000148450,0.0
ENSG00000077721,0.0
ENSG00000103024,0.0
ENSG00000114999,0.0
ENSG00000132661,0.0
ENSG00000186951,0.0
ENSG00000103423,0.0
ENSG00000112276,0.0
ENSG00000258555,0.0
ENSG00000223768,0.0
ENSG00000182600,0.0
ENSG00000130517,0.0
ENSG00000119685,0.0
ENSG00000151967,0.0
ENSG00000164953,0.0
ENSG00000198160,0.0
ENSG00000155363,0.0
ENSG00000106443,0.0
ENSG00000105135,0.0
ENSG00000166073,0.0
ENSG00000262454,0.0
ENSG00000196911,0.0
ENSG00000074047,0.0
ENSG00000153140,0.0
ENSG00000072506,0.0
ENSG00000233864,0.0
ENSG00000106804,0.0
ENSG00000244693,0.0
ENSG00000082258,0.0
ENSG00000176386,0.0
ENSG00000166770,0.0
ENSG00000151148,0.0
ENSG00000103148,0.0
ENSG00000264343,0.0
ENSG00000163510,0.0
ENSG00000165507,0.0
ENSG00000112297,0.0
ENSG00000196182,0.0
ENSG00000132382,0.0
ENSG00000108262,0.0
ENSG00000089818,0.0
ENSG00000133193,0.0
ENSG00000176105,0.0
ENSG00000197170,0.0
ENSG00000225670,0.0
ENSG00000283239,0.0
ENSG00000137073,0.0
ENSG00000146376,0.0
ENSG00000213079,0.0
ENSG00000163710,0.0
ENSG00000122691,0.0
ENSG00000144791,0.0
ENSG00000112624,0.0
ENSG00000251546,0.0
ENSG00000129071,0.0
ENSG00000179364,0.0
ENSG00000125875,0.0
ENSG00000113593,0.0
ENSG00000142188,0.0
ENSG00000100368,0.0
ENSG00000151503,0.0
ENSG00000143889,0.0
ENSG00000180574,0.0
ENSG00000136560,0.0
ENSG00000130935,0.0
ENSG00000176834,0.0
ENSG00000169490,0.0
ENSG00000113739,0.0
ENSG00000082701,0.0
ENSG00000277991,0.0
ENSG00000139625,0.0
ENSG00000095906,0.0
ENSG00000172062,0.0
ENSG00000099899,0.0
ENSG00000037280,0.0
ENSG00000131477,0.0
ENSG00000188986,0.0
ENSG00000164978,0.0
ENSG00000172164,0.0
ENSG00000169429,0.0
ENSG00000148158,0.0
ENSG00000147145,0.0
ENSG00000226715,0.0
ENSG00000158941,0.0
ENSG00000105325,0.0
ENSG00000123179,0.0
ENSG00000012124,0.0
ENSG00000126878,0.0
ENSG00000126858,0.0
ENSG00000038532,0.0
ENSG00000133316,0.0
ENSG00000163393,0.0
ENSG00000163788,0.0
ENSG00000172336,0.0
ENSG00000071991,0.0
ENSG00000283228,0.0
ENSG00000089060,0.0
ENSG00000257379,0.0
ENSG00000163812,0.0
ENSG00000259291,0.0
ENSG00000116918,0.0
ENSG00000157014,0.0
ENSG00000197498,0.0
ENSG00000111863,0.0
ENSG00000163364,0.0
ENSG00000164151,0.0
ENSG00000229314,0.0
ENSG00000007541,0.0
ENSG00000134265,0.0
ENSG00000141699,0.0
ENSG00000174233,0.0
ENSG00000257411,0.0
ENSG00000102471,0.0
ENSG00000139697,0.0
ENSG00000102781,0.0
ENSG00000141568,0.0
ENSG00000100083,0.0
ENSG00000081019,0.0
ENSG00000168899,0.0
ENSG00000196263,0.0
ENSG00000112033,0.0
ENSG00000164081,0.0
ENSG00000055732,0.0
ENSG00000000419,0.0
ENSG00000138613,0.0
ENSG00000174292,0.0
ENSG00000134900,0.0
ENSG00000065615,0.0
ENSG00000149489,0.0
ENSG00000205903,0.0
ENSG00000099949,0.0
ENSG00000131475,0.0
ENSG00000138738,0.0
ENSG00000175548,0.0
ENSG00000130332,0.0
ENSG00000120656,0.0
ENSG00000267561,0.0
ENSG00000248333,0.0
ENSG00000122376,0.0
ENSG00000099203,0.0
ENSG00000012174,0.0
ENSG00000127334,0.0
ENSG00000068903,0.0
ENSG00000171943,0.0
ENSG00000178385,0.0
ENSG00000165322,0.0
ENSG00000173809,0.0
ENSG00000171222,0.0
ENSG00000149187,0.0
ENSG00000123500,0.0
ENSG00000071246,0.0
ENSG00000106603,0.0
ENSG00000132510,0.0
ENSG00000156875,0.0
ENSG00000188677,0.0
ENSG00000116985,0.0
ENSG00000111432,0.0
ENSG00000258964,0.0
ENSG00000169359,0.0
ENSG00000163166,0.0
ENSG00000143458,0.0
ENSG00000257767,0.0
ENSG00000151092,0.0
ENSG00000125384,0.0
ENSG00000171302,0.0
ENSG00000145348,0.0
ENSG00000258790,0.0
ENSG00000196826,0.0
ENSG00000196611,0.0
ENSG00000138802,0.0
ENSG00000123575,0.0
ENSG00000282034,0.0
ENSG00000116898,0.0
ENSG00000013561,0.0
ENSG00000122484,0.0
ENSG00000271425,0.0
ENSG00000167674,0.0
ENSG00000113494,0.0
ENSG00000066336,0.0
ENSG00000131381,0.0
ENSG00000183943,0.0
ENSG00000233016,0.0
ENSG00000179051,0.0
ENSG00000139496,0.0
ENSG00000204850,0.0
ENSG00000273003,0.0
ENSG00000154721,0.0
ENSG00000090989,0.0
ENSG00000013275,0.0
ENSG00000162444,0.0
ENSG00000159079,0.0
ENSG00000280789,0.0
ENSG00000113504,0.0
ENSG00000205670,0.0
ENSG00000163430,0.0
ENSG00000038358,0.0
ENSG00000159256,0.0
ENSG00000198060,0.0
ENSG00000273590,0.0
ENSG00000119979,0.0
ENSG00000168490,0.0
ENSG00000033170,0.0
ENSG00000285508,0.0
ENSG00000184428,0.0
ENSG00000093000,0.0
ENSG00000057252,0.0
ENSG00000151332,0.0
ENSG00000196323,0.0
ENSG00000162378,0.0
ENSG00000126464,0.0
ENSG00000134278,0.0
ENSG00000171475,0.0
ENSG00000143772,0.0
ENSG00000132740,0.0
ENSG00000000971,0.0
ENSG00000132581,0.0
ENSG00000106333,0.0
ENSG00000046889,0.0
ENSG00000059691,0.0
ENSG00000136153,0.0
ENSG00000174106,0.0
ENSG00000168077,0.0
ENSG00000151067,0.0
ENSG00000137288,0.0
ENSG00000110852,0.0
ENSG00000157570,0.0
ENSG00000283765,0.0
ENSG00000285304,0.0
ENSG00000106125,0.0
ENSG00000169744,0.0
ENSG00000128573,0.0
ENSG00000172403,0.0
ENSG00000261459,0.0
ENSG00000176018,0.0
ENSG00000143363,0.0
ENSG00000083223,0.0
ENSG00000152402,0.0
ENSG00000140396,0.0
ENSG00000157191,0.0
ENSG00000184117,0.0
ENSG00000099821,0.0
ENSG00000274611,0.0
ENSG00000068781,0.0
ENSG00000132153,0.0
ENSG00000170464,0.0
ENSG00000244509,0.0
ENSG00000155115,0.0
ENSG00000006611,0.0
ENSG00000196352,0.0
ENSG00000231500,0.0
ENSG00000281028,0.0
ENSG00000102837,0.0
ENSG00000117395,0.0
ENSG00000131378,0.0
ENSG00000137033,0.0
ENSG00000284461,0.0
ENSG00000159433,0.0
ENSG00000149658,0.0
ENSG00000115145,0.0
ENSG00000181092,0.0
ENSG00000104936,0.0
ENSG00000135521,0.0
ENSG00000149131,0.0
ENSG00000112282,0.0
ENSG00000120798,0.0
ENSG00000065618,0.0
ENSG00000146085,0.0
ENSG00000179387,0.0
ENSG00000068745,0.0
ENSG00000100417,0.0
ENSG00000058056,0.0
ENSG00000121073,0.0
ENSG00000093072,0.0
ENSG00000122728,0.0
ENSG00000107036,0.0
ENSG00000167680,0.0
ENSG00000165495,0.0
ENSG00000163221,0.0
ENSG00000157978,0.0
ENSG00000047188,0.0
ENSG00000175322,0.0
ENSG00000118096,0.0
ENSG00000160293,0.0
ENSG00000206530,0.0
ENSG00000173546,0.0
ENSG00000086712,0.0
ENSG00000184564,0.0
ENSG00000134121,0.0
ENSG00000268790,0.0
ENSG00000154144,0.0
ENSG00000078061,0.0
ENSG00000283782,0.0
ENSG00000132361,0.0
ENSG00000007944,0.0
ENSG00000136518,0.0
ENSG00000176971,0.0
ENSG00000162976,0.0
ENSG00000116678,0.0
ENSG00000132635,0.0
ENSG00000254635,0.0
ENSG00000173511,0.0
ENSG00000142751,0.0
ENSG00000284917,0.0
ENSG00000174175,0.0
ENSG00000136807,0.0
ENSG00000112214,0.0
ENSG00000185813,0.0
ENSG00000157741,0.0
ENSG00000148773,0.0
ENSG00000125954,0.0
ENSG00000110066,0.0
ENSG00000181634,0.0
ENSG00000170949,0.0
ENSG00000137947,0.0
ENSG00000172046,0.0
ENSG00000106853,0.0
ENSG00000172500,0.0
ENSG00000151131,0.0
ENSG00000102804,0.0
ENSG00000135778,0.0
ENSG00000183090,0.0
ENSG00000070778,0.0
ENSG00000144815,0.0
ENSG00000076513,0.0
ENSG00000254737,0.0
ENSG00000141252,0.0
ENSG00000142871,0.0
ENSG00000163050,0.0
ENSG00000086475,0.0
ENSG00000176124,0.0
ENSG00000278893,0.0
ENSG00000068654,0.0
ENSG00000167699,0.0
ENSG00000096093,0.0
ENSG00000185324,0.0
ENSG00000113391,0.0
ENSG00000254852,0.0
ENSG00000075945,0.0
ENSG00000182700,0.0
ENSG00000196369,0.0
ENSG00000189157,0.0
ENSG00000137309,0.0
ENSG00000138382,0.0
ENSG00000091879,0.0
ENSG00000086589,0.0
ENSG00000140279,0.0
ENSG00000166148,0.0
ENSG00000178105,0.0
ENSG00000132874,0.0
ENSG00000261247,0.0
ENSG00000118900,0.0
ENSG00000100522,0.0
ENSG00000172301,0.0
ENSG00000124782,0.0
ENSG00000279175,0.0
ENSG00000132718,0.0
ENSG00000198910,0.0
ENSG00000131042,0.0
ENSG00000272617,0.0
ENSG00000159111,0.0
ENSG00000095970,0.0
ENSG00000150337,0.0
ENSG00000129691,0.0
ENSG00000163378,0.0
ENSG00000272342,0.0
ENSG00000133401,0.0
ENSG00000147364,0.0
ENSG00000157349,0.0
ENSG00000181744,0.0
ENSG00000133063,0.0
ENSG00000130520,0.0
ENSG00000076003,0.0
ENSG00000012232,0.0
ENSG00000204520,0.0
ENSG00000214160,0.0
ENSG00000271079,0.0
ENSG00000118729,0.0
ENSG00000169413,0.0
ENSG00000024048,0.0
ENSG00000143756,0.0
ENSG00000147905,0.0
ENSG00000128915,0.0
ENSG00000100575,0.0
ENSG00000092871,0.0
ENSG00000168056,0.0
ENSG00000184677,0.0
ENSG00000198837,0.0
ENSG00000169213,0.0
ENSG00000260197,0.0
ENSG00000119041,0.0
ENSG00000066735,0.0
ENSG00000128513,0.0
ENSG00000283515,0.0
ENSG00000278540,0.0
ENSG00000272884,0.0
ENSG00000170892,0.0
ENSG00000145623,0.0
ENSG00000171724,0.0
ENSG00000100105,0.0
ENSG00000197948,0.0
ENSG00000146374,0.0
ENSG00000184164,0.0
ENSG00000179639,0.0
ENSG00000104365,0.0
ENSG00000225032,0.0
ENSG00000095319,0.0
ENSG00000167685,0.0
ENSG00000283154,0.0
ENSG00000166260,0.0
ENSG00000174996,0.0
ENSG00000186908,0.0
ENSG00000117640,0.0
ENSG00000067829,0.0
ENSG00000122122,0.0
ENSG00000106344,0.0
ENSG00000197345,0.0
ENSG00000006831,0.0
ENSG00000274523,0.0
ENSG00000274810,0.0
ENSG00000168917,0.0
ENSG00000228253,0.0
ENSG00000064393,0.0
ENSG00000088756,0.0
ENSG00000176853,0.0
ENSG00000089050,0.0
ENSG00000133739,0.0
ENSG00000075975,0.0
ENSG00000100239,0.0
ENSG00000139209,0.0
ENSG00000101052,0.0
ENSG00000170153,0.0
ENSG00000105852,0.0
ENSG00000112658,0.0
ENSG00000076242,0.0
ENSG00000197728,0.0
ENSG00000084444,0.0
ENSG00000136143,0.0
ENSG00000118640,0.0
ENSG00000160685,0.0
ENSG00000196557,0.0
ENSG00000250264,0.0
ENSG00000151422,0.0
ENSG00000114021,0.0
ENSG00000171570,0.0
ENSG00000164983,0.0
ENSG00000185304,0.0
ENSG00000178585,0.0
ENSG00000146006,0.0
ENSG00000166669,0.0
ENSG00000169508,0.0
ENSG00000156313,0.0
ENSG00000128709,0.0
ENSG00000181029,0.0
ENSG00000179526,0.0
ENSG00000182492,0.0
ENSG00000167693,0.0
ENSG00000006744,0.0
ENSG00000169032,0.0
ENSG00000180891,0.0
ENSG00000145425,0.0
ENSG00000130702,0.0
ENSG00000127995,0.0
ENSG00000262074,0.0
ENSG00000206899,0.0
ENSG00000141385,0.0
ENSG00000116701,0.0
ENSG00000168884,0.0
ENSG00000099860,0.0
ENSG00000106290,0.0
ENSG00000112659,0.0
ENSG00000168724,0.0
ENSG00000168958,0.0
ENSG00000007520,0.0
ENSG00000105662,0.0
ENSG00000164047,0.0
ENSG00000100055,0.0
ENSG00000156931,0.0
ENSG00000105835,0.0
ENSG00000256995,0.0
ENSG00000206053,0.0
ENSG00000116815,0.0
ENSG00000234663,0.0
ENSG00000170037,0.0
ENSG00000211666,0.0
ENSG00000119661,0.0
ENSG00000090924,0.0
ENSG00000196976,0.0
ENSG00000083720,0.0
ENSG00000136110,0.0
ENSG00000204291,0.0
ENSG00000174579,0.0
ENSG00000109381,0.0
ENSG00000115207,0.0
ENSG00000267303,0.0
ENSG00000275496,0.0
ENSG00000123728,0.0
ENSG00000143207,0.0
ENSG00000140368,0.0
ENSG00000261857,0.0
ENSG00000181045,0.0
ENSG00000144935,0.0
ENSG00000117069,0.0
ENSG00000154640,0.0
ENSG00000005102,0.0
ENSG00000037042,0.0
ENSG00000248405,0.0
ENSG00000112110,0.0
ENSG00000255526,0.0
ENSG00000240549,0.0
ENSG00000188352,0.0
ENSG00000123130,0.0
ENSG00000172939,0.0
ENSG00000134480,0.0
ENSG00000175854,0.0
ENSG00000101158,0.0
ENSG00000160410,0.0
ENSG00000133703,0.0
ENSG00000124374,0.0
ENSG00000130177,0.0
ENSG00000130921,0.0
ENSG00000198301,0.0
ENSG00000134744,0.0
ENSG00000165195,0.0
ENSG00000185963,0.0
ENSG00000142178,0.0
ENSG00000145743,0.0
ENSG00000213533,0.0
ENSG00000132604,0.0
ENSG00000182606,0.0
ENSG00000169255,0.0
ENSG00000135976,0.0
ENSG00000115641,0.0
ENSG00000177030,0.0
ENSG00000185946,0.0
ENSG00000162236,0.0
ENSG00000154258,0.0
ENSG00000113194,0.0
ENSG00000160305,0.0
ENSG00000126070,0.0
ENSG00000196715,0.0
ENSG00000176020,0.0
ENSG00000196295,0.0
ENSG00000108950,0.0
ENSG00000165138,0.0
ENSG00000167526,0.0
ENSG00000187676,0.0
ENSG00000169495,0.0
ENSG00000164897,0.0
ENSG00000110446,0.0
ENSG00000211949,0.0
ENSG00000172322,0.0
ENSG00000126522,0.0
ENSG00000119285,0.0
ENSG00000198732,0.0
ENSG00000103326,0.0
ENSG00000091656,0.0
ENSG00000221968,0.0
ENSG00000160883,0.0
ENSG00000275464,0.0
ENSG00000136485,0.0
ENSG00000198786,0.0
ENSG00000164176,0.0
ENSG00000180901,0.0
ENSG00000089022,0.0
ENSG00000259753,0.0
ENSG00000023041,0.0
ENSG00000138002,0.0
ENSG00000084072,0.0
ENSG00000139117,0.0
ENSG00000092847,0.0
ENSG00000071073,0.0
ENSG00000129667,0.0
ENSG00000141552,0.0
ENSG00000183873,0.0
ENSG00000185633,0.0
ENSG00000285245,0.0
ENSG00000108559,0.0
ENSG00000172247,0.0
ENSG00000171735,0.0
ENSG00000123892,0.0
ENSG00000148444,0.0
ENSG00000184154,0.0
ENSG00000139155,0.0
ENSG00000150779,0.0
ENSG00000095261,0.0
ENSG00000130787,0.0
ENSG00000182903,0.0
ENSG00000105821,0.0
ENSG00000162777,0.0
ENSG00000106031,0.0
ENSG00000090659,0.0
ENSG00000136378,0.0
ENSG00000148180,0.0
ENSG00000198089,0.0
ENSG00000204946,0.0
ENSG00000111684,0.0
ENSG00000228570,0.0
ENSG00000204574,0.0
ENSG00000132793,0.0
ENSG00000205413,0.0
ENSG00000081870,0.0
ENSG00000214706,0.0
ENSG00000273841,0.0
ENSG00000157766,0.0
ENSG00000101331,0.0
ENSG00000120697,0.0
ENSG00000165323,0.0
ENSG00000176393,0.0
ENSG00000113555,0.0
ENSG00000143603,0.0
ENSG00000268738,0.0
ENSG00000280987,0.0
ENSG00000185518,0.0
ENSG00000100473,0.0
ENSG00000148634,0.0
ENSG00000177888,0.0
ENSG00000134077,0.0
ENSG00000174227,0.0
ENSG00000118113,0.0
ENSG00000172794,0.0
ENSG00000173621,0.0
ENSG00000147576,0.0
ENSG00000076555,0.0
ENSG00000035681,0.0
ENSG00000243466,0.0
ENSG00000156140,0.0
ENSG00000130725,0.0
ENSG00000011295,0.0
ENSG00000223799,0.0
ENSG00000136267,0.0
ENSG00000106852,0.0
ENSG00000176095,0.0
ENSG00000010292,0.0
ENSG00000132406,0.0
ENSG00000117543,0.0
ENSG00000136152,0.0
ENSG00000145107,0.0
ENSG00000037749,0.0
ENSG00000167105,0.0
ENSG00000141506,0.0
ENSG00000142973,0.0
ENSG00000205155,0.0
ENSG00000113851,0.0
ENSG00000121864,0.0
ENSG00000113716,0.0
ENSG00000165409,0.0
ENSG00000266173,0.0
ENSG00000101665,0.0
ENSG00000087269,0.0
ENSG00000101079,0.0
ENSG00000096006,0.0
ENSG00000125686,0.0
ENSG00000198925,0.0
ENSG00000010704,0.0
ENSG00000175931,0.0
ENSG00000283528,0.0
ENSG00000175066,0.0
ENSG00000182963,0.0
ENSG00000042445,0.0
ENSG00000101955,0.0
ENSG00000122012,0.0
ENSG00000138755,0.0
ENSG00000102780,0.0
ENSG00000156575,0.0
ENSG00000101882,0.0
ENSG00000072736,0.0
ENSG00000170310,0.0
ENSG00000114316,0.0
ENSG00000148290,0.0
ENSG00000011021,0.0
ENSG00000196581,0.0
ENSG00000056998,0.0
ENSG00000119938,0.0
ENSG00000207524,0.0
ENSG00000263212,0.0
ENSG00000255663,0.0
ENSG00000138495,0.0
ENSG00000136929,0.0
ENSG00000206013,0.0
ENSG00000235098,0.0
ENSG00000103540,0.0
ENSG00000139428,0.0
ENSG00000082515,0.0
ENSG00000198721,0.0
ENSG00000250424,0.0
ENSG00000142459,0.0
ENSG00000005073,0.0
ENSG00000151208,0.0
ENSG00000168916,0.0
ENSG00000256206,0.0
ENSG00000165669,0.0
ENSG00000075624,0.0
ENSG00000021852,0.0
ENSG00000120868,0.0
ENSG00000139645,0.0
ENSG00000205544,0.0
ENSG00000184752,0.0
ENSG00000163071,0.0
ENSG00000140750,0.0
ENSG00000109736,0.0
ENSG00000114790,0.0
ENSG00000284776,0.0
ENSG00000197579,0.0
ENSG00000180772,0.0
ENSG00000101901,0.0
ENSG00000143147,0.0
ENSG00000115942,0.0
ENSG00000196428,0.0
ENSG00000137720,0.0
ENSG00000163975,0.0
ENSG00000048471,0.0
ENSG00000114796,0.0
ENSG00000188215,0.0
ENSG00000118804,0.0
ENSG00000102786,0.0
ENSG00000241684,0.0
ENSG00000204351,0.0
ENSG00000170854,0.0
ENSG00000188725,0.0
ENSG00000178691,0.0
ENSG00000165312,0.0
ENSG00000127663,0.0
ENSG00000137959,0.0
ENSG00000134516,0.0
ENSG00000102879,0.0
ENSG00000259828,0.0
ENSG00000169084,0.0
ENSG00000137154,0.0
ENSG00000226777,0.0
ENSG00000170445,0.0
ENSG00000111335,0.0
ENSG00000162772,0.0
ENSG00000198523,0.0
ENSG00000065183,0.0
ENSG00000102606,0.0
ENSG00000139180,0.0
ENSG00000285314,0.0
ENSG00000137460,0.0
ENSG00000171853,0.0
ENSG00000151474,0.0
ENSG00000123080,0.0
ENSG00000135241,0.0
ENSG00000110934,0.0
ENSG00000169499,0.0
ENSG00000267228,0.0
ENSG00000198727,0.0
ENSG00000134996,0.0
ENSG00000104881,0.0
ENSG00000279872,0.0
ENSG00000276965,0.0
ENSG00000081985,0.0
ENSG00000167106,0.0
ENSG00000120963,0.0
ENSG00000176490,0.0
ENSG00000160961,0.0
ENSG00000066382,0.0
ENSG00000126814,0.0
ENSG00000118960,0.0
ENSG00000087111,0.0
ENSG00000113552,0.0
ENSG00000236833,0.0
ENSG00000172172,0.0
ENSG00000204371,0.0
ENSG00000117643,0.0
ENSG00000258989,0.0
ENSG00000132514,0.0
ENSG00000119139,0.0
ENSG00000162852,0.0
ENSG00000081377,0.0
ENSG00000269900,0.0
ENSG00000125821,0.0
ENSG00000012963,0.0
ENSG00000100099,0.0
ENSG00000281593,0.0
ENSG00000135341,0.0
ENSG00000168497,0.0
ENSG00000099715,0.0
ENSG00000162458,0.0
ENSG00000184916,0.0
ENSG00000111361,0.0
ENSG00000158470,0.0
ENSG00000140374,0.0
ENSG00000130303,0.0
ENSG00000166928,0.0
ENSG00000103168,0.0
ENSG00000198933,0.0
ENSG00000060971,0.0
ENSG00000197467,0.0
ENSG00000051009,0.0
ENSG00000169093,0.0
ENSG00000150281,0.0
ENSG00000102554,0.0
ENSG00000185340,0.0
ENSG00000178878,0.0
ENSG00000165025,0.0
ENSG00000099942,0.0
ENSG00000073711,0.0
ENSG00000170558,0.0
ENSG00000156697,0.0
ENSG00000185880,0.0
ENSG00000126767,0.0
ENSG00000187773,0.0
ENSG00000125952,0.0
ENSG00000110844,0.0
ENSG00000152520,0.0
ENSG00000257621,0.0
ENSG00000198087,0.0
ENSG00000102265,0.0
ENSG00000232629,0.0
ENSG00000100445,0.0
ENSG00000280145,0.0
ENSG00000267697,0.0
ENSG00000161649,0.0
ENSG00000139726,0.0
ENSG00000151892,0.0
ENSG00000172890,0.0
ENSG00000160818,0.0
ENSG00000103126,0.0
ENSG00000104872,0.0
ENSG00000085511,0.0
ENSG00000177981,0.0
ENSG00000061337,0.0
ENSG00000159921,0.0
ENSG00000214435,0.0
ENSG00000254004,0.0
ENSG00000015532,0.0
ENSG00000112799,0.0
ENSG00000162664,0.0
ENSG00000013563,0.0
ENSG00000110046,0.0
ENSG00000107021,0.0
ENSG00000055147,0.0
ENSG00000183166,0.0
ENSG00000159208,0.0
ENSG00000173947,0.0
ENSG00000122482,0.0
ENSG00000043462,0.0
ENSG00000285258,0.0
ENSG00000169964,0.0
ENSG00000047249,0.0
ENSG00000160973,0.0
ENSG00000180425,0.0
ENSG00000249240,0.0
ENSG00000196663,0.0
ENSG00000118898,0.0
ENSG00000230124,0.0
ENSG00000165175,0.0
ENSG00000109189,0.0
ENSG00000185104,0.0
ENSG00000146197,0.0
ENSG00000102010,0.0
ENSG00000166710,0.0
ENSG00000163554,0.0
ENSG00000160791,0.0
ENSG00000144827,0.0
ENSG00000269242,0.0
ENSG00000153551,0.0
ENSG00000197457,0.0
ENSG00000128268,0.0
ENSG00000133067,0.0
ENSG00000135632,0.0
ENSG00000198373,0.0
ENSG00000115363,0.0
ENSG00000268083,0.0
ENSG00000155926,0.0
ENSG00000196458,0.0
ENSG00000185800,0.0
ENSG00000197586,0.0
ENSG00000115649,0.0
ENSG00000198626,0.0
ENSG00000141376,0.0
ENSG00000166394,0.0
ENSG00000158714,0.0
ENSG00000256566,0.0
ENSG00000145861,0.0
ENSG00000158517,0.0
ENSG00000211673,0.0
ENSG00000176945,0.0
ENSG00000180011,0.0
ENSG00000113460,0.0
ENSG00000102897,0.0
ENSG00000143379,0.0
ENSG00000167676,0.0
ENSG00000203880,0.0
ENSG00000154310,0.0
ENSG00000129460,0.0
ENSG00000249624,0.0
ENSG00000179918,0.0
ENSG00000123384,0.0
ENSG00000140157,0.0
ENSG00000163344,0.0
ENSG00000168781,0.0
ENSG00000075413,0.0
ENSG00000164144,0.0
ENSG00000197563,0.0
ENSG00000151322,0.0
ENSG00000258947,0.0
ENSG00000052126,0.0
ENSG00000172943,0.0
ENSG00000141956,0.0
ENSG00000174132,0.0
ENSG00000127870,0.0
ENSG00000152404,0.0
ENSG00000154122,0.0
ENSG00000136244,0.0
ENSG00000171720,0.0
ENSG00000157538,0.0
ENSG00000197905,0.0
ENSG00000132792,0.0
ENSG00000197312,0.0
ENSG00000182224,0.0
ENSG00000102753,0.0
ENSG00000205592,0.0
ENSG00000090097,0.0
ENSG00000173545,0.0
ENSG00000106009,0.0
ENSG00000105639,0.0
ENSG00000265190,0.0
ENSG00000198964,0.0
ENSG00000105258,0.0
ENSG00000178971,0.0
ENSG00000162747,0.0
ENSG00000176261,0.0
ENSG00000105287,0.0
ENSG00000139637,0.0
ENSG00000125656,0.0
ENSG00000143436,0.0
ENSG00000126749,0.0
ENSG00000100365,0.0
ENSG00000107789,0.0
ENSG00000103507,0.0
ENSG00000117758,0.0
ENSG00000158825,0.0
ENSG00000122678,0.0
ENSG00000113163,0.0
ENSG00000187239,0.0
ENSG00000114744,0.0
ENSG00000166595,0.0
ENSG00000006071,0.0
ENSG00000146414,0.0
ENSG00000184206,0.0
ENSG00000119421,0.0
ENSG00000101166,0.0
ENSG00000260428,0.0
ENSG00000036549,0.0
ENSG00000151445,0.0
ENSG00000167774,0.0
ENSG00000265491,0.0
ENSG00000119686,0.0
ENSG00000256671,0.0
ENSG00000187244,0.0
ENSG00000110321,0.0
ENSG00000164088,0.0
ENSG00000117475,0.0
ENSG00000198157,0.0
ENSG00000105983,0.0
ENSG00000170373,0.0
ENSG00000159403,0.0
ENSG00000272886,0.0
ENSG00000164283,0.0
ENSG00000221970,0.0
ENSG00000161013,0.0
ENSG00000137841,0.0
ENSG00000164252,0.0
ENSG00000043093,0.0
ENSG00000274847,0.0
ENSG00000122008,0.0
ENSG00000163682,0.0
ENSG00000068400,0.0
ENSG00000167315,0.0
ENSG00000132622,0.0
ENSG00000147614,0.0
ENSG00000163961,0.0
ENSG00000273295,0.0
ENSG00000113389,0.0
ENSG00000125484,0.0
ENSG00000104325,0.0
ENSG00000151917,0.0
ENSG00000147488,0.0
ENSG00000067248,0.0
ENSG00000090020,0.0
ENSG00000162073,0.0
ENSG00000131495,0.0
ENSG00000106003,0.0
ENSG00000100796,0.0
ENSG00000120837,0.0
ENSG00000011114,0.0
ENSG00000233117,0.0
ENSG00000147894,0.0
ENSG00000154813,0.0
ENSG00000154001,0.0
ENSG00000134371,0.0
ENSG00000258984,0.0
ENSG00000030066,0.0
ENSG00000136048,0.0
ENSG00000151612,0.0
ENSG00000115211,0.0
ENSG00000069431,0.0
ENSG00000081803,0.0
ENSG00000179818,0.0
ENSG00000170369,0.0
ENSG00000268043,0.0
ENSG00000081320,0.0
ENSG00000150893,0.0
ENSG00000173867,0.0
ENSG00000158747,0.0
ENSG00000165810,0.0
ENSG00000116120,0.0
ENSG00000159131,0.0
ENSG00000140988,0.0
ENSG00000181541,0.0
ENSG00000112079,0.0
ENSG00000105664,0.0
ENSG00000196247,0.0
ENSG00000159640,0.0
ENSG00000114098,0.0
ENSG00000279333,0.0
ENSG00000135905,0.0
ENSG00000260097,0.0
ENSG00000175137,0.0
ENSG00000103569,0.0
ENSG00000118922,0.0
ENSG00000019582,0.0
ENSG00000100060,0.0
ENSG00000162144,0.0
ENSG00000164823,0.0
ENSG00000112584,0.0
ENSG00000157077,0.0
ENSG00000267426,0.0
ENSG00000139718,0.0
ENSG00000164414,0.0
ENSG00000124786,0.0
ENSG00000165997,0.0
ENSG00000154856,0.0
ENSG00000249319,0.0
ENSG00000204264,0.0
ENSG00000225791,0.0
ENSG00000164120,0.0
ENSG00000101074,0.0
ENSG00000163382,0.0
ENSG00000136840,0.0
ENSG00000165240,0.0
ENSG00000175471,0.0
ENSG00000100678,0.0
ENSG00000159307,0.0
ENSG00000204394,0.0
ENSG00000152932,0.0
ENSG00000135835,0.0
ENSG00000115520,0.0
ENSG00000177556,0.0
ENSG00000240682,0.0
ENSG00000114209,0.0
ENSG00000205572,0.0
ENSG00000055163,0.0
ENSG00000147443,0.0
ENSG00000132478,0.0
ENSG00000109911,0.0
ENSG00000163389,0.0
ENSG00000087086,0.0
ENSG00000265354,0.0
ENSG00000273433,0.0
ENSG00000168280,0.0
ENSG00000222041,0.0
ENSG00000048540,0.0
ENSG00000124469,0.0
ENSG00000077585,0.0
ENSG00000147202,0.0
ENSG00000140682,0.0
ENSG00000143079,0.0
ENSG00000057704,0.0
ENSG00000102100,0.0
ENSG00000137944,0.0
ENSG00000163501,0.0
ENSG00000155307,0.0
ENSG00000241258,0.0
ENSG00000258924,0.0
ENSG00000170374,0.0
ENSG00000198763,0.0
ENSG00000269547,0.0
ENSG00000214113,0.0
ENSG00000142453,0.0
ENSG00000100142,0.0
ENSG00000130775,0.0
ENSG00000091483,0.0
ENSG00000127954,0.0
ENSG00000079616,0.0
ENSG00000251249,0.0
ENSG00000198722,0.0
ENSG00000165802,0.0
ENSG00000121931,0.0
ENSG00000122557,0.0
ENSG00000181291,0.0
ENSG00000172663,0.0
ENSG00000126062,0.0
ENSG00000279905,0.0
ENSG00000131165,0.0
ENSG00000184613,0.0
ENSG00000161204,0.0
ENSG00000173418,0.0
ENSG00000260816,0.0
ENSG00000163017,0.0
ENSG00000138311,0.0
ENSG00000164466,0.0
ENSG00000169299,0.0
ENSG00000112242,0.0
ENSG00000073605,0.0
ENSG00000068724,0.0
ENSG00000139973,0.0
ENSG00000124370,0.0
ENSG00000117091,0.0
ENSG00000133935,0.0
ENSG00000081923,0.0
ENSG00000176623,0.0
ENSG00000054983,0.0
ENSG00000228144,0.0
ENSG00000108064,0.0
ENSG00000170832,0.0
ENSG00000120327,0.0
ENSG00000107554,0.0
ENSG00000012779,0.0
ENSG00000255730,0.0
ENSG00000107317,0.0
ENSG00000204625,0.0
ENSG00000204316,0.0
ENSG00000184497,0.0
ENSG00000204481,0.0
ENSG00000112941,0.0
ENSG00000174944,0.0
ENSG00000285043,0.0
ENSG00000125726,0.0
ENSG00000057757,0.0
ENSG00000136156,0.0
ENSG00000258677,0.0
ENSG00000196655,0.0
ENSG00000130717,0.0
ENSG00000114013,0.0
ENSG00000077150,0.0
ENSG00000164134,0.0
ENSG00000116721,0.0
ENSG00000163106,0.0
ENSG00000053900,0.0
ENSG00000203778,0.0
ENSG00000198917,0.0
ENSG00000198759,0.0
ENSG00000091972,0.0
ENSG00000261269,0.0
ENSG00000229117,0.0
ENSG00000155629,0.0
ENSG00000158246,0.0
ENSG00000160570,0.0
ENSG00000014257,0.0
ENSG00000171444,0.0
ENSG00000170873,0.0
ENSG00000284431,0.0
ENSG00000156587,0.0
ENSG00000119760,0.0
ENSG00000032444,0.0
ENSG00000128891,0.0
ENSG00000264187,0.0
ENSG00000086991,0.0
ENSG00000066136,0.0
ENSG00000026025,0.0
ENSG00000282246,0.0
ENSG00000039537,0.0
ENSG00000105205,0.0
ENSG00000122507,0.0
ENSG00000171914,0.0
ENSG00000103544,0.0
ENSG00000075340,0.0
ENSG00000136286,0.0
ENSG00000146233,0.0
ENSG00000079215,0.0
ENSG00000060762,0.0
ENSG00000170074,0.0
ENSG00000119684,0.0
ENSG00000189319,0.0
ENSG00000115009,0.0
ENSG00000147852,0.0
ENSG00000143319,0.0
ENSG00000090776,0.0
ENSG00000285188,0.0
ENSG00000101849,0.0
ENSG00000143217,0.0
ENSG00000274512,0.0
ENSG00000089177,0.0
ENSG00000169403,0.0
ENSG00000277865,0.0
ENSG00000119446,0.0
ENSG00000203709,0.0
ENSG00000164610,0.0
ENSG00000148400,0.0
ENSG00000106351,0.0
ENSG00000118197,0.0
ENSG00000008853,0.0
ENSG00000108797,0.0
ENSG00000160049,0.0
ENSG00000198513,0.0
ENSG00000137274,0.0
ENSG00000132465,0.0
ENSG00000058600,0.0
ENSG00000198899,0.0
ENSG00000236104,0.0
ENSG00000121022,0.0
ENSG00000067533,0.0
ENSG00000126226,0.0
ENSG00000198026,0.0
ENSG00000258465,0.0
ENSG00000117133,0.0
ENSG00000188559,0.0
ENSG00000111802,0.0
ENSG00000135392,0.0
ENSG00000150051,0.0
ENSG00000268173,0.0
ENSG00000126821,0.0
ENSG00000204438,0.0
ENSG00000013297,0.0
ENSG00000248751,0.0
ENSG00000147854,0.0
ENSG00000060558,0.0
ENSG00000131791,0.0
ENSG00000180104,0.0
ENSG00000186814,0.0
ENSG00000185163,0.0
ENSG00000132305,0.0
ENSG00000178685,0.0
ENSG00000127831,0.0
ENSG00000164850,0.0
ENSG00000110013,0.0
ENSG00000120885,0.0
ENSG00000101670,0.0
ENSG00000169877,0.0
ENSG00000018189,0.0
ENSG00000144036,0.0
ENSG00000146021,0.0
ENSG00000204186,0.0
ENSG00000241728,0.0
ENSG00000151690,0.0
ENSG00000140450,0.0
ENSG00000130204,0.0
ENSG00000130559,0.0
ENSG00000224383,0.0
ENSG00000124249,0.0
ENSG00000160972,0.0
ENSG00000183723,0.0
ENSG00000280356,0.0
ENSG00000270299,0.0
ENSG00000121851,0.0
ENSG00000175324,0.0
ENSG00000070476,0.0
ENSG00000099800,0.0
ENSG00000119912,0.0
ENSG00000010438,0.0
ENSG00000109205,0.0
ENSG00000249773,0.0
ENSG00000101084,0.0
ENSG00000258441,0.0
ENSG00000163481,0.0
ENSG00000185344,0.0
ENSG00000112651,0.0
ENSG00000138964,0.0
ENSG00000257017,0.0
ENSG00000069345,0.0
ENSG00000183833,0.0
ENSG00000137992,0.0
ENSG00000259916,0.0
ENSG00000269556,0.0
ENSG00000100359,0.0
ENSG00000284194,0.0
ENSG00000083099,0.0
ENSG00000173218,0.0
ENSG00000143514,0.0
ENSG00000113638,0.0
ENSG00000142002,0.0
ENSG00000121390,0.0
ENSG00000124120,0.0
ENSG00000248101,0.0
ENSG00000230663,0.0
ENSG00000105967,0.0
ENSG00000184515,0.0
ENSG00000093183,0.0
ENSG00000166507,0.0
ENSG00000184220,0.0
ENSG00000108591,0.0
ENSG00000056050,0.0
ENSG00000211938,0.0
ENSG00000007384,0.0
ENSG00000137200,0.0
ENSG00000147724,0.0
ENSG00000134255,0.0
ENSG00000197614,0.0
ENSG00000148655,0.0
ENSG00000183287,0.0
ENSG00000078403,0.0
ENSG00000005020,0.0
ENSG00000184047,0.0
ENSG00000251201,0.0
ENSG00000125257,0.0
ENSG00000234676,0.0
ENSG00000120129,0.0
ENSG00000106049,0.0
ENSG00000196739,0.0
ENSG00000148541,0.0
ENSG00000258643,0.0
ENSG00000183671,0.0
ENSG00000243414,0.0
ENSG00000214194,0.0
ENSG00000101463,0.0
ENSG00000009694,0.0
ENSG00000087088,0.0
ENSG00000115232,0.0
ENSG00000123159,0.0
ENSG00000270055,0.0
ENSG00000204065,0.0
ENSG00000131055,0.0
ENSG00000246859,0.0
ENSG00000148584,0.0
ENSG00000144893,0.0
ENSG00000158286,0.0
ENSG00000285144,0.0
ENSG00000277957,0.0
ENSG00000247324,0.0
ENSG00000183098,0.0
ENSG00000125945,0.0
ENSG00000123992,0.0
ENSG00000135540,0.0
ENSG00000253304,0.0
ENSG00000169181,0.0
ENSG00000132376,0.0
ENSG00000138756,0.0
ENSG00000188086,0.0
ENSG00000175575,0.0
ENSG00000243207,0.0
ENSG00000176771,0.0
ENSG00000188636,0.0
ENSG00000120251,0.0
ENSG00000079257,0.0
ENSG00000107643,0.0
ENSG00000142207,0.0
ENSG00000161940,0.0
ENSG00000154124,0.0
ENSG00000116285,0.0
ENSG00000234665,0.0
ENSG00000110851,0.0
ENSG00000162545,0.0
ENSG00000277870,0.0
ENSG00000188021,0.0
ENSG00000196353,0.0
ENSG00000125863,0.0
ENSG00000159873,0.0
ENSG00000162961,0.0
ENSG00000256977,0.0
ENSG00000274044,0.0
ENSG00000248710,0.0
ENSG00000284299,0.0
ENSG00000116128,0.0
ENSG00000158006,0.0
ENSG00000129235,0.0
ENSG00000104679,0.0
ENSG00000072415,0.0
ENSG00000140873,0.0
ENSG00000204936,0.0
ENSG00000148719,0.0
ENSG00000065621,0.0
ENSG00000103426,0.0
ENSG00000179314,0.0
ENSG00000063978,0.0
ENSG00000196214,0.0
ENSG00000215193,0.0
ENSG00000163159,0.0
ENSG00000278050,0.0
ENSG00000285446,0.0
ENSG00000037637,0.0
ENSG00000119705,0.0
ENSG00000130147,0.0
ENSG00000129317,0.0
ENSG00000175592,0.0
ENSG00000134905,0.0
ENSG00000171262,0.0
ENSG00000134020,0.0
ENSG00000187778,0.0
ENSG00000099337,0.0
ENSG00000196865,0.0
ENSG00000267120,0.0
ENSG00000158435,0.0
ENSG00000254154,0.0
ENSG00000198435,0.0
ENSG00000168872,0.0
ENSG00000170043,0.0
ENSG00000134755,0.0
ENSG00000277632,0.0
ENSG00000265185,0.0
ENSG00000134909,0.0
ENSG00000122390,0.0
ENSG00000101464,0.0
ENSG00000174839,0.0
ENSG00000160013,0.0
ENSG00000101109,0.0
ENSG00000182544,0.0
ENSG00000158623,0.0
ENSG00000142541,0.0
ENSG00000198589,0.0
ENSG00000129484,0.0
ENSG00000076716,0.0
ENSG00000136011,0.0
ENSG00000138316,0.0
ENSG00000267107,0.0
ENSG00000104972,0.0
ENSG00000175782,0.0
ENSG00000167772,0.0
ENSG00000065559,0.0
ENSG00000210191,0.0
ENSG00000198888,0.0
ENSG00000124479,0.0
ENSG00000239306,0.0
ENSG00000196092,0.0
ENSG00000264230,0.0
ENSG00000141655,0.0
ENSG00000198712,0.0
ENSG00000134014,0.0
ENSG00000105851,0.0
ENSG00000164821,0.0
ENSG00000204397,0.0
ENSG00000136147,0.0
ENSG00000175634,0.0
ENSG00000077458,0.0
ENSG00000124191,0.0
ENSG00000273413,0.0
ENSG00000174791,0.0
ENSG00000104738,0.0
ENSG00000181625,0.0
ENSG00000121207,0.0
ENSG00000128294,0.0
ENSG00000274600,0.0
ENSG00000263956,0.0
ENSG00000234127,0.0
ENSG00000132535,0.0
ENSG00000177034,0.0
ENSG00000156304,0.0
ENSG00000091640,0.0
ENSG00000136643,0.0
ENSG00000158352,0.0
ENSG00000105518,0.0
ENSG00000130528,0.0
ENSG00000244482,0.0
ENSG00000169609,0.0
ENSG00000059769,0.0
ENSG00000212907,0.0
ENSG00000004975,0.0
ENSG00000163590,0.0
ENSG00000256453,0.0
ENSG00000162695,0.0
ENSG00000131771,0.0
ENSG00000079102,0.0
ENSG00000124562,0.0
ENSG00000100567,0.0
ENSG00000135472,0.0
ENSG00000272047,0.0
ENSG00000184939,0.0
ENSG00000163083,0.0
ENSG00000172936,0.0
ENSG00000215186,0.0
ENSG00000125462,0.0
ENSG00000128581,0.0
ENSG00000118454,0.0
ENSG00000198839,0.0
ENSG00000132464,0.0
ENSG00000033050,0.0
ENSG00000136783,0.0
ENSG00000120992,0.0
ENSG00000177464,0.0
ENSG00000204220,0.0
ENSG00000130844,0.0
ENSG00000065833,0.0
ENSG00000270149,0.0
ENSG00000110429,0.0
ENSG00000101938,0.0
ENSG00000168769,0.0
ENSG00000167880,0.0
ENSG00000188321,0.0
ENSG00000198829,0.0
ENSG00000077420,0.0
ENSG00000177508,0.0
ENSG00000213240,0.0
ENSG00000144021,0.0
ENSG00000198034,0.0
ENSG00000160593,0.0
ENSG00000258529,0.0
ENSG00000261915,0.0
ENSG00000125740,0.0
ENSG00000129009,0.0
ENSG00000158769,0.0
ENSG00000145147,0.0
ENSG00000124541,0.0
ENSG00000151718,0.0
ENSG00000196878,0.0
ENSG00000089250,0.0
ENSG00000114770,0.0
ENSG00000137494,0.0
ENSG00000089157,0.0
ENSG00000271321,0.0
ENSG00000126787,0.0
ENSG00000067836,0.0
ENSG00000173542,0.0
ENSG00000186642,0.0
ENSG00000100997,0.0
ENSG00000114251,0.0
ENSG00000213516,0.0
ENSG00000084070,0.0
ENSG00000185414,0.0
ENSG00000134987,0.0
ENSG00000198818,0.0
ENSG00000108010,0.0
ENSG00000260260,0.0
ENSG00000270136,0.0
ENSG00000074211,0.0
ENSG00000186510,0.0
ENSG00000253305,0.0
ENSG00000132005,0.0
ENSG00000165526,0.0
ENSG00000108669,0.0
ENSG00000148204,0.0
ENSG00000010932,0.0
ENSG00000196562,0.0
ENSG00000181631,0.0
ENSG00000182118,0.0
ENSG00000149016,0.0
ENSG00000239732,0.0
ENSG00000058085,0.0
ENSG00000179772,0.0
ENSG00000182771,0.0
ENSG00000178562,0.0
ENSG00000233522,0.0
ENSG00000148735,0.0
ENSG00000244437,0.0
ENSG00000198879,0.0
ENSG00000108654,0.0
ENSG00000196670,0.0
ENSG00000198951,0.0
ENSG00000180376,0.0
ENSG00000256029,0.0
ENSG00000113248,0.0
ENSG00000152580,0.0
ENSG00000264324,0.0
ENSG00000130208,0.0
ENSG00000020129,0.0
ENSG00000184465,0.0
ENSG00000167220,0.0
ENSG00000168398,0.0
ENSG00000143373,0.0
ENSG00000159339,0.0
ENSG00000125735,0.0
ENSG00000102174,0.0
ENSG00000163993,0.0
ENSG00000259905,0.0
ENSG00000104343,0.0
ENSG00000134330,0.0
ENSG00000254531,0.0
ENSG00000169245,0.0
ENSG00000251357,0.0
ENSG00000078596,0.0
ENSG00000102309,0.0
ENSG00000107537,0.0
ENSG00000183960,0.0
ENSG00000101916,0.0
ENSG00000270550,0.0
ENSG00000181374,0.0
ENSG00000277322,0.0
ENSG00000164253,0.0
ENSG00000129315,0.0
ENSG00000241351,0.0
ENSG00000283706,0.0
ENSG00000224578,0.0
ENSG00000143157,0.0
ENSG00000128191,0.0
ENSG00000167996,0.0
ENSG00000137872,0.0
ENSG00000198874,0.0
ENSG00000172037,0.0
ENSG00000178171,0.0
ENSG00000165140,0.0
ENSG00000168970,0.0
ENSG00000182400,0.0
ENSG00000169718,0.0
ENSG00000137672,0.0
ENSG00000108469,0.0
ENSG00000077984,0.0
ENSG00000129450,0.0
ENSG00000199347,0.0
ENSG00000070444,0.0
ENSG00000123106,0.0
ENSG00000122692,0.0
ENSG00000066279,0.0
ENSG00000111737,0.0
ENSG00000168538,0.0
ENSG00000265118,0.0
ENSG00000162367,0.0
ENSG00000177685,0.0
ENSG00000136261,0.0
ENSG00000176887,0.0
ENSG00000041880,0.0
ENSG00000131748,0.0
ENSG00000117600,0.0
ENSG00000134333,0.0
ENSG00000005059,0.0
ENSG00000115556,0.0
ENSG00000164062,0.0
ENSG00000091428,0.0
ENSG00000122417,0.0
ENSG00000163162,0.0
ENSG00000068697,0.0
ENSG00000114455,0.0
ENSG00000183978,0.0
ENSG00000103932,0.0
ENSG00000107929,0.0
ENSG00000126562,0.0
ENSG00000204599,0.0
ENSG00000284626,0.0
ENSG00000132205,0.0
ENSG00000100884,0.0
ENSG00000092094,0.0
ENSG00000205765,0.0
ENSG00000249695,0.0
ENSG00000143387,0.0
ENSG00000150625,0.0
ENSG00000111186,0.0
ENSG00000011007,0.0
ENSG00000144057,0.0
ENSG00000174628,0.0
ENSG00000198064,0.0
ENSG00000088992,0.0
ENSG00000142546,0.0
ENSG00000155511,0.0
ENSG00000145730,0.0
ENSG00000273149,0.0
ENSG00000179532,0.0
ENSG00000155975,0.0
ENSG00000258227,0.0
ENSG00000167914,0.0
ENSG00000198252,0.0
ENSG00000142534,0.0
ENSG00000260092,0.0
ENSG00000270617,0.0
ENSG00000107521,0.0
ENSG00000099810,0.0
ENSG00000109320,0.0
ENSG00000278903,0.0
ENSG00000090539,0.0
ENSG00000093144,0.0
ENSG00000171723,0.0
ENSG00000125834,0.0
ENSG00000143303,0.0
ENSG00000205476,0.0
ENSG00000176022,0.0
ENSG00000163950,0.0
ENSG00000137822,0.0
ENSG00000158985,0.0
ENSG00000167280,0.0
ENSG00000059145,0.0
ENSG00000149451,0.0
ENSG00000106236,0.0
ENSG00000111581,0.0
ENSG00000173894,0.0
ENSG00000166816,0.0
ENSG00000139190,0.0
ENSG00000229233,0.0
ENSG00000130598,0.0
ENSG00000224051,0.0
ENSG00000117707,0.0
ENSG00000285253,0.0
ENSG00000261177,0.0
ENSG00000181852,0.0
ENSG00000176248,0.0
ENSG00000267001,0.0
ENSG00000137077,0.0
ENSG00000159579,0.0
ENSG00000150681,0.0
ENSG00000270898,0.0
ENSG00000116824,0.0
ENSG00000135912,0.0
ENSG00000160199,0.0
ENSG00000119397,0.0
ENSG00000103051,0.0
ENSG00000074803,0.0
ENSG00000164631,0.0
ENSG00000181315,0.0
ENSG00000242076,0.0
ENSG00000131943,0.0
ENSG00000259399,0.0
ENSG00000175857,0.0
ENSG00000136878,0.0
ENSG00000143190,0.0
ENSG00000119714,0.0
ENSG00000157734,0.0
ENSG00000254979,0.0
ENSG00000078814,0.0
ENSG00000143878,0.0
ENSG00000121060,0.0
ENSG00000135100,0.0
ENSG00000106952,0.0
ENSG00000168685,0.0
ENSG00000068831,0.0
ENSG00000187098,0.0
ENSG00000165792,0.0
ENSG00000239906,0.0
ENSG00000255819,0.0
ENSG00000272414,0.0
ENSG00000153310,0.0
ENSG00000263257,0.0
ENSG00000140479,0.0
ENSG00000269939,0.0
ENSG00000115353,0.0
ENSG00000171208,0.0
ENSG00000099834,0.0
ENSG00000129911,0.0
ENSG00000168495,0.0
ENSG00000141068,0.0
ENSG00000125551,0.0
ENSG00000150712,0.0
ENSG00000196664,0.0
ENSG00000159063,0.0
ENSG00000071994,0.0
ENSG00000254996,0.0
ENSG00000169814,0.0
ENSG00000096063,0.0
ENSG00000153933,0.0
ENSG00000108001,0.0
ENSG00000156508,0.0
ENSG00000121361,0.0
ENSG00000054282,0.0
ENSG00000138829,0.0
ENSG00000136271,0.0
ENSG00000102900,0.0
ENSG00000185115,0.0
ENSG00000127666,0.0
ENSG00000151490,0.0
ENSG00000144228,0.0
ENSG00000188290,0.0
ENSG00000142039,0.0
ENSG00000171903,0.0
ENSG00000008838,0.0
ENSG00000005238,0.0
ENSG00000186283,0.0
ENSG00000144648,0.0
ENSG00000111052,0.0
ENSG00000211772,0.0
ENSG00000185736,0.0
ENSG00000239900,0.0
ENSG00000251660,0.0
ENSG00000157350,0.0
ENSG00000142798,0.0
ENSG00000244116,0.0
ENSG00000171843,0.0
ENSG00000163453,0.0
ENSG00000204539,0.0
ENSG00000157680,0.0
ENSG00000267855,0.0
ENSG00000234899,0.0
ENSG00000227500,0.0
ENSG00000134222,0.0
ENSG00000050393,0.0
ENSG00000276547,0.0
ENSG00000106829,0.0
ENSG00000162385,0.0
ENSG00000145708,0.0
ENSG00000167962,0.0
ENSG00000210082,0.0
ENSG00000270547,0.0
ENSG00000110315,0.0
ENSG00000278878,0.0
ENSG00000267629,0.0
ENSG00000074964,0.0
ENSG00000029534,0.0
ENSG00000170011,0.0
ENSG00000197121,0.0
ENSG00000121807,0.0
ENSG00000197713,0.0
ENSG00000196700,0.0
ENSG00000163281,0.0
ENSG00000101365,0.0
ENSG00000058335,0.0
ENSG00000152942,0.0
ENSG00000136925,0.0
ENSG00000253438,0.0
ENSG00000108018,0.0
ENSG00000017483,0.0
ENSG00000100767,0.0
ENSG00000161921,0.0
ENSG00000168702,0.0
ENSG00000104375,0.0
ENSG00000178741,0.0
ENSG00000075234,0.0
ENSG00000176170,0.0
ENSG00000135974,0.0
ENSG00000274628,0.0
ENSG00000183696,0.0
ENSG00000138303,0.0
ENSG00000140548,0.0
ENSG00000104915,0.0
ENSG00000133019,0.0
ENSG00000169418,0.0
ENSG00000131323,0.0
ENSG00000259941,0.0
ENSG00000155962,0.0
ENSG00000177084,0.0
ENSG00000101181,0.0
ENSG00000138675,0.0
ENSG00000213214,0.0
ENSG00000110076,0.0
ENSG00000107874,0.0
ENSG00000165125,0.0
ENSG00000100385,0.0
ENSG00000114520,0.0
ENSG00000171161,0.0
ENSG00000113088,0.0
ENSG00000164128,0.0
ENSG00000174606,0.0
ENSG00000260249,0.0
ENSG00000177042,0.0
ENSG00000144824,0.0
ENSG00000145293,0.0
ENSG00000174032,0.0
ENSG00000140995,0.0
ENSG00000196935,0.0
ENSG00000158545,0.0
ENSG00000211898,0.0
ENSG00000183624,0.0
ENSG00000111404,0.0
ENSG00000118777,0.0
ENSG00000144285,0.0
ENSG00000175928,0.0
ENSG00000198286,0.0
ENSG00000089127,0.0
ENSG00000011052,0.0
ENSG00000170791,0.0
ENSG00000281591,0.0
ENSG00000144199,0.0
ENSG00000182463,0.0
ENSG00000174891,0.0
ENSG00000169851,0.0
ENSG00000116954,0.0
ENSG00000083844,0.0
ENSG00000276070,0.0
ENSG00000267314,0.0
ENSG00000101203,0.0
ENSG00000124160,0.0
ENSG00000183246,0.0
ENSG00000143924,0.0
ENSG00000137601,0.0
ENSG00000108788,0.0
ENSG00000186470,0.0
ENSG00000253485,0.0
ENSG00000143850,0.0
ENSG00000100211,0.0
ENSG00000131097,0.0
ENSG00000184060,0.0
ENSG00000244752,0.0
ENSG00000261611,0.0
ENSG00000256407,0.0
ENSG00000160877,0.0
ENSG00000124942,0.0
ENSG00000188004,0.0
ENSG00000047457,0.0
ENSG00000007545,0.0
ENSG00000123815,0.0
ENSG00000070190,0.0
ENSG00000285283,0.0
ENSG00000123213,0.0
ENSG00000259316,0.0
ENSG00000182575,0.0
ENSG00000025772,0.0
ENSG00000078967,0.0
ENSG00000151320,0.0
ENSG00000101892,0.0
ENSG00000251350,0.0
ENSG00000169189,0.0
ENSG00000139636,0.0
ENSG00000256053,0.0
ENSG00000164342,0.0
ENSG00000136935,0.0
ENSG00000032742,0.0
ENSG00000175426,0.0
ENSG00000230838,0.0
ENSG00000197696,0.0
ENSG00000157168,0.0
ENSG00000158125,0.0
ENSG00000084093,0.0
ENSG00000206527,0.0
ENSG00000138750,0.0
ENSG00000134531,0.0
ENSG00000156042,0.0
ENSG00000279571,0.0
ENSG00000283189,0.0
ENSG00000158019,0.0
ENSG00000117697,0.0
ENSG00000035862,0.0
ENSG00000186517,0.0
ENSG00000122741,0.0
ENSG00000173156,0.0
ENSG00000108963,0.0
ENSG00000230937,0.0
ENSG00000142327,0.0
ENSG00000140463,0.0
ENSG00000167182,0.0
ENSG00000278291,0.0
ENSG00000143127,0.0
ENSG00000241860,0.0
ENSG00000137075,0.0
ENSG00000137275,0.0
ENSG00000102390,0.0
ENSG00000205456,0.0
ENSG00000105383,0.0
ENSG00000112837,0.0
ENSG00000047936,0.0
ENSG00000254462,0.0
ENSG00000122378,0.0
ENSG00000277758,0.0
ENSG00000169221,0.0
ENSG00000187824,0.0
ENSG00000224186,0.0
ENSG00000198774,0.0
ENSG00000153404,0.0
ENSG00000213024,0.0
ENSG00000273079,0.0
ENSG00000197841,0.0
ENSG00000254087,0.0
ENSG00000256349,0.0
ENSG00000105229,0.0
ENSG00000160180,0.0
ENSG00000180871,0.0
ENSG00000124571,0.0
ENSG00000110080,0.0
ENSG00000154080,0.0
ENSG00000131116,0.0
ENSG00000011485,0.0
ENSG00000122873,0.0
ENSG00000005884,0.0
ENSG00000184408,0.0
ENSG00000019991,0.0
ENSG00000128656,0.0
ENSG00000111640,0.0
ENSG00000007933,0.0
ENSG00000175106,0.0
ENSG00000054611,0.0
ENSG00000162595,0.0
ENSG00000115165,0.0
ENSG00000266997,0.0
ENSG00000166920,0.0
ENSG00000160789,0.0
ENSG00000196233,0.0
ENSG00000228639,0.0
ENSG00000067992,0.0
ENSG00000123268,0.0
ENSG00000068028,0.0
ENSG00000137171,0.0
ENSG00000101638,0.0
ENSG00000065357,0.0
ENSG00000110848,0.0
ENSG00000178860,0.0
ENSG00000026751,0.0
ENSG00000178175,0.0
ENSG00000119471,0.0
ENSG00000187498,0.0
ENSG00000071205,0.0
ENSG00000182162,0.0
ENSG00000283761,0.0
ENSG00000077943,0.0
ENSG00000085231,0.0
ENSG00000025770,0.0
ENSG00000273112,0.0
ENSG00000011426,0.0
ENSG00000102001,0.0
ENSG00000274769,0.0
ENSG00000070193,0.0
ENSG00000124935,0.0
ENSG00000138759,0.0
ENSG00000067208,0.0
ENSG00000148153,0.0
ENSG00000221972,0.0
ENSG00000135597,0.0
ENSG00000072786,0.0
ENSG00000077522,0.0
ENSG00000158163,0.0
ENSG00000174547,0.0
ENSG00000113361,0.0
ENSG00000254959,0.0
ENSG00000133619,0.0
ENSG00000148948,0.0
ENSG00000125450,0.0
ENSG00000141425,0.0
ENSG00000127311,0.0
ENSG00000119718,0.0
ENSG00000164332,0.0
ENSG00000270141,0.0
ENSG00000112782,0.0
ENSG00000105122,0.0
ENSG00000066135,0.0
ENSG00000144771,0.0
ENSG00000264668,0.0
ENSG00000215853,0.0
ENSG00000169696,0.0
ENSG00000105784,0.0
ENSG00000125170,0.0
ENSG00000004864,0.0
ENSG00000164877,0.0
ENSG00000148297,0.0
ENSG00000187908,0.0
ENSG00000204977,0.0
ENSG00000178449,0.0
ENSG00000215644,0.0
ENSG00000243238,0.0
ENSG00000130311,0.0
ENSG00000257207,0.0
ENSG00000076321,0.0
ENSG00000157510,0.0
ENSG00000163909,0.0
ENSG00000152620,0.0
ENSG00000136827,0.0
ENSG00000004846,0.0
ENSG00000068971,0.0
ENSG00000115705,0.0
ENSG00000121335,0.0
ENSG00000185742,0.0
ENSG00000196139,0.0
ENSG00000276612,0.0
ENSG00000149923,0.0
ENSG00000132286,0.0
ENSG00000278847,0.0
ENSG00000008196,0.0
ENSG00000158578,0.0
ENSG00000183715,0.0
ENSG00000105298,0.0
ENSG00000116731,0.0
ENSG00000009790,0.0
ENSG00000169862,0.0
ENSG00000127419,0.0
ENSG00000205238,0.0
ENSG00000135077,0.0
ENSG00000186352,0.0
ENSG00000170852,0.0
ENSG00000116096,0.0
ENSG00000125375,0.0
ENSG00000167895,0.0
ENSG00000120057,0.0
ENSG00000284952,0.0
ENSG00000280291,0.0
ENSG00000117751,0.0
ENSG00000168918,0.0
ENSG00000141485,0.0
ENSG00000138442,0.0
ENSG00000006453,0.0
ENSG00000183597,0.0
ENSG00000078699,0.0
ENSG00000136940,0.0
ENSG00000072121,0.0
ENSG00000197818,0.0
ENSG00000111424,0.0
ENSG00000197780,0.0
ENSG00000166313,0.0
ENSG00000198019,0.0
ENSG00000083067,0.0
ENSG00000110427,0.0
ENSG00000111231,0.0
ENSG00000130755,0.0
ENSG00000164733,0.0
ENSG00000069020,0.0
ENSG00000177694,0.0
ENSG00000167566,0.0
ENSG00000232810,0.0
ENSG00000100865,0.0
ENSG00000115514,0.0
ENSG00000229236,0.0
ENSG00000145113,0.0
ENSG00000011347,0.0
ENSG00000185189,0.0
ENSG00000198753,0.0
ENSG00000168824,0.0
ENSG00000123427,0.0
ENSG00000167208,0.0
ENSG00000153253,0.0
ENSG00000256966,0.0
ENSG00000110442,0.0
ENSG00000100401,0.0
ENSG00000157514,0.0
ENSG00000137502,0.0
ENSG00000130176,0.0
ENSG00000124380,0.0
ENSG00000267665,0.0
ENSG00000236120,0.0
ENSG00000129159,0.0
ENSG00000104825,0.0
ENSG00000171368,0.0
ENSG00000221857,0.0
ENSG00000132872,0.0
ENSG00000196470,0.0
ENSG00000130592,0.0
ENSG00000171497,0.0
ENSG00000259529,0.0
ENSG00000110801,0.0
ENSG00000081041,0.0
ENSG00000038295,0.0
ENSG00000163558,0.0
ENSG00000267013,0.0
ENSG00000144488,0.0
ENSG00000140905,0.0
ENSG00000205038,0.0
ENSG00000107551,0.0
ENSG00000198270,0.0
ENSG00000108306,0.0
ENSG00000205056,0.0
ENSG00000284969,0.0
ENSG00000116183,0.0
ENSG00000110497,0.0
ENSG00000169925,0.0
ENSG00000008438,0.0
ENSG00000213523,0.0
ENSG00000129158,0.0
ENSG00000091009,0.0
ENSG00000255104,0.0
ENSG00000136689,0.0
ENSG00000167985,0.0
ENSG00000137501,0.0
ENSG00000261427,0.0
ENSG00000228315,0.0
ENSG00000183336,0.0
ENSG00000122254,0.0
ENSG00000135372,0.0
ENSG00000138079,0.0
ENSG00000073737,0.0
ENSG00000250305,0.0
ENSG00000130304,0.0
ENSG00000204348,0.0
ENSG00000156858,0.0
ENSG00000233005,0.0
ENSG00000099282,0.0
ENSG00000151292,0.0
ENSG00000275066,0.0
ENSG00000237943,0.0
ENSG00000035115,0.0
ENSG00000101132,0.0
ENSG00000165548,0.0
ENSG00000276729,0.0
ENSG00000145506,0.0
ENSG00000100351,0.0
ENSG00000140553,0.0
ENSG00000165806,0.0
ENSG00000180658,0.0
ENSG00000166510,0.0
ENSG00000129534,0.0
ENSG00000158467,0.0
ENSG00000249967,0.0
ENSG00000284922,0.0
ENSG00000115568,0.0
ENSG00000224373,0.0
ENSG00000269570,0.0
ENSG00000198886,0.0
ENSG00000134460,0.0
ENSG00000124493,0.0
ENSG00000268643,0.0
ENSG00000125812,0.0
ENSG00000089094,0.0
ENSG00000166971,0.0
ENSG00000151623,0.0
ENSG00000151023,0.0
ENSG00000165661,0.0
ENSG00000250208,0.0
ENSG00000162065,0.0
ENSG00000276085,0.0
ENSG00000111196,0.0
ENSG00000179151,0.0
ENSG00000130856,0.0
ENSG00000137818,0.0
ENSG00000126895,0.0
ENSG00000168676,0.0
ENSG00000105509,0.0
ENSG00000278196,0.0
ENSG00000183530,0.0
ENSG00000127074,0.0
ENSG00000090432,0.0
ENSG00000152910,0.0
ENSG00000262732,0.0
ENSG00000186367,0.0
ENSG00000118181,0.0
ENSG00000239998,0.0
ENSG00000129472,0.0
ENSG00000148357,0.0
ENSG00000147130,0.0
ENSG00000070423,0.0
ENSG00000267432,0.0
ENSG00000130307,0.0
ENSG00000136535,0.0
ENSG00000275793,0.0
ENSG00000082684,0.0
ENSG00000067715,0.0
ENSG00000144820,0.0
ENSG00000119953,0.0
ENSG00000231106,0.0
ENSG00000204104,0.0
ENSG00000146147,0.0
ENSG00000152049,0.0
ENSG00000204252,0.0
ENSG00000171503,0.0
ENSG00000067225,0.0
ENSG00000259439,0.0
ENSG00000285338,0.0
ENSG00000228748,0.0
ENSG00000234147,0.0
ENSG00000145194,0.0
ENSG00000198796,0.0
ENSG00000170214,0.0
ENSG00000132031,0.0
ENSG00000239775,0.0
ENSG00000212694,0.0
ENSG00000079313,0.0
ENSG00000173846,0.0
ENSG00000255339,0.0
ENSG00000146755,0.0
ENSG00000183520,0.0
ENSG00000267605,0.0
ENSG00000257550,0.0
ENSG00000154529,0.0
ENSG00000185219,0.0
ENSG00000134597,0.0
ENSG00000142396,0.0
ENSG00000272917,0.0
ENSG00000117408,0.0
ENSG00000248235,0.0
ENSG00000165091,0.0
ENSG00000181827,0.0
ENSG00000139154,0.0
ENSG00000183684,0.0
ENSG00000144034,0.0
ENSG00000100427,0.0
ENSG00000035664,0.0
ENSG00000118245,0.0
ENSG00000163606,0.0
ENSG00000234431,0.0
ENSG00000160563,0.0
ENSG00000151790,0.0
ENSG00000284376,0.0
ENSG00000231721,0.0
ENSG00000180785,0.0
ENSG00000136811,0.0
ENSG00000130695,0.0
ENSG00000174744,0.0
ENSG00000171219,0.0
ENSG00000102030,0.0
ENSG00000106608,0.0
ENSG00000197822,0.0
ENSG00000103449,0.0
ENSG00000112237,0.0
ENSG00000257335,0.0
ENSG00000101439,0.0
ENSG00000247228,0.0
ENSG00000248441,0.0
ENSG00000112992,0.0
ENSG00000143376,0.0
ENSG00000256377,0.0
ENSG00000129925,0.0
ENSG00000233651,0.0
ENSG00000215866,0.0
ENSG00000110925,0.0
ENSG00000092200,0.0
ENSG00000183775,0.0
ENSG00000167658,0.0
ENSG00000169313,0.0
ENSG00000108106,0.0
ENSG00000168995,0.0
ENSG00000176253,0.0
ENSG00000136504,0.0
ENSG00000277971,0.0
ENSG00000231074,0.0
ENSG00000053371,0.0
ENSG00000267699,0.0
ENSG00000118946,0.0
ENSG00000180071,0.0
ENSG00000163394,0.0
ENSG00000164736,0.0
ENSG00000160746,0.0
ENSG00000183914,0.0
ENSG00000136824,0.0
ENSG00000187664,0.0
ENSG00000187608,0.0
ENSG00000082212,0.0
ENSG00000162009,0.0
ENSG00000260566,0.0
ENSG00000101057,0.0
ENSG00000149929,0.0
ENSG00000113595,0.0
ENSG00000018280,0.0
ENSG00000180644,0.0
ENSG00000169442,0.0
ENSG00000103415,0.0
ENSG00000273727,0.0
ENSG00000147676,0.0
ENSG00000145934,0.0
ENSG00000139977,0.0
ENSG00000198216,0.0
ENSG00000244734,0.0
ENSG00000146802,0.0
ENSG00000116497,0.0
ENSG00000100324,0.0
ENSG00000134574,0.0
ENSG00000146063,0.0
ENSG00000125630,0.0
ENSG00000196177,0.0
ENSG00000137449,0.0
ENSG00000177098,0.0
ENSG00000117528,0.0
ENSG00000278144,0.0
ENSG00000183807,0.0
ENSG00000169740,0.0
ENSG00000251562,0.0
ENSG00000130032,0.0
ENSG00000081138,0.0
ENSG00000169689,0.0
ENSG00000104237,0.0
ENSG00000263464,0.0
ENSG00000008283,0.0
ENSG00000163132,0.0
ENSG00000196218,0.0
ENSG00000143553,0.0
ENSG00000064102,0.0
ENSG00000273906,0.0
ENSG00000258724,0.0
ENSG00000285292,0.0
ENSG00000100625,0.0
ENSG00000020922,0.0
ENSG00000256950,0.0
ENSG00000171135,0.0
ENSG00000139352,0.0
ENSG00000157450,0.0
ENSG00000215256,0.0
ENSG00000163545,0.0
ENSG00000284826,0.0
ENSG00000158050,0.0
ENSG00000197852,0.0
ENSG00000181617,0.0
ENSG00000042980,0.0
ENSG00000170584,0.0
ENSG00000213648,0.0
ENSG00000163840,0.0
ENSG00000211653,0.0
ENSG00000122729,0.0
ENSG00000259134,0.0
ENSG00000262814,0.0
ENSG00000206418,0.0
ENSG00000116679,0.0
ENSG00000242441,0.0
ENSG00000260440,0.0
ENSG00000150991,0.0
ENSG00000154451,0.0
ENSG00000284820,0.0
ENSG00000130749,0.0
ENSG00000121552,0.0
ENSG00000134115,0.0
ENSG00000087157,0.0
ENSG00000181830,0.0
ENSG00000071909,0.0
ENSG00000133731,0.0
ENSG00000142856,0.0
ENSG00000100592,0.0
ENSG00000218018,0.0
ENSG00000156194,0.0
ENSG00000114349,0.0
ENSG00000174038,0.0
ENSG00000159753,0.0
ENSG00000217128,0.0
ENSG00000277027,0.0
ENSG00000204131,0.0
ENSG00000115896,0.0
ENSG00000164114,0.0
ENSG00000176049,0.0
ENSG00000116833,0.0
ENSG00000132024,0.0
ENSG00000020426,0.0
ENSG00000140284,0.0
ENSG00000198570,0.0
ENSG00000145990,0.0
ENSG00000146066,0.0
ENSG00000127948,0.0
ENSG00000113532,0.0
ENSG00000204632,0.0
ENSG00000184305,0.0
ENSG00000092377,0.0
ENSG00000135916,0.0
ENSG00000278817,0.0
ENSG00000124440,0.0
ENSG00000138411,0.0
ENSG00000171873,0.0
ENSG00000117245,0.0
ENSG00000078487,0.0
ENSG00000173992,0.0
ENSG00000160783,0.0
ENSG00000120088,0.0
ENSG00000109066,0.0
ENSG00000007350,0.0
ENSG00000267680,0.0
ENSG00000275740,0.0
ENSG00000184923,0.0
ENSG00000101187,0.0
ENSG00000143179,0.0
ENSG00000160613,0.0
ENSG00000187987,0.0
ENSG00000205629,0.0
ENSG00000272620,0.0
ENSG00000099139,0.0
ENSG00000133805,0.0
ENSG00000114279,0.0
ENSG00000117009,0.0
ENSG00000007047,0.0
ENSG00000196242,0.0
ENSG00000123496,0.0
ENSG00000142409,0.0
ENSG00000139323,0.0
ENSG00000130988,0.0
ENSG00000281991,0.0
ENSG00000171940,0.0
ENSG00000107560,0.0
ENSG00000155959,0.0
ENSG00000114503,0.0
ENSG00000136404,0.0
ENSG00000274588,0.0
ENSG00000185559,0.0
ENSG00000136099,0.0
ENSG00000171033,0.0
ENSG00000184281,0.0
ENSG00000256223,0.0
ENSG00000141030,0.0
ENSG00000138778,0.0
ENSG00000147647,0.0
ENSG00000102290,0.0
ENSG00000235020,0.0
ENSG00000248771,0.0
ENSG00000151025,0.0
ENSG00000211662,0.0
ENSG00000079385,0.0
ENSG00000011566,0.0
ENSG00000082068,0.0
ENSG00000266953,0.0
ENSG00000196950,0.0
ENSG00000155816,0.0
ENSG00000148308,0.0
ENSG00000259129,0.0
ENSG00000176903,0.0
ENSG00000174527,0.0
ENSG00000103591,0.0
ENSG00000115421,0.0
ENSG00000105374,0.0
ENSG00000163347,0.0
ENSG00000187792,0.0
ENSG00000164742,0.0
ENSG00000138018,0.0
ENSG00000140545,0.0
ENSG00000204178,0.0
ENSG00000108395,0.0
ENSG00000002745,0.0
ENSG00000068120,0.0
ENSG00000052749,0.0
ENSG00000083457,0.0
ENSG00000276101,0.0
ENSG00000168286,0.0
ENSG00000273167,0.0
ENSG00000005844,0.0
ENSG00000114670,0.0
ENSG00000198001,0.0
ENSG00000080298,0.0
ENSG00000105088,0.0
ENSG00000169762,0.0
ENSG00000172789,0.0
ENSG00000185565,0.0
ENSG00000115523,0.0
ENSG00000284041,0.0
ENSG00000188517,0.0
ENSG00000223496,0.0
ENSG00000159884,0.0
ENSG00000275302,0.0
ENSG00000125447,0.0
ENSG00000164818,0.0
ENSG00000100564,0.0
ENSG00000138795,0.0
ENSG00000118402,0.0
ENSG00000173171,0.0
ENSG00000146192,0.0
ENSG00000065057,0.0
ENSG00000101144,0.0
ENSG00000272864,0.0
ENSG00000166619,0.0
ENSG00000061918,0.0
ENSG00000116221,0.0
ENSG00000084693,0.0
ENSG00000136908,0.0
ENSG00000271723,0.0
ENSG00000057935,0.0
ENSG00000111727,0.0
ENSG00000198938,0.0
ENSG00000143196,0.0
ENSG00000168309,0.0
ENSG00000285476,0.0
ENSG00000063015,0.0
ENSG00000134259,0.0
ENSG00000138772,0.0
ENSG00000196482,0.0
ENSG00000197993,0.0
ENSG00000067191,0.0
ENSG00000144339,0.0
ENSG00000177406,0.0
ENSG00000243646,0.0
ENSG00000237080,0.0
ENSG00000185339,0.0
ENSG00000104522,0.0
ENSG00000142606,0.0
ENSG00000180934,0.0
ENSG00000143499,0.0
ENSG00000105793,0.0
ENSG00000076604,0.0
ENSG00000211644,0.0
ENSG00000283201,0.0
ENSG00000166111,0.0
ENSG00000241345,0.0
ENSG00000157064,0.0
ENSG00000115274,0.0
ENSG00000107831,0.0
ENSG00000171388,0.0
ENSG00000100316,0.0
ENSG00000080608,0.0
ENSG00000129566,0.0
ENSG00000135451,0.0
ENSG00000272379,0.0
ENSG00000077044,0.0
ENSG00000115286,0.0
ENSG00000178028,0.0
ENSG00000110172,0.0
ENSG00000110680,0.0
ENSG00000104973,0.0
ENSG00000180228,0.0
ENSG00000114738,0.0
ENSG00000279693,0.0
ENSG00000198185,0.0
ENSG00000073803,0.0
ENSG00000282033,0.0
ENSG00000166105,0.0
ENSG00000136371,0.0
ENSG00000207721,0.0
ENSG00000147257,0.0
ENSG00000103534,0.0
ENSG00000204482,0.0
ENSG00000149313,0.0
ENSG00000139354,0.0
ENSG00000161813,0.0
ENSG00000168883,0.0
ENSG00000198682,0.0
ENSG00000196132,0.0
ENSG00000104957,0.0
ENSG00000109511,0.0
ENSG00000134061,0.0
ENSG00000272573,0.0
ENSG00000102313,0.0
ENSG00000155428,0.0
ENSG00000243725,0.0
ENSG00000168397,0.0
ENSG00000155313,0.0
ENSG00000144840,0.0
ENSG00000229183,0.0
ENSG00000122643,0.0
ENSG00000268533,0.0
ENSG00000174837,0.0
ENSG00000260027,0.0
ENSG00000275835,0.0
ENSG00000166796,0.0
ENSG00000101104,0.0
ENSG00000112305,0.0
ENSG00000112306,0.0
ENSG00000233038,0.0
ENSG00000105376,0.0
ENSG00000150630,0.0
ENSG00000139974,0.0
ENSG00000146453,0.0
ENSG00000277693,0.0
ENSG00000166317,0.0
ENSG00000066422,0.0
ENSG00000240563,0.0
ENSG00000250786,0.0
ENSG00000226155,0.0
ENSG00000176165,0.0
ENSG00000246851,0.0
ENSG00000183778,0.0
ENSG00000271447,0.0
ENSG00000136710,0.0
ENSG00000147454,0.0
ENSG00000180902,0.0
ENSG00000138286,0.0
ENSG00000160959,0.0
ENSG00000196850,0.0
ENSG00000103355,0.0
ENSG00000263276,0.0
ENSG00000053108,0.0
ENSG00000088451,0.0
ENSG00000214787,0.0
ENSG00000188676,0.0
ENSG00000188223,0.0
ENSG00000143947,0.0
ENSG00000006756,0.0
ENSG00000196154,0.0
ENSG00000198838,0.0
ENSG00000266036,0.0
ENSG00000149948,0.0
ENSG00000242498,0.0
ENSG00000268500,0.0
ENSG00000128815,0.0
ENSG00000186105,0.0
ENSG00000075240,0.0
ENSG00000072952,0.0
ENSG00000141574,0.0
ENSG00000267022,0.0
ENSG00000273976,0.0
ENSG00000105419,0.0
ENSG00000222032,0.0
ENSG00000229743,0.0
ENSG00000053918,0.0
ENSG00000100605,0.0
ENSG00000152785,0.0
ENSG00000230542,0.0
ENSG00000149527,0.0
ENSG00000185101,0.0
ENSG00000188611,0.0
ENSG00000145020,0.0
ENSG00000197265,0.0
ENSG00000007264,0.0
ENSG00000150471,0.0
ENSG00000132467,0.0
ENSG00000274226,0.0
ENSG00000163814,0.0
ENSG00000267179,0.0
ENSG00000171469,0.0
ENSG00000285220,0.0
ENSG00000255072,0.0
ENSG00000255292,0.0
ENSG00000007062,0.0
ENSG00000137975,0.0
ENSG00000091129,0.0
ENSG00000196209,0.0
ENSG00000258210,0.0
ENSG00000152495,0.0
ENSG00000167721,0.0
ENSG00000172548,0.0
ENSG00000184922,0.0
ENSG00000127324,0.0
ENSG00000154760,0.0
ENSG00000111087,0.0
ENSG00000071967,0.0
ENSG00000186106,0.0
ENSG00000278974,0.0
ENSG00000198624,0.0
ENSG00000178031,0.0
ENSG00000152213,0.0
ENSG00000168701,0.0
ENSG00000174989,0.0
ENSG00000196636,0.0
ENSG00000104059,0.0
ENSG00000235194,0.0
ENSG00000197558,0.0
ENSG00000173406,0.0
ENSG00000185829,0.0
ENSG00000149781,0.0
ENSG00000272104,0.0
ENSG00000260458,0.0
ENSG00000175463,0.0
ENSG00000196497,0.0
ENSG00000109436,0.0
ENSG00000166377,0.0
ENSG00000104442,0.0
ENSG00000219438,0.0
ENSG00000215041,0.0
ENSG00000119535,0.0
ENSG00000284697,0.0
ENSG00000126550,0.0
ENSG00000009765,0.0
ENSG00000227517,0.0
ENSG00000215039,0.0
ENSG00000273015,0.0
ENSG00000210164,0.0
ENSG00000276231,0.0
ENSG00000105854,0.0
ENSG00000141560,0.0
ENSG00000155269,0.0
ENSG00000043039,0.0
ENSG00000063127,0.0
ENSG00000007516,0.0
ENSG00000147570,0.0
ENSG00000125386,0.0
ENSG00000184292,0.0
ENSG00000147586,0.0
ENSG00000186439,0.0
ENSG00000140030,0.0
ENSG00000100296,0.0
ENSG00000219545,0.0
ENSG00000099910,0.0
ENSG00000198547,0.0
ENSG00000130150,0.0
ENSG00000168421,0.0
ENSG00000250697,0.0
ENSG00000149596,0.0
ENSG00000181804,0.0
ENSG00000141837,0.0
ENSG00000119725,0.0
ENSG00000130477,0.0
ENSG00000257390,0.0
ENSG00000171522,0.0
ENSG00000225383,0.0
ENSG00000280660,0.0
ENSG00000172262,0.0
ENSG00000101019,0.0
ENSG00000106780,0.0
ENSG00000159596,0.0
ENSG00000276289,0.0
ENSG00000105778,0.0
ENSG00000174748,0.0
ENSG00000136235,0.0
ENSG00000167842,0.0
ENSG00000264501,0.0
ENSG00000075651,0.0
ENSG00000137558,0.0
ENSG00000276644,0.0
ENSG00000163684,0.0
ENSG00000115155,0.0
ENSG00000122912,0.0
ENSG00000181234,0.0
ENSG00000267055,0.0
ENSG00000100346,0.0
ENSG00000102048,0.0
ENSG00000178700,0.0
ENSG00000113905,0.0
ENSG00000143552,0.0
ENSG00000165891,0.0
ENSG00000100084,0.0
ENSG00000272936,0.0
ENSG00000258466,0.0
ENSG00000276017,0.0
ENSG00000167195,0.0
ENSG00000180694,0.0
ENSG00000116138,0.0
ENSG00000223745,0.0
ENSG00000131069,0.0
ENSG00000179115,0.0
ENSG00000120280,0.0
ENSG00000108511,0.0
ENSG00000263809,0.0
ENSG00000131951,0.0
ENSG00000175745,0.0
ENSG00000011523,0.0
ENSG00000229859,0.0
ENSG00000185046,0.0
ENSG00000227039,0.0
ENSG00000153283,0.0
ENSG00000255071,0.0
ENSG00000180263,0.0
ENSG00000064313,0.0
ENSG00000132970,0.0
ENSG00000145494,0.0
ENSG00000213203,0.0
ENSG00000272916,0.0
ENSG00000086619,0.0
ENSG00000130158,0.0
ENSG00000267206,0.0
ENSG00000214827,0.0
ENSG00000164393,0.0
ENSG00000142082,0.0
ENSG00000265401,0.0
ENSG00000138180,0.0
ENSG00000105767,0.0
ENSG00000162825,0.0
ENSG00000266988,0.0
ENSG00000178033,0.0
ENSG00000101542,0.0
ENSG00000203685,0.0
ENSG00000140678,0.0
ENSG00000172572,0.0
ENSG00000148572,0.0
ENSG00000254584,0.0
ENSG00000139211,0.0
ENSG00000213995,0.0
ENSG00000237531,0.0
ENSG00000127445,0.0
ENSG00000144736,0.0
ENSG00000206127,0.0
ENSG00000163154,0.0
ENSG00000279632,0.0
ENSG00000103852,0.0
ENSG00000226812,0.0
ENSG00000090061,0.0
ENSG00000177303,0.0
ENSG00000141434,0.0
ENSG00000272010,0.0
ENSG00000138777,0.0
ENSG00000089048,0.0
ENSG00000141753,0.0
ENSG00000125846,0.0
ENSG00000135116,0.0
ENSG00000129173,0.0
ENSG00000213672,0.0
ENSG00000250120,0.0
ENSG00000164068,0.0
ENSG00000109079,0.0
ENSG00000172995,0.0
ENSG00000172014,0.0
ENSG00000172985,0.0
ENSG00000233862,0.0
ENSG00000123395,0.0
ENSG00000188056,0.0
ENSG00000254415,0.0
ENSG00000269028,0.0
ENSG00000141052,0.0
ENSG00000213471,0.0
ENSG00000224397,0.0
ENSG00000265303,0.0
ENSG00000214193,0.0
ENSG00000123560,0.0
ENSG00000165186,0.0
ENSG00000249141,0.0
ENSG00000122882,0.0
ENSG00000127084,0.0
ENSG00000129682,0.0
ENSG00000158716,0.0
ENSG00000158481,0.0
ENSG00000242221,0.0
ENSG00000282608,0.0
ENSG00000173110,0.0
ENSG00000167508,0.0
ENSG00000180777,0.0
ENSG00000170627,0.0
ENSG00000086200,0.0
ENSG00000169031,0.0
ENSG00000154227,0.0
ENSG00000187922,0.0
ENSG00000274422,0.0
ENSG00000139826,0.0
ENSG00000247809,0.0
ENSG00000107897,0.0
ENSG00000106524,0.0
ENSG00000158555,0.0
ENSG00000130589,0.0
ENSG00000170324,0.0
ENSG00000261222,0.0
ENSG00000204070,0.0
ENSG00000122644,0.0
ENSG00000137270,0.0
ENSG00000108825,0.0
ENSG00000184811,0.0
ENSG00000097021,0.0
ENSG00000111358,0.0
ENSG00000168993,0.0
ENSG00000134757,0.0
ENSG00000235106,0.0
ENSG00000103316,0.0
ENSG00000149308,0.0
ENSG00000164008,0.0
ENSG00000145649,0.0
ENSG00000105227,0.0
ENSG00000265735,0.0
ENSG00000153684,0.0
ENSG00000170790,0.0
ENSG00000163734,0.0
ENSG00000122548,0.0
ENSG00000086205,0.0
ENSG00000264813,0.0
ENSG00000164776,0.0
ENSG00000163348,0.0
ENSG00000001461,0.0
ENSG00000173898,0.0
ENSG00000113805,0.0
ENSG00000238227,0.0
ENSG00000142621,0.0
ENSG00000244274,0.0
ENSG00000009950,0.0
ENSG00000101343,0.0
ENSG00000200169,0.0
ENSG00000124019,0.0
ENSG00000019485,0.0
ENSG00000253123,0.0
ENSG00000259112,0.0
ENSG00000283597,0.0
ENSG00000215784,0.0
ENSG00000248015,0.0
ENSG00000158793,0.0
ENSG00000212195,0.0
ENSG00000178307,0.0
ENSG00000157330,0.0
ENSG00000280064,0.0
ENSG00000266929,0.0
ENSG00000187243,0.0
ENSG00000107742,0.0
ENSG00000170091,0.0
ENSG00000182372,0.0
ENSG00000177324,0.0
ENSG00000169439,0.0
ENSG00000166573,0.0
ENSG00000197971,0.0
ENSG00000181085,0.0
ENSG00000180767,0.0
ENSG00000262304,0.0
ENSG00000134539,0.0
ENSG00000273110,0.0
ENSG00000182481,0.0
ENSG00000260337,0.0
ENSG00000118600,0.0
ENSG00000185127,0.0
ENSG00000248643,0.0
ENSG00000188803,0.0
ENSG00000090612,0.0
ENSG00000251226,0.0
ENSG00000258819,0.0
ENSG00000162267,0.0
ENSG00000100297,0.0
ENSG00000074706,0.0
ENSG00000121289,0.0
ENSG00000280165,0.0
ENSG00000257365,0.0
ENSG00000169604,0.0
ENSG00000155761,0.0
ENSG00000189186,0.0
ENSG00000143797,0.0
ENSG00000163541,0.0
ENSG00000284554,0.0
ENSG00000258479,0.0
ENSG00000095596,0.0
ENSG00000272162,0.0
ENSG00000175110,0.0
ENSG00000181019,0.0
ENSG00000103496,0.0
ENSG00000106484,0.0
ENSG00000196588,0.0
ENSG00000125851,0.0
ENSG00000072041,0.0
ENSG00000108094,0.0
ENSG00000136720,0.0
ENSG00000211660,0.0
ENSG00000131831,0.0
ENSG00000173391,0.0
ENSG00000186529,0.0
ENSG00000169860,0.0
ENSG00000144837,0.0
ENSG00000169994,0.0
ENSG00000282890,0.0
ENSG00000070601,0.0
ENSG00000162738,0.0
ENSG00000205744,0.0
ENSG00000186265,0.0
ENSG00000162928,0.0
ENSG00000196993,0.0
ENSG00000102466,0.0
ENSG00000167861,0.0
ENSG00000204970,0.0
ENSG00000050748,0.0
ENSG00000034239,0.0
ENSG00000232682,0.0
ENSG00000078725,0.0
ENSG00000255439,0.0
ENSG00000201801,0.0
ENSG00000033867,0.0
ENSG00000235531,0.0
ENSG00000143171,0.0
ENSG00000225706,0.0
ENSG00000231192,0.0
ENSG00000204386,0.0
ENSG00000081277,0.0
ENSG00000078124,0.0
ENSG00000230910,0.0
ENSG00000106113,0.0
ENSG00000120341,0.0
ENSG00000251003,0.0
ENSG00000101210,0.0
ENSG00000225339,0.0
ENSG00000147439,0.0
ENSG00000177105,0.0
ENSG00000161681,0.0
ENSG00000011677,0.0
ENSG00000108700,0.0
ENSG00000161939,0.0
ENSG00000176635,0.0
ENSG00000117595,0.0
ENSG00000137731,0.0
ENSG00000204287,0.0
ENSG00000136546,0.0
ENSG00000231419,0.0
ENSG00000210107,0.0
ENSG00000164100,0.0
ENSG00000141449,0.0
ENSG00000170634,0.0
ENSG00000047578,0.0
ENSG00000212747,0.0
ENSG00000185000,0.0
ENSG00000143195,0.0
ENSG00000160194,0.0
ENSG00000139767,0.0
ENSG00000202538,0.0
ENSG00000285000,0.0
ENSG00000118985,0.0
ENSG00000248329,0.0
ENSG00000108684,0.0
ENSG00000205502,0.0
ENSG00000172915,0.0
ENSG00000184481,0.0
ENSG00000167210,0.0
ENSG00000140749,0.0
ENSG00000111913,0.0
ENSG00000142279,0.0
ENSG00000179409,0.0
ENSG00000007129,0.0
ENSG00000284491,0.0
ENSG00000283549,0.0
ENSG00000214944,0.0
ENSG00000241326,0.0
ENSG00000166183,0.0
ENSG00000254258,0.0
ENSG00000168404,0.0
ENSG00000064787,0.0
ENSG00000171885,0.0
ENSG00000186019,0.0
ENSG00000163319,0.0
ENSG00000125780,0.0
ENSG00000164708,0.0
ENSG00000257366,0.0
ENSG00000211947,0.0
ENSG00000021645,0.0
ENSG00000275894,0.0
ENSG00000201558,0.0
ENSG00000110717,0.0
ENSG00000225206,0.0
ENSG00000089486,0.0
ENSG00000173083,0.0
ENSG00000167077,0.0
ENSG00000132975,0.0
ENSG00000245848,0.0
ENSG00000261130,0.0
ENSG00000215114,0.0
ENSG00000108528,0.0
ENSG00000164237,0.0
ENSG00000240521,0.0
ENSG00000152582,0.0
ENSG00000117525,0.0
ENSG00000181610,0.0
ENSG00000163046,0.0
ENSG00000238083,0.0
ENSG00000184908,0.0
ENSG00000197958,0.0
ENSG00000131437,0.0
ENSG00000135750,0.0
ENSG00000092931,0.0
ENSG00000091157,0.0
ENSG00000163864,0.0
ENSG00000134443,0.0
ENSG00000284048,0.0
ENSG00000230453,0.0
ENSG00000232464,0.0
ENSG00000235641,0.0
ENSG00000115602,0.0
ENSG00000197062,0.0
ENSG00000198804,0.0
ENSG00000173950,0.0
ENSG00000178209,0.0
ENSG00000105127,0.0
ENSG00000140379,0.0
ENSG00000254995,0.0
ENSG00000150093,0.0
ENSG00000205336,0.0
ENSG00000170180,0.0
ENSG00000284829,0.0
ENSG00000084628,0.0
ENSG00000140478,0.0
ENSG00000250072,0.0
ENSG00000148606,0.0
ENSG00000213424,0.0
ENSG00000146842,0.0
ENSG00000082781,0.0
ENSG00000103546,0.0
ENSG00000105849,0.0
ENSG00000147689,0.0
ENSG00000259884,0.0
ENSG00000203805,0.0
ENSG00000064419,0.0
ENSG00000267143,0.0
ENSG00000096872,0.0
ENSG00000270154,0.0
ENSG00000179855,0.0
ENSG00000214265,0.0
ENSG00000213614,0.0
ENSG00000274978,0.0
ENSG00000118557,0.0
ENSG00000198113,0.0
ENSG00000236263,0.0
ENSG00000136478,0.0
ENSG00000139132,0.0
ENSG00000107872,0.0
ENSG00000173226,0.0
ENSG00000067842,0.0
ENSG00000188015,0.0
ENSG00000144451,0.0
ENSG00000135094,0.0
ENSG00000088543,0.0
ENSG00000113916,0.0
ENSG00000181924,0.0
ENSG00000161970,0.0
ENSG00000075891,0.0
ENSG00000084092,0.0
ENSG00000134871,0.0
ENSG00000127952,0.0
ENSG00000122140,0.0
ENSG00000164604,0.0
ENSG00000064651,0.0
ENSG00000152583,0.0
ENSG00000199568,0.0
ENSG00000147604,0.0
ENSG00000170448,0.0
ENSG00000175581,0.0
ENSG00000197322,0.0
ENSG00000231826,0.0
ENSG00000223534,0.0
ENSG00000162836,0.0
ENSG00000187527,0.0
ENSG00000069493,0.0
ENSG00000196363,0.0
ENSG00000259724,0.0
ENSG00000242375,0.0
ENSG00000134897,0.0
ENSG00000147679,0.0
ENSG00000108622,0.0
ENSG00000236963,0.0
ENSG00000163694,0.0
ENSG00000165023,0.0
ENSG00000179406,0.0
ENSG00000197756,0.0
ENSG00000197747,0.0
ENSG00000011028,0.0
ENSG00000259868,0.0
ENSG00000164935,0.0
ENSG00000105707,0.0
ENSG00000110057,0.0
ENSG00000085382,0.0
ENSG00000099985,0.0
ENSG00000170502,0.0
ENSG00000095209,0.0
ENSG00000138380,0.0
ENSG00000112763,0.0
ENSG00000168010,0.0
ENSG00000165572,0.0
ENSG00000118503,0.0
ENSG00000166167,0.0
ENSG00000186204,0.0
ENSG00000222009,0.0
ENSG00000185689,0.0
ENSG00000129467,0.0
ENSG00000129990,0.0
ENSG00000253939,0.0
ENSG00000187486,0.0
ENSG00000149557,0.0
ENSG00000181215,0.0
ENSG00000259001,0.0
ENSG00000188486,0.0
ENSG00000016602,0.0
ENSG00000161896,0.0
ENSG00000255871,0.0
ENSG00000168671,0.0
ENSG00000076826,0.0
ENSG00000284934,0.0
ENSG00000164930,0.0
ENSG00000171204,0.0
ENSG00000100023,0.0
ENSG00000132517,0.0
ENSG00000182866,0.0
ENSG00000196510,0.0
ENSG00000048028,0.0
ENSG00000229089,0.0
ENSG00000042429,0.0
ENSG00000187122,0.0
ENSG00000162692,0.0
ENSG00000234719,0.0
ENSG00000159173,0.0
ENSG00000170276,0.0
ENSG00000156970,0.0
ENSG00000078177,0.0
ENSG00000145335,0.0
ENSG00000275620,0.0
ENSG00000253308,0.0
ENSG00000101974,0.0
ENSG00000123485,0.0
ENSG00000102144,0.0
ENSG00000109805,0.0
ENSG00000258525,0.0
ENSG00000172367,0.0
ENSG00000136250,0.0
ENSG00000132832,0.0
ENSG00000169900,0.0
ENSG00000184730,0.0
ENSG00000171714,0.0
ENSG00000227165,0.0
ENSG00000198105,0.0
ENSG00000163521,0.0
ENSG00000167749,0.0
ENSG00000273071,0.0
ENSG00000183389,0.0
ENSG00000187268,0.0
ENSG00000272912,0.0
ENSG00000248677,0.0
ENSG00000270249,0.0
ENSG00000242797,0.0
ENSG00000259426,0.0
ENSG00000187164,0.0
ENSG00000258873,0.0
ENSG00000106034,0.0
ENSG00000275954,0.0
ENSG00000091181,0.0
ENSG00000126838,0.0
ENSG00000278935,0.0
ENSG00000121446,0.0
ENSG00000165685,0.0
ENSG00000228862,0.0
ENSG00000135424,0.0
ENSG00000164970,0.0
ENSG00000284839,0.0
ENSG00000183691,0.0
ENSG00000262094,0.0
ENSG00000273694,0.0
ENSG00000273331,0.0
ENSG00000261147,0.0
ENSG00000152926,0.0
ENSG00000142303,0.0
ENSG00000120685,0.0
ENSG00000285441,0.0
ENSG00000068796,0.0
ENSG00000154319,0.0
ENSG00000151006,0.0
ENSG00000267952,0.0
ENSG00000173890,0.0
ENSG00000203710,0.0
ENSG00000251409,0.0
ENSG00000135845,0.0
ENSG00000112246,0.0
ENSG00000198522,0.0
ENSG00000260001,0.0
ENSG00000273338,0.0
ENSG00000137522,0.0
ENSG00000285509,0.0
ENSG00000006047,0.0
ENSG00000004948,0.0
ENSG00000258588,0.0
ENSG00000197769,0.0
ENSG00000197860,0.0
ENSG00000165304,0.0
ENSG00000142609,0.0
ENSG00000172987,0.0
ENSG00000242028,0.0
ENSG00000280650,0.0
ENSG00000144354,0.0
ENSG00000111783,0.0
ENSG00000267280,0.0
ENSG00000257529,0.0
ENSG00000146070,0.0
ENSG00000283632,0.0
ENSG00000110448,0.0
ENSG00000133640,0.0
ENSG00000134207,0.0
ENSG00000167037,0.0
ENSG00000185811,0.0
ENSG00000156886,0.0
ENSG00000112499,0.0
ENSG00000124356,0.0
ENSG00000171124,0.0
ENSG00000166446,0.0
ENSG00000072657,0.0
ENSG00000221866,0.0
ENSG00000153879,0.0
ENSG00000187116,0.0
ENSG00000236333,0.0
ENSG00000114491,0.0
ENSG00000105246,0.0
ENSG00000178462,0.0
ENSG00000170837,0.0
ENSG00000215375,0.0
ENSG00000137486,0.0
ENSG00000261872,0.0
ENSG00000066044,0.0
ENSG00000121350,0.0
ENSG00000037757,0.0
ENSG00000279598,0.0
ENSG00000186074,0.0
ENSG00000171049,0.0
ENSG00000197405,0.0
ENSG00000148468,0.0
ENSG00000248323,0.0
ENSG00000196337,0.0
ENSG00000240891,0.0
ENSG00000284977,0.0
ENSG00000186153,0.0
ENSG00000121742,0.0
ENSG00000284512,0.0
ENSG00000180061,0.0
ENSG00000168658,0.0
ENSG00000167657,0.0
ENSG00000164587,0.0
ENSG00000163995,0.0
ENSG00000197085,0.0
ENSG00000280186,0.0
ENSG00000100207,0.0
ENSG00000148943,0.0
ENSG00000101216,0.0
ENSG00000008394,0.0
ENSG00000125901,0.0
ENSG00000136634,0.0
ENSG00000088325,0.0
ENSG00000066697,0.0
ENSG00000171931,0.0
ENSG00000162849,0.0
ENSG00000157227,0.0
ENSG00000164330,0.0
ENSG00000173041,0.0
ENSG00000225731,0.0
ENSG00000171606,0.0
ENSG00000167536,0.0
ENSG00000167528,0.0
ENSG00000133107,0.0
ENSG00000277925,0.0
ENSG00000235890,0.0
ENSG00000271810,0.0
ENSG00000107242,0.0
ENSG00000156453,0.0
ENSG00000259332,0.0
ENSG00000161551,0.0
ENSG00000260005,0.0
ENSG00000150782,0.0
ENSG00000168481,0.0
ENSG00000153563,0.0
ENSG00000262660,0.0
ENSG00000285424,0.0
ENSG00000171004,0.0
ENSG00000164251,0.0
ENSG00000137648,0.0
ENSG00000143409,0.0
ENSG00000170312,0.0
ENSG00000082556,0.0
ENSG00000167965,0.0
ENSG00000283932,0.0
ENSG00000160087,0.0
ENSG00000198851,0.0
ENSG00000177984,0.0
ENSG00000163029,0.0
ENSG00000255027,0.0
ENSG00000124784,0.0
ENSG00000173678,0.0
ENSG00000258830,0.0
ENSG00000167173,0.0
ENSG00000163739,0.0
ENSG00000267122,0.0
ENSG00000253404,0.0
ENSG00000280153,0.0
ENSG00000160870,0.0
ENSG00000155252,0.0
ENSG00000140993,0.0
ENSG00000280571,0.0
ENSG00000111653,0.0
ENSG00000105048,0.0
ENSG00000129595,0.0
ENSG00000164756,0.0
ENSG00000272808,0.0
ENSG00000159217,0.0
ENSG00000258691,0.0
ENSG00000213413,0.0
ENSG00000074370,0.0
ENSG00000272509,0.0
ENSG00000279317,0.0
ENSG00000100335,0.0
ENSG00000226172,0.0
ENSG00000158156,0.0
ENSG00000185149,0.0
ENSG00000274227,0.0
ENSG00000242512,0.0
ENSG00000151116,0.0
ENSG00000187840,0.0
ENSG00000251569,0.0
ENSG00000004866,0.0
ENSG00000148411,0.0
ENSG00000226321,0.0
ENSG00000165730,0.0
ENSG00000068650,0.0
ENSG00000072818,0.0
ENSG00000232586,0.0
ENSG00000138326,0.0
ENSG00000143256,0.0
ENSG00000154118,0.0
ENSG00000158062,0.0
ENSG00000261512,0.0
ENSG00000206503,0.0
ENSG00000260532,0.0
ENSG00000159792,0.0
ENSG00000213999,0.0
ENSG00000262202,0.0
ENSG00000171044,0.0
ENSG00000196967,0.0
ENSG00000105447,0.0
ENSG00000268635,0.0
ENSG00000086548,0.0
ENSG00000163870,0.0
ENSG00000221836,0.0
ENSG00000007402,0.0
ENSG00000117724,0.0
ENSG00000272657,0.0
ENSG00000266644,0.0
ENSG00000133475,0.0
ENSG00000169435,0.0
ENSG00000282278,0.0
ENSG00000265681,0.0
ENSG00000277972,0.0
ENSG00000109971,0.0
ENSG00000151229,0.0
ENSG00000137265,0.0
ENSG00000125458,0.0
ENSG00000260899,0.0
ENSG00000258609,0.0
ENSG00000101400,0.0
ENSG00000139988,0.0
ENSG00000174136,0.0
ENSG00000143643,0.0
ENSG00000259929,0.0
ENSG00000168314,0.0
ENSG00000183148,0.0
ENSG00000203867,0.0
ENSG00000142686,0.0
ENSG00000101246,0.0
ENSG00000111262,0.0
ENSG00000138135,0.0
ENSG00000132855,0.0
ENSG00000137055,0.0
ENSG00000171365,0.0
ENSG00000268400,0.0
ENSG00000115827,0.0
ENSG00000210077,0.0
ENSG00000062282,0.0
ENSG00000206432,0.0
ENSG00000168060,0.0
ENSG00000128510,0.0
ENSG00000102996,0.0
ENSG00000144681,0.0
ENSG00000174444,0.0
ENSG00000263740,0.0
ENSG00000233547,0.0
ENSG00000188375,0.0
ENSG00000139579,0.0
ENSG00000155026,0.0
ENSG00000078399,0.0
ENSG00000175311,0.0
ENSG00000051341,0.0
ENSG00000148513,0.0
ENSG00000095585,0.0
ENSG00000180447,0.0
ENSG00000149177,0.0
ENSG00000160191,0.0
ENSG00000147324,0.0
ENSG00000247765,0.0
ENSG00000143816,0.0
ENSG00000259974,0.0
ENSG00000135870,0.0
ENSG00000279933,0.0
ENSG00000260269,0.0
ENSG00000196684,0.0
ENSG00000113749,0.0
ENSG00000136522,0.0
ENSG00000228340,0.0
ENSG00000136205,0.0
ENSG00000168928,0.0
ENSG00000153406,0.0
ENSG00000071082,0.0
ENSG00000103274,0.0
ENSG00000116396,0.0
ENSG00000133710,0.0
ENSG00000144029,0.0
ENSG00000271793,0.0
ENSG00000125798,0.0
ENSG00000183735,0.0
ENSG00000239216,0.0
ENSG00000174667,0.0
ENSG00000242611,0.0
ENSG00000245293,0.0
ENSG00000179454,0.0
ENSG00000183421,0.0
ENSG00000131471,0.0
ENSG00000263513,0.0
ENSG00000277726,0.0
ENSG00000237525,0.0
ENSG00000171517,0.0
ENSG00000198156,0.0
ENSG00000002726,0.0
ENSG00000212807,0.0
ENSG00000188828,0.0
ENSG00000179750,0.0
ENSG00000182983,0.0
ENSG00000185803,0.0
ENSG00000141622,0.0
ENSG00000233424,0.0
ENSG00000185624,0.0
ENSG00000151640,0.0
ENSG00000062524,0.0
ENSG00000153208,0.0
ENSG00000162078,0.0
ENSG00000273141,0.0
ENSG00000185504,0.0
ENSG00000148200,0.0
ENSG00000127527,0.0
ENSG00000156097,0.0
ENSG00000102683,0.0
ENSG00000237222,0.0
ENSG00000242732,0.0
ENSG00000147457,0.0
ENSG00000279458,0.0
ENSG00000265260,0.0
ENSG00000128805,0.0
ENSG00000178773,0.0
ENSG00000134262,0.0
ENSG00000269918,0.0
ENSG00000223387,0.0
ENSG00000064655,0.0
ENSG00000131043,0.0
ENSG00000266086,0.0
ENSG00000006118,0.0
ENSG00000100425,0.0
ENSG00000102678,0.0
ENSG00000281106,0.0
ENSG00000197301,0.0
ENSG00000144048,0.0
ENSG00000277117,0.0
ENSG00000274933,0.0
ENSG00000121895,0.0
ENSG00000119688,0.0
ENSG00000183347,0.0
ENSG00000140287,0.0
ENSG00000262298,0.0
ENSG00000101004,0.0
ENSG00000163867,0.0
ENSG00000139220,0.0
ENSG00000261600,0.0
ENSG00000188596,0.0
ENSG00000163482,0.0
ENSG00000120729,0.0
ENSG00000134138,0.0
ENSG00000134323,0.0
ENSG00000128271,0.0
ENSG00000168813,0.0
ENSG00000172137,0.0
ENSG00000185860,0.0
ENSG00000130684,0.0
ENSG00000261069,0.0
ENSG00000138035,0.0
ENSG00000137965,0.0
ENSG00000163072,0.0
ENSG00000267364,0.0
ENSG00000169241,0.0
ENSG00000260596,0.0
ENSG00000135144,0.0
ENSG00000285095,0.0
ENSG00000258170,0.0
ENSG00000229647,0.0
ENSG00000145002,0.0
ENSG00000105352,0.0
ENSG00000066032,0.0
ENSG00000198382,0.0
ENSG00000236366,0.0
ENSG00000167600,0.0
ENSG00000174010,0.0
ENSG00000142089,0.0
ENSG00000180537,0.0
ENSG00000160678,0.0
ENSG00000105697,0.0
ENSG00000084453,0.0
ENSG00000170365,0.0
ENSG00000176624,0.0
ENSG00000110675,0.0
ENSG00000100580,0.0
ENSG00000187689,0.0
ENSG00000126217,0.0
ENSG00000177432,0.0
ENSG00000164099,0.0
ENSG00000108947,0.0
ENSG00000279068,0.0
ENSG00000261257,0.0
ENSG00000227313,0.0
ENSG00000119121,0.0
ENSG00000142405,0.0
ENSG00000223485,0.0
ENSG00000183474,0.0
ENSG00000181817,0.0
ENSG00000183798,0.0
ENSG00000133639,0.0
ENSG00000169507,0.0
ENSG00000186081,0.0
ENSG00000117479,0.0
ENSG00000142937,0.0
ENSG00000185352,0.0
ENSG00000263424,0.0
ENSG00000038427,0.0
ENSG00000250658,0.0
ENSG00000130643,0.0
ENSG00000145390,0.0
ENSG00000249158,0.0
ENSG00000237693,0.0
ENSG00000152904,0.0
ENSG00000224272,0.0
ENSG00000170500,0.0
ENSG00000004468,0.0
ENSG00000166897,0.0
ENSG00000120952,0.0
ENSG00000177646,0.0
ENSG00000281039,0.0
ENSG00000135333,0.0
ENSG00000280109,0.0
ENSG00000105552,0.0
ENSG00000264229,0.0
ENSG00000080644,0.0
ENSG00000108821,0.0
ENSG00000205221,0.0
ENSG00000167460,0.0
ENSG00000112759,0.0
ENSG00000164692,0.0
ENSG00000112715,0.0
ENSG00000280614,0.0
ENSG00000149273,0.0
ENSG00000229807,0.0
ENSG00000181163,0.0
ENSG00000041982,0.0
ENSG00000116690,0.0
ENSG00000113140,0.0
ENSG00000138615,0.0
ENSG00000184009,0.0
ENSG00000064886,0.0
ENSG00000095777,0.0
ENSG00000279120,0.0
ENSG00000166171,0.0
ENSG00000177614,0.0
ENSG00000160767,0.0
ENSG00000141469,0.0
ENSG00000187257,0.0
ENSG00000101276,0.0
ENSG00000253424,0.0
ENSG00000255021,0.0
ENSG00000121270,0.0
ENSG00000284486,0.0
ENSG00000146872,0.0
ENSG00000078043,0.0
ENSG00000225226,0.0
ENSG00000148408,0.0
